incoming_id,internal_id,timestamp,pose_valid,fx,fy,cx,cy,t00,t01,t02,t03,t10,t11,t12,t13,t20,t21,t22,t23
8,8,0.8,1,320,320,319.999969482,239.999938965,0.992257828274,-0.101370392127,-0.0717526712371,0.169151705694,0.0954887715023,0.992118135472,-0.0811387686864,0.000965783572562,0.0794121952014,0.0736590039771,0.994116720706,-0.0181208327935
9,9,0.9,1,320,320,319.999969482,239.999938965,0.99013198686,-0.114744027359,-0.0804515803593,0.189949081737,0.107244554051,0.989961882595,-0.0920547480281,0.00124262093716,0.0902067304766,0.0825183567066,0.992498597774,-0.0203440351213
10,10,1,1,320,320,319.999969482,239.999938965,0.987802066155,-0.127920732271,-0.08878831204,0.210617024936,0.118644763095,0.987591077233,-0.102894530269,0.00150145611459,0.100848888392,0.0911051613482,0.990721631583,-0.022613028723
11,11,1.1,1,319.999969482,320,319.999938965,239.999847412,0.985314935538,-0.141112966984,-0.0961332843223,0.231211285892,0.129997898845,0.985000909409,-0.113462569861,0.00161583726115,0.110702412357,0.0992992397378,0.988880496767,-0.0254134722229
12,12,1.2,1,319.999969482,320,319.999938965,239.999847412,0.98267293716,-0.153716035541,-0.103562922858,0.251715337101,0.140620821096,0.982304374506,-0.123708934604,0.00183064066646,0.120746359148,0.107002318873,0.986899600014,-0.0277509742565
13,13,1.3,1,319.999969482,320,319.999938965,239.999847412,0.979907459314,-0.165973308854,-0.110608462283,0.272340460529,0.150776495152,0.979451124109,-0.133947541941,0.00245475843398,0.130567299468,0.114579039228,0.984796336345,-0.0297955009302
14,14,1.4,1,319.999938965,320.000030518,319.999969482,239.999938965,0.977196429145,-0.177673930051,-0.116271722469,0.292156180801,0.160520488192,0.976584982743,-0.143230389065,0.00242077723784,0.138997524208,0.121300231085,0.982835663884,-0.0322239926657
15,15,1.5,1,319.999938965,320.000030518,319.999969482,239.999938965,0.9744300036,-0.188808143119,-0.121809905901,0.311211449758,0.169635189826,0.97368093222,-0.152214797582,0.00272515298359,0.147343376018,0.127659419246,0.980812419488,-0.0342494791791
16,16,1.6,1,319.999938965,320.000030518,319.999969482,239.999938965,0.971737189982,-0.199116022595,-0.126805532813,0.329078672838,0.177943437327,0.97081382706,-0.160800019591,0.00333252560183,0.155122424936,0.133691146805,0.978807289791,-0.0360481206513
17,17,1.7,1,319.999908447,320.000061035,320.000061035,240.000061035,0.969214721251,-0.208814640519,-0.130457924313,0.34543483974,0.185928001331,0.968061912564,-0.168187133171,0.00307072029584,0.161411283472,0.138753664269,0.977084345499,-0.038432834926
18,18,1.8,1,319.999908447,320.000061035,320.000061035,240.000061035,0.966850624111,-0.217512654411,-0.133746460991,0.360713965272,0.193023697341,0.965493914162,-0.174823779791,0.00316387847443,0.167157778524,0.143212244193,0.975473490256,-0.0400154991645
19,19,1.9,1,319.999908447,320.000061035,320.000061035,240.000061035,0.964743240036,-0.225200468571,-0.136217582417,0.37474220392,0.199252496482,0.96308233268,-0.181027244153,0.00361819115542,0.171956167234,0.147503116698,0.973998925623,-0.0414895396746
20,20,2,1,319.999908447,320.000061035,320.000061035,240.000061035,0.962908581153,-0.23187390199,-0.137991151591,0.387691842515,0.204714641114,0.960944641042,-0.186218453882,0.00406561286857,0.175781057157,0.151062538137,0.972769823502,-0.0427153893178
21,21,2.1,1,319.999847412,320.000061035,320.000091553,240.000167847,0.961609334928,-0.23718884916,-0.138017885845,0.399082348372,0.209300645956,0.959186818843,-0.190141752807,0.004078238444,0.177484440392,0.153954851798,0.972006778282,-0.0444056271092
22,22,2.2,1,319.999847412,320.000061035,320.000091553,240.000167847,0.960572864138,-0.241471622415,-0.137808665367,0.409234240233,0.213087856917,0.957788128357,-0.192964935709,0.00415450974767,0.178587059768,0.155991527804,0.97147995622,-0.0455201730893
23,23,2.3,1,319.999847412,320.000061035,320.000091553,240.000167847,0.959870085944,-0.244838168145,-0.136761432901,0.41819302182,0.216244008805,0.956674275356,-0.194968868101,0.00435367719698,0.178571965228,0.15757094368,0.971227805894,-0.0462936987724
24,24,2.4,1,319.999847412,320.000061035,320.000091553,240.000167847,0.959484502306,-0.247250188648,-0.13511785244,0.425975847138,0.218667849578,0.955848294865,-0.196312018898,0.00470068385532,0.177690352567,0.158812409516,0.971187292538,-0.0469877460538
25,25,2.5,1,319.999847412,320.000061035,320.000091553,240.000167847,0.959439929361,-0.248755740825,-0.132648420099,0.432383222649,0.220499348252,0.955347219995,-0.196702126752,0.00489825451263,0.17565608264,0.159474984418,0.971448747993,-0.0474614482634
26,26,2.6,1,319.999847412,320.000061035,320.000091553,240.000167847,0.959651562707,-0.24951532083,-0.129657174369,0.437628813796,0.221763730161,0.955076144045,-0.196597067783,0.00525083189341,0.172886454586,0.159911424691,0.971873762417,-0.0478609666447
27,27,2.7,1,319.999847412,320.00012207,320.000183105,240.000183105,0.960262399796,-0.249319490147,-0.125442876921,0.441036702043,0.22252353273,0.955210238323,-0.19508120869,0.00472061327646,0.168461867847,0.159415157484,0.972731929488,-0.0484435205648
28,28,2.8,1,319.999847412,320.00012207,320.000183105,240.000183105,0.960965344627,-0.248671567576,-0.121276782223,0.443722478473,0.222821211839,0.955455562995,-0.193533910974,0.00477046460828,0.164000957258,0.158956341873,0.973568984406,-0.0486922830162
29,29,2.9,1,319.999847412,320.00012207,320.000183105,240.000183105,0.961831776656,-0.247527128259,-0.116661708334,0.445169662252,0.222770250056,0.955880414065,-0.191483810536,0.0048930836081,0.158912079798,0.158186455751,0.974537837188,-0.0485537537169
30,30,3,1,319.999847412,320.00012207,320.000183105,240.000183105,0.962898806157,-0.24573111335,-0.111544202147,0.445235910763,0.222198019831,0.956498291889,-0.189047765384,0.00502762186409,0.153146756688,0.157248966754,0.975612030149,-0.0483158507174
31,31,3.1,1,319.999847412,320.00012207,320.000183105,240.000183105,0.964041031058,-0.243610297713,-0.106202228249,0.44801209682,0.221380979272,0.957246320264,-0.186198669055,0.00524973470066,0.147021605397,0.155992003606,0.976755415832,-0.0482827734116
32,32,3.2,1,319.999847412,320.00012207,320.000183105,240.000183105,0.965283325149,-0.241126070651,-0.100430673806,0.453194993803,0.220289299575,0.958106779377,-0.183041044042,0.00555697656437,0.140359277149,0.154562664843,0.977961991058,-0.0485377413991
33,33,3.3,1,319.999847412,320.00012207,320.000183105,240.000183105,0.966650580769,-0.238217122181,-0.0940173249959,0.460492964949,0.218917932433,0.959119528805,-0.179345109564,0.00563257433036,0.132896928327,0.152781975917,0.979283449404,-0.0491718612101
34,34,3.4,1,319.999847412,320.00012207,320.000183105,240.000183105,0.967949092324,-0.235307416297,-0.0877779841733,0.470771488486,0.217457762029,0.960106122215,-0.175807724002,0.00624521608035,0.1256450413,0.151084922877,0.980503273669,-0.0497425592486
35,35,3.5,1,319.999847412,320.00012207,320.000183105,240.000183105,0.969345275299,-0.231922166299,-0.0811285771737,0.483145923042,0.215540420409,0.961165067927,-0.172348598391,0.00708251793665,0.117949414687,0.149578811923,0.981689418604,-0.050640220502
36,36,3.6,1,319.999786377,320.000061035,320.000366211,240.000183105,0.970708135921,-0.228576517512,-0.0740168257818,0.49805946943,0.213776746183,0.962303691445,-0.168140144587,0.00702295798264,0.109659553383,0.147391930147,0.982980366681,-0.0526547477729
37,37,3.7,1,319.999786377,320.000061035,320.000366211,240.000183105,0.971994261307,-0.22524607898,-0.0670176088049,0.515455209206,0.211952005333,0.963421459304,-0.163998290197,0.00733473654596,0.1015061743,0.145200880356,0.984181487797,-0.054362175875
38,38,3.8,1,319.999786377,320.000061035,320.000366211,240.000183105,0.973140234027,-0.222215615128,-0.0601523508448,0.535634721206,0.210281472035,0.964356255477,-0.160619784091,0.00855556892199,0.0937005199422,0.143656649397,0.985181698798,-0.05600215461
39,39,3.9,1,320.00012207,320.000030518,320.000305176,239.999984741,0.97420311275,-0.219305508264,-0.0532295890689,0.558246624735,0.208726453396,0.965300069484,-0.156936431418,0.0093292514216,0.0857995498841,0.141777536649,0.98617319338,-0.0580667966549
40,40,4,1,320.00012207,320.000030518,320.000305176,239.999984741,0.975189420712,-0.216471683136,-0.0463206663531,0.583179357985,0.207175442247,0.966173632075,-0.153580105527,0.0103515043459,0.0779995503901,0.140173189605,0.987049921258,-0.0603072877456
41,41,4.1,1,320.00012207,320.000030518,320.000305176,239.999984741,0.976047904135,-0.213932202035,-0.0395411401783,0.610718694245,0.205841326219,0.96694670765,-0.150477283949,0.0114852091118,0.0704261120236,0.138733836883,0.9878223956,-0.0628990689416
42,42,4.2,1,320.000366211,320,320.000061035,239.999908447,0.97674549371,-0.211822513382,-0.0331581564757,0.640966462417,0.204821226617,0.967586765233,-0.147729878066,0.0128750937453,0.0633759074391,0.137502998406,0.988471759731,-0.0655379136057
43,43,4.3,1,320.000366211,320,320.000061035,239.999908447,0.977381925573,-0.20979162705,-0.0266841672562,0.673524475246,0.203840895704,0.968149760291,-0.145378577814,0.0146888664273,0.0563334785105,0.136651069767,0.989016190126,-0.0684045588794
44,44,4.4,1,320.000305176,320.000091553,320.000152588,240,0.977905642395,-0.208033452663,-0.0205581406205,0.708791111759,0.203052872422,0.968642709309,-0.143181118533,0.0164870575158,0.0496999554736,0.135843234193,0.98948296102,-0.0715209595511
45,45,4.5,1,320.000305176,320.000091553,320.000152588,240,0.978391101951,-0.206260805246,-0.0143990222448,0.746380553154,0.202241839349,0.969158047697,-0.140822288721,0.0182458769364,0.0430010469558,0.134867189498,0.98993017489,-0.0749177269113
46,46,4.6,1,320.000366211,320.000061035,320.000152588,239.999938965,0.978784504082,-0.204716558852,-0.00848676037474,0.786587524168,0.201599539372,0.969623909224,-0.138517509315,0.0200193259153,0.0365857936189,0.133867864679,0.990323621101,-0.0787271292053
47,47,4.7,1,320.000366211,320.000061035,320.000152588,239.999938965,0.97913980565,-0.203172404072,-0.0024930334617,0.829137742391,0.200943255233,0.970069829514,-0.136331705933,0.0221134947207,0.0301172569908,0.132986841792,0.990660108585,-0.0826067838691
48,48,4.8,1,320.000396729,319.999938965,320.000030518,239.999847412,0.97942497065,-0.201778578757,0.00348310526808,0.871550443041,0.200416529825,0.970500093705,-0.134025306161,0.0239333584954,0.0236630818055,0.131965803424,0.99097178834,-0.0868285284402
49,49,4.9,1,320.000396729,319.999938965,320.000030518,239.999847412,0.979716035658,-0.200165817592,0.0094939423861,0.913555616479,0.199656585258,0.970978108331,-0.131676729551,0.0259331387722,0.0171387700099,0.130901331582,0.991247246631,-0.0907805251856
50,50,5,1,320.000457764,319.999969482,320.000183105,239.999633789,0.979958455631,-0.198599532907,0.0154806578347,0.955285993417,0.198915325328,0.971421397334,-0.129511243338,0.0280943545874,0.0106826301676,0.129994978097,0.991457102996,-0.0951045711003
51,51,5.1,1,320.000457764,319.999969482,320.000183105,239.999633789,0.980160106393,-0.19705744539,0.0213196869551,0.997131610027,0.198160670779,0.971908836992,-0.126986460432,0.0300794024515,0.00430283533823,0.128691786035,0.991675304631,-0.0992753342309
52,52,5.2,1,320.000457764,319.999816895,320.000274658,239.999435425,0.980392312786,-0.195099238303,0.027698379787,1.03777500935,0.19703789357,0.972456444523,-0.124517195615,0.0320752082774,-0.00264225790654,0.1275333318,0.991830765682,-0.103846499162
53,53,5.3,1,320.000457764,319.999816895,320.000274658,239.999435425,0.980539769976,-0.193458368413,0.0334008860086,1.07929534247,0.196115044,0.973015500406,-0.121571894314,0.0340663797954,-0.0089804794949,0.125756493515,0.992020491385,-0.108151054018
54,54,5.4,1,320.000396729,319.999664307,320.000427246,239.999420166,0.980681677682,-0.191578092565,0.0395130549142,1.11982133942,0.194967303772,0.973674621354,-0.11809099115,0.0355698667856,-0.0158492119485,0.123513425101,0.992216325355,-0.112585205689
55,55,5.5,1,320.000396729,319.999664307,320.000427246,239.999420166,0.980852005438,-0.189467093609,0.045072872863,1.16096671565,0.193489908778,0.974357823041,-0.11484114193,0.0377696014798,-0.0221584888927,0.121363310427,0.992360795403,-0.116690674674
56,56,5.6,1,320.000244141,319.999786377,320.000427246,239.999481201,0.981003202283,-0.187164705708,0.0510106856285,1.20134508217,0.191814507306,0.975142348887,-0.110926075361,0.0394327685962,-0.0289812335518,0.118603424677,0.99251867275,-0.121350033642
57,57,5.7,1,320.000244141,319.999786377,320.000427246,239.999481201,0.98116904116,-0.184619200155,0.0567720318685,1.24197411055,0.189831397106,0.975970244593,-0.106986552152,0.0416213739121,-0.0356560421431,0.115749006918,0.992638309787,-0.125720591159
58,58,5.8,1,320.000274658,319.999969482,320.000396729,239.999313354,0.981328003061,-0.181929813263,0.062425102761,1.28237210693,0.187606632981,0.976926904039,-0.102066524514,0.0432214961325,-0.0424158186295,0.111872102023,0.992816967582,-0.130110055275
59,59,5.9,1,320.000274658,319.999969482,320.000396729,239.999313354,0.981521179142,-0.178789296323,0.0681950321964,1.32272659971,0.184893550466,0.977933665634,-0.0972631513752,0.0453904576199,-0.0493006074213,0.108074664652,0.992919592398,-0.134422602162
60,60,6,1,320.000335693,320.000091553,320.000427246,239.999252319,0.98173544635,-0.175247809772,0.0740521340047,1.36273147451,0.181698965631,0.979052991932,-0.091873417689,0.0475246009598,-0.05640034813,0.103650586874,0.993013371799,-0.138628097618
61,61,6.1,1,320.000335693,320.000091553,320.000427246,239.999252319,0.981960375284,-0.171354764701,0.0799460192055,1.40272081072,0.178059683953,0.98025317487,-0.0860143133909,0.0495605453769,-0.0636283767124,0.0986978103701,0.993081150715,-0.143173409554
62,62,6.2,1,320.000427246,319.999938965,320.000274658,239.999221802,0.982195865525,-0.167104575037,0.0858332263607,1.44228597558,0.173971463493,0.981501445149,-0.0799302387152,0.0518926647244,-0.0708887271417,0.0934396820028,0.993098088907,-0.147297989208
63,63,6.3,1,320.000427246,319.999938965,320.000274658,239.999221802,0.982401127562,-0.162604280465,0.0919123089611,1.48190592906,0.169517552474,0.982806845725,-0.0731744723125,0.0539099279236,-0.0784335640347,0.087467433766,0.993074833063,-0.15179963475
64,64,6.4,1,320.000488281,319.999908447,320.000335693,239.999206543,0.982541786636,-0.158168484521,0.0979508449083,1.52115172053,0.165011170258,0.984069396948,-0.0661720158393,0.0560762455171,-0.0859241014165,0.0811797542141,0.99298887018,-0.156040884262
65,65,6.5,1,320.000488281,319.999908447,320.000335693,239.999206543,0.982643376733,-0.153388233198,0.104326622103,1.56027898234,0.160067103106,0.985345195174,-0.0589352937683,0.0582009473793,-0.0937577552342,0.0746116362541,0.992795339971,-0.160690207776
66,66,6.6,1,320.000518799,319.999847412,320.000335693,239.999191284,0.982698229819,-0.148533254194,0.11064384985,1.5994338177,0.154922333277,0.986581732918,-0.0515320766526,0.0604388049808,-0.101504974081,0.0677816838869,0.992523240819,-0.16522560863
67,67,6.7,1,320.000518799,319.999847412,320.000335693,239.999191284,0.982659341122,-0.143748212805,0.117119898486,1.63836864414,0.149698394551,0.987767561033,-0.0436535913787,0.0623605663572,-0.109412110732,0.0604292701151,0.992157897383,-0.169998134017
68,68,6.8,1,320.000457764,319.99987793,320.000274658,239.999206543,0.982499023245,-0.13900611328,0.123987780821,1.67668061162,0.144450411068,0.988856445656,-0.0360140059742,0.0647428475928,-0.117599949254,0.0532938115998,0.991629982191,-0.174849958102
69,69,6.9,1,320.000488281,319.999908447,320.000244141,239.999160767,0.982223737413,-0.134397995163,0.131048496969,1.71522572992,0.139186032501,0.989869010569,-0.0280462166958,0.0668256381136,-0.125951490736,0.0457877801415,0.990979162834,-0.180062747175
70,70,7,1,320.000061035,320.000030518,320.000274658,239.999755859,0.981870034532,-0.129705534794,0.138230638901,1.75333979351,0.133682080178,0.990825600229,-0.0198426653952,0.0685819726003,-0.134388752232,0.0379618779094,0.990201272014,-0.185028639839
71,71,7.1,1,320.000152588,320.000030518,320.000335693,239.999664307,0.98139909352,-0.125300861257,0.145449349968,1.79310942996,0.128421083282,0.991644351615,-0.0122272351485,0.0709505322424,-0.142701943247,0.0306785605765,0.989290140108,-0.19046080109
72,72,7.2,1,320.000213623,320.000091553,320.000305176,239.99961853,0.98079127374,-0.121275331918,0.152776867435,1.83459954709,0.123395473041,0.992347654747,-0.00443726842267,0.073150508794,-0.151069634898,0.0232040079751,0.988250747243,-0.19643432732
73,73,7.3,1,320.000183105,320.000061035,320.000305176,239.999694824,0.980067619552,-0.117536505433,0.160164387417,1.87542190984,0.11852097516,0.992945637032,0.00342641880399,0.0750904902574,-0.159437258986,0.0156247172619,0.987084408071,-0.202308471323
74,74,7.4,1,320.000213623,320.000061035,320.000305176,239.999725342,0.979204912951,-0.11402548743,0.167797278494,1.91547565893,0.11387719136,0.993438943764,0.0105380406516,0.0774164078985,-0.167897956335,0.00878938161384,0.985765196702,-0.208125525742
75,75,7.5,1,320.000183105,320.000030518,320.000244141,239.999710083,0.978172115085,-0.111038796942,0.175640823398,1.95485714743,0.109724542676,0.993813076196,0.01720739132,0.079819838853,-0.176464835037,0.00244031866006,0.984303919956,-0.214353291821
76,76,7.6,1,320.000152588,320,320.000244141,239.999755859,0.976970959426,-0.108855615195,0.183516210396,1.9936588733,0.106230183774,0.994049292554,0.0241070949736,0.0818717572676,-0.18504835177,-0.00405697094952,0.982721043071,-0.220631203091
77,77,7.7,1,320.00012207,319.999786377,320.000305176,239.99987793,0.975624423872,-0.107156545182,0.191505765888,2.03217722163,0.103080387788,0.994185101525,0.0311515257773,0.083387476811,-0.193730269182,-0.0106517007779,0.98099700513,-0.22726958011
78,78,7.8,1,320.000152588,319.999542236,320.000305176,239.999984741,0.974158579601,-0.106284586991,0.19929537967,2.07037434594,0.100743266803,0.994195201737,0.0377716168045,0.0849399730407,-0.202153050889,-0.0167178769687,0.979211242075,-0.233960658769
79,79,7.9,1,320.000183105,319.999450684,320.000274658,240,0.972647043819,-0.106162253234,0.206609061125,2.10854920878,0.0992529572109,0.994108582606,0.0435542933976,0.0869365985387,-0.210015662834,-0.0218563944155,0.977453691684,-0.240517040361
80,80,8,1,320.000213623,319.999420166,320.000335693,240.000045776,0.970980530297,-0.106866831296,0.213953943998,2.14611238214,0.098486421376,0.993907311819,0.0494841420703,0.088275763682,-0.217938602795,-0.0269765802251,0.975589580475,-0.247502769888
81,81,8.1,1,320.000183105,319.999389648,320.000335693,240.000091553,0.969062673341,-0.107968488627,0.221946706669,2.1825667633,0.0979350284514,0.993629547364,0.05575888097,0.0888505350488,-0.226553007792,-0.032297493223,0.973463202485,-0.254689489435
82,82,8.2,1,320.000183105,319.999420166,320.000396729,240.00012207,0.966866727424,-0.110092385346,0.230322378612,2.218028236,0.0984905867679,0.99324737571,0.0613127634619,0.0896498492235,-0.235517166505,-0.0365966847425,0.971180903307,-0.261761718673
83,83,8.3,1,320.000213623,319.999359131,320.000427246,240.000167847,0.964702635935,-0.112576029793,0.238066086909,2.25342130947,0.0995212953009,0.992830695417,0.0662021300186,0.090514454261,-0.243812091583,-0.0401727239971,0.968990101211,-0.26891633412
84,84,8.4,1,320.000213623,319.999389648,320.000427246,240.000106812,0.962279767871,-0.115541830491,0.246308208863,2.2879860123,0.100739378016,0.992310159696,0.0719174852321,0.0905487647267,-0.252723615959,-0.044391805234,0.966519602266,-0.276298056289
85,85,8.5,1,320.000244141,319.999328613,320.000396729,240.000137329,0.95964135972,-0.118953207212,0.254830522521,2.32176774968,0.102578242198,0.991766525903,0.076660696089,0.0909572572277,-0.261851417682,-0.0474267075732,0.963942188343,-0.283575666047
86,86,8.6,1,320.000244141,319.999389648,320.000396729,240.000106812,0.957148402177,-0.122198540149,0.262553714494,2.35583045166,0.10424805231,0.991222955788,0.0812981888379,0.0914296627796,-0.270183788927,-0.0504437181835,0.96148642814,-0.291024599774
87,87,8.7,1,320.000244141,319.999389648,320.000396729,240.000152588,0.954521959053,-0.125059110957,0.270643766697,2.38934047389,0.105642971835,0.990746047294,0.0852163850097,0.0919278778209,-0.278796327428,-0.0527492989405,0.958900474123,-0.298572317666
88,88,8.8,1,320.000213623,319.999389648,320.000427246,240.000152588,0.951394078404,-0.128977226155,0.279667986568,2.4211493884,0.107862943835,0.990112290663,0.0896840968325,0.0922226803043,-0.288469916846,-0.0551591063259,0.955898833593,-0.306317692469
89,89,8.9,1,320.000213623,319.999389648,320.000457764,240.000152588,0.948476418876,-0.133148202641,0.287513545714,2.4532686547,0.110590531217,0.989467760357,0.0933985311397,0.0932850096978,-0.2969212307,-0.056790028591,0.953211768398,-0.31382764119
90,90,9,1,320.000152588,319.999450684,320.000488281,240.000137329,0.945604888983,-0.136946536892,0.295088190149,2.48459179925,0.113152062066,0.98889597751,0.0963397971438,0.0950550091827,-0.305004925833,-0.057709545976,0.950600654071,-0.320980558527
91,91,9.1,1,320.000183105,319.999481201,320.000488281,240.00012207,0.941762346942,-0.140269865432,0.305627300375,2.51167253956,0.114230974181,0.988248208632,0.101571465843,0.0940486217823,-0.31628304795,-0.0607440777967,0.946718115699,-0.32876047798
92,92,9.2,1,320.000183105,319.999511719,320.000457764,240.000106812,0.930761918896,-0.156039530891,0.330656793568,2.53617177669,0.130575735514,0.98658106982,0.098019232639,0.0925104849567,-0.341514608221,-0.048056815037,0.938647066208,-0.337694205446
93,93,9.3,1,320.000213623,319.999511719,320.000488281,240.000106812,0.923897272982,-0.167067942103,0.344241385799,2.57242836859,0.150383116989,0.985792594204,0.0748189771137,0.107541937777,-0.351850461276,-0.0173569563296,0.935895287394,-0.341627883488
94,94,9.4,1,320.000213623,319.999511719,320.000457764,240.000106812,0.904607164847,-0.161194426104,0.394591224306,2.60279142109,0.15740084766,0.986632510236,0.042205010378,0.137665137498,-0.396119742581,0.0239300384047,0.917886977138,-0.323021358155
95,95,9.5,1,320.000213623,319.999542236,320.000427246,240.000106812,0.885235867479,-0.147494296399,0.441138177286,2.62469129578,0.154072172483,0.987834194024,0.0211038096984,0.157598627264,-0.438884067375,0.0492852680541,0.897191026347,-0.310731635863
96,96,9.6,1,320.000213623,319.999603271,320.000488281,240.000076294,0.862105925257,-0.132079331244,0.489212043898,2.64176665491,0.150604470816,0.988592955608,0.00150382599651,0.174738795167,-0.483830204728,0.0723810636858,0.872163582485,-0.299372116222
97,97,9.7,1,320.000183105,319.999633789,320.000518799,240.000015259,0.835935371527,-0.116436846971,0.536334331641,2.6531667914,0.14652513722,0.989112883315,-0.0136414157295,0.187247738719,-0.528906833755,0.0899898034653,0.843895370576,-0.291200231558
98,98,9.8,1,320.000183105,319.999633789,320.000518799,240.000015259,0.808817878966,-0.108091602487,0.578039656198,2.66068047314,0.147801367278,0.988774294786,-0.021912320777,0.192960417143,-0.569182215548,0.103158128341,0.815714414523,-0.291491315129
99,99,9.9,1,320.000244141,319.999603271,320.000427246,240.000061035,0.780255419413,-0.100122150197,0.617395364023,2.66592803674,0.149063331551,0.98842853138,-0.0280920191687,0.197601590065,-0.607438559579,0.113949960044,0.786151259582,-0.293137091943
100,100,10,1,320.000244141,319.999603271,320.000427246,240.000061035,0.751462713774,-0.0814759729031,0.654725481135,2.66799272156,0.131128767726,0.990992645384,-0.0271813000101,0.199484577841,-0.646613513687,0.10627907901,0.755377866556,-0.293289569582
101,101,10.1,1,320.000244141,319.999603271,320.000427246,240.000061035,0.723462223814,-0.0615424384883,0.687615400481,2.66435752906,0.101812705062,0.994638929374,-0.0180989850996,0.194609771012,-0.682815190078,0.0831019159741,0.725849493876,-0.299297617682
102,102,10.2,1,320.000366211,319.999603271,320.000579834,240.000030518,0.688574301559,-0.050963588061,0.723372755863,2.66210824765,0.0933493764508,0.995457296622,-0.0187260385236,0.194705558258,-0.719132341887,0.0804206645987,0.690203731921,-0.306921665245
103,103,10.3,1,320.000366211,319.999603271,320.000579834,240.000030518,0.656863651051,-0.0310874765127,0.753368245105,2.65732829803,0.0595385634777,0.998168413667,-0.010722752281,0.188987711877,-0.751655042814,0.0518978492959,0.657511452259,-0.314560453194
104,104,10.4,1,320.000366211,319.999603271,320.000579834,240.000030518,0.627149200006,-0.00454106275329,0.778885909284,2.64164167083,0.00162812085944,0.999988462992,0.00451919289661,0.173073421538,-0.77889744521,-0.00156608781375,0.62714935798,-0.32559577675
105,105,10.5,1,320.000305176,319.999603271,320.000549316,239.999954224,0.585426707,0.00590250807016,0.810703849213,2.63448105245,-0.0156660081065,0.999869147013,0.00403299408464,0.170310637161,-0.810573961413,-0.0150615155201,0.585442570906,-0.335726572995
106,106,10.6,1,320.000305176,319.999603271,320.000549316,239.999954224,0.549899768029,0.0255517742693,0.834839716325,2.62134073677,-0.0648065540655,0.997823910756,0.0121471673196,0.15655127841,-0.83271264892,-0.0607828097032,0.550359059499,-0.347896620644
107,107,10.7,1,320.000305176,319.999633789,320.000488281,239.999938965,0.506331361956,0.0398490355045,0.861417788456,2.60959998038,-0.100244166811,0.994879244966,0.0128994168718,0.148056740431,-0.856492649659,-0.0928834877928,0.507733196448,-0.359191798244
108,108,10.8,1,320.000305176,319.999633789,320.000488281,239.999938965,0.464327343454,0.0535247101975,0.884044808547,2.59420880399,-0.14107590458,0.989897457409,0.0141637905057,0.135329057073,-0.874355595435,-0.131294056274,0.467187503599,-0.373268914195
109,109,10.9,1,320.000274658,319.999633789,320.000488281,239.999938965,0.416678661975,0.0651180649932,0.906718550746,2.57743215124,-0.178828394134,0.983812776036,0.0115250666165,0.122993273876,-0.891290804455,-0.166949271698,0.421578750144,-0.387691979923
110,110,11,1,320.000274658,319.999633789,320.000488281,239.999938965,0.370468847867,0.0751198978728,0.925802264905,2.56014980219,-0.217362598413,0.976059906972,0.00778195425436,0.109358315852,-0.903053892949,-0.204117757544,0.377928045379,-0.403360604399
111,111,11.1,1,320.000244141,319.999633789,320.000488281,240,0.323760178616,0.0817091375174,0.942604351565,2.54339068491,-0.254906747452,0.96695843255,0.00373360736216,0.0952405692541,-0.911154156466,-0.241485002778,0.333890845319,-0.419864774188
112,112,11.2,1,320.000244141,319.999633789,320.000488281,240,0.259017286893,0.0839677653441,0.962215911048,2.522954297,-0.300363071633,0.953821972835,-0.00238103701219,0.083004800684,-0.917982608926,-0.288397396869,0.272277195499,-0.42354848144
113,113,11.3,1,320.000213623,319.999664307,320.000549316,240,0.204791798003,0.0814035211718,0.975414673978,2.5010239997,-0.344186017349,0.938881716867,-0.00609156755078,0.064868140488,-0.91629487881,-0.334476588828,0.220293228659,-0.436590231914
114,114,11.4,1,320.000213623,319.999664307,320.000549316,240,0.14694703556,0.0751142747344,0.986288200513,2.46853100761,-0.387073057125,0.921963698295,-0.0125454164744,0.0420595902816,-0.910264256789,-0.379922077218,0.164554544313,-0.452091111786
115,115,11.5,1,320.000183105,319.999633789,320.000427246,240.000030518,0.090823395831,0.0685818836743,0.993502710616,2.43366512412,-0.43155516698,0.901798372208,-0.0227998626122,0.0163326951681,-0.897502784743,-0.426680467228,0.11150125678,-0.46965891093
116,116,11.6,1,320.000183105,319.999633789,320.000427246,240.000030518,0.0162396853856,0.0557624013833,0.998311988915,2.44390226089,-0.461462530556,0.886165356885,-0.0419915842689,0.0271131281792,-0.887011051516,-0.460001646571,0.0401233054476,-0.455030145936
117,117,11.7,1,320.000152588,319.999633789,320.000457764,240.000045776,-0.0502759850895,0.0405962805005,0.997909949511,2.4278926387,-0.487178394212,0.871239732108,-0.0599878438535,0.0214603987152,-0.871854080415,-0.489176114714,-0.0240248050356,-0.458176560697
118,118,11.8,1,320.000152588,319.999633789,320.000457764,240.000045776,-0.111647680263,0.0220195628206,0.993503867303,2.4365338309,-0.49733056916,0.864309290721,-0.0750450194992,0.0307620879846,-0.860347081398,-0.502478446131,-0.0855471256288,-0.455585688906
119,119,11.9,1,320.000244141,319.999542236,320.000457764,239.999954224,-0.170609430628,0.00187405213934,0.985336952575,2.4337812294,-0.507582351324,0.856940421103,-0.0895168772014,0.0320841786907,-0.844542822363,-0.515412070685,-0.145250881535,-0.452085741467
120,120,12,1,320.000244141,319.999542236,320.000457764,239.999954224,-0.238693918492,-0.0215764238023,0.970855123698,2.42743808741,-0.514679438934,0.850599665149,-0.107634960803,0.0342224355557,-0.823486665595,-0.525370980912,-0.214137908839,-0.443312985061
121,121,12.1,1,320.000274658,319.999572754,320.000488281,239.999954224,-0.306698846254,-0.0473696967372,0.950627124343,2.42259474797,-0.517310652517,0.846662373725,-0.124709717789,0.0341518070204,-0.798952756112,-0.530017864557,-0.284175221917,-0.441645795437
122,122,12.2,1,320.000274658,319.999572754,320.000488281,239.999954224,-0.376985260428,-0.0730438275315,0.923334561619,2.42072651598,-0.521346327675,0.840701558736,-0.146351958507,0.0352277839659,-0.765558697972,-0.536549614107,-0.355013227305,-0.437915864994
123,123,12.3,1,320.000244141,319.999572754,320.000488281,239.999954224,-0.452927812403,-0.102641109998,0.885619105084,2.41815258602,-0.523703908028,0.834538254256,-0.171114344516,0.036503699157,-0.721519655635,-0.541304632089,-0.431739136297,-0.431923884574
124,124,12.4,1,320.000244141,319.999572754,320.000488281,239.999954224,-0.530798942156,-0.131294744932,0.837265891434,2.41552526364,-0.504153279584,0.843032715541,-0.18741747841,0.0383229047557,-0.681235608062,-0.521591344331,-0.513673549861,-0.424987927383
125,125,12.5,1,320.000213623,319.999603271,320.000488281,240.000030518,-0.608073002104,-0.149735061117,0.779632372073,2.41238776085,-0.481996803508,0.849966064474,-0.21268937597,0.0404750100278,-0.630814002318,-0.505110978612,-0.589013237343,-0.421828231903
126,126,12.6,1,320.000183105,319.999603271,320.000457764,240,-0.681743972438,-0.165509692869,0.712623110494,2.40825431867,-0.454167361568,0.85939449214,-0.234889579519,0.0426321844598,-0.573547873966,-0.483784712911,-0.661056115487,-0.416512785861
127,127,12.7,1,320.000213623,319.999603271,320.000457764,240.000030518,-0.751154236709,-0.184259309725,0.633889437878,2.40187410261,-0.430014393152,0.865148097887,-0.258082138871,0.0453526465471,-0.500854204691,-0.466441073987,-0.729093814363,-0.409689373942
128,128,12.8,1,320.000213623,319.999633789,320.000579834,240.000076294,-0.810833741551,-0.201924911241,0.549340489844,2.39720359788,-0.409476288747,0.866352621978,-0.285941083697,0.0490006669822,-0.418183945789,-0.456792583797,-0.785151401242,-0.403703381841
129,129,12.9,1,320.000183105,319.999664307,320.000610352,240.000213623,-0.860292398833,-0.209131614372,0.464931130793,2.39186684393,-0.381071291387,0.869604657856,-0.313962433925,0.0554748294282,-0.338646806261,-0.447271401842,-0.827808331502,-0.398858886961
130,130,13,1,320.000061035,319.999664307,320.000549316,240.000244141,-0.902830284962,-0.208598140005,0.376011027154,2.38479651635,-0.343725712987,0.875511098799,-0.339607052506,0.0646023344989,-0.258360428059,-0.435852190389,-0.862138479217,-0.392054502376
131,131,13.1,1,320.000152588,319.999633789,320.000610352,240.000213623,-0.935766359965,-0.202125222014,0.288940675889,2.37435338504,-0.302336372577,0.881611170713,-0.362428560533,0.0762544875801,-0.181477374275,-0.426505730676,-0.886091882553,-0.383474991068
132,132,13.2,1,320.000183105,319.999633789,320.000610352,240.000137329,-0.957308859044,-0.195206496639,0.21319984068,2.36164418229,-0.265074979812,0.887007441421,-0.37809133016,0.0874047777718,-0.115303961223,-0.418464123354,-0.900884439865,-0.373770774303
133,133,13.3,1,320.00012207,319.999633789,320.000640869,240.00012207,-0.972583028533,-0.183290231574,0.143132608513,2.34530801502,-0.225535724325,0.893490878024,-0.38833965538,0.100653406675,-0.0567088146897,-0.409974074664,-0.910332559255,-0.361882437076
134,134,13.4,1,320.000213623,319.999633789,320.000732422,240.000137329,-0.983415483813,-0.166400975421,0.0721436177026,2.33018836734,-0.181361615461,0.899176224408,-0.398233702613,0.117869358166,0.00139665077929,-0.404713272378,-0.914442571476,-0.348533171457
135,135,13.5,1,320.000274658,319.999633789,320.000762939,240.00012207,-0.989552429076,-0.144161871203,-0.00182893419979,2.31396137813,-0.13126567917,0.906132158645,-0.402111716494,0.138962409753,0.0596264335768,-0.397670549527,-0.915588784585,-0.329816916411
136,136,13.6,1,320.000213623,319.999633789,320.000762939,240.000167847,-0.988882150835,-0.127037324457,-0.07728913219,2.29771413365,-0.0858176122919,0.912023488096,-0.401059215806,0.159141537657,0.121438993656,-0.389967531157,-0.912785788377,-0.306533181464
137,137,13.7,1,320.000213623,319.999633789,320.000762939,240.000183105,-0.982289321602,-0.104022096391,-0.155843165165,2.28501302171,-0.0342294655206,0.917365284126,-0.396571909205,0.185913849378,0.184217350856,-0.384213923411,-0.904678743367,-0.277102728903
138,138,13.8,1,320.000213623,319.999633789,320.000701904,240.000152588,-0.969786269445,-0.0862687677534,-0.22819353914,2.270765305,0.00892097972518,0.92222138604,-0.386559350231,0.214151763273,0.243792960759,-0.376915660116,-0.893588035643,-0.239804512879
139,139,13.9,1,320.000274658,319.999603271,320.000640869,240.000167847,-0.951287342182,-0.0728966962451,-0.299563790002,2.25976376458,0.0466491095817,0.92642553379,-0.373576753715,0.245630237091,0.304756055197,-0.369353221209,-0.877896317798,-0.190638571293
140,140,14,1,320.000274658,319.999603271,320.000610352,240.000167847,-0.92765422664,-0.0699801891808,-0.366824765956,2.26267171378,0.0720256174778,0.930313935374,-0.359622429884,0.260825762809,0.366428637286,-0.36002604735,-0.857969287915,-0.156801469149
141,141,14.1,1,320.000305176,319.999603271,320.000610352,240.000152588,-0.90020712418,-0.0686337052485,-0.430019241522,2.27014607292,0.094118945339,0.933494014594,-0.346021023703,0.275129379203,0.425169093072,-0.351963548141,-0.833878230365,-0.128728537223
142,142,14.2,1,320.000305176,319.999603271,320.000610352,240.000152588,-0.869058656795,-0.0733172772898,-0.489245978932,2.29869113725,0.108133150152,0.936890866759,-0.332479661967,0.278682422712,0.48274659283,-0.341848037342,-0.806285090075,-0.101599249938
143,143,14.3,1,320.000305176,319.999603271,320.000579834,240.000152588,-0.836202947562,-0.0758721589686,-0.543146431436,2.31267728268,0.121608673419,0.940075610086,-0.318542270149,0.286178797673,0.534767202657,-0.332417302221,-0.776867283483,-0.0770776550205
144,144,14.4,1,320.000305176,319.999603271,320.000579834,240.000152588,-0.807838277524,-0.084115516878,-0.583371148744,2.33723861616,0.125903248781,0.94229221689,-0.310215650694,0.282750155567,0.575800042822,-0.32405239979,-0.750629304569,-0.054843415392
145,145,14.5,1,320.000305176,319.999572754,320.000610352,240.000183105,-0.775509245661,-0.0927834990583,-0.624481090344,2.33599095273,0.130537951124,0.944201944357,-0.302394661971,0.285871957669,0.617693494551,-0.316028338246,-0.720125569755,-0.0439068566432
146,146,14.6,1,320.000305176,319.999572754,320.000610352,240.000183105,-0.747312032171,-0.108337545141,-0.655581957413,2.36092726701,0.128399499207,0.944479217125,-0.302444337065,0.29401558841,0.651949610918,-0.310196687171,-0.691910196552,-0.0204805964415
147,147,14.7,1,320.000274658,319.999603271,320.000549316,240.00012207,-0.707740254766,-0.119000765585,-0.696378165636,2.3702939755,0.129659241395,0.947088596301,-0.293618241732,0.299195336566,0.694472614943,-0.298097313888,-0.65486317544,-0.00861064856432
148,148,14.8,1,320.000274658,319.999603271,320.000549316,240.00012207,-0.673412424429,-0.126798782575,-0.72831159222,2.3953559765,0.131072944508,0.949093227262,-0.286429623439,0.310381558259,0.727554527058,-0.28834721206,-0.622511281388,0.0308165997642
149,149,14.9,1,320.000274658,319.999603271,320.000549316,240.000137329,-0.633665797431,-0.129555997313,-0.762681388737,2.40801987746,0.13425747589,0.952500124853,-0.273346743759,0.313789652401,0.761867827995,-0.275606160519,-0.586172889982,0.0508658578375
150,150,15,1,320.000274658,319.999603271,320.000549316,240.000137329,-0.594558355977,-0.133595802851,-0.792876108102,2.42395737537,0.136584416343,0.954987389434,-0.263332077867,0.322417648678,0.79236674498,-0.26486080775,-0.549548627482,0.071321081631
151,151,15.1,1,320.000274658,319.999603271,320.000549316,240.000137329,-0.551679747312,-0.132336430236,-0.82349045267,2.44213387291,0.138899906696,0.958967331572,-0.247160823955,0.32629713861,0.822408823108,-0.250736367945,-0.51066133735,0.0933944990685
152,152,15.2,1,320.000274658,319.999603271,320.000549316,240.000137329,-0.514446643511,-0.130200576187,-0.847580356627,2.4583367117,0.138187168927,0.962900808903,-0.231789427191,0.33168220634,0.846314927981,-0.23636802274,-0.477369040159,0.113992845142
153,153,15.3,1,320.000274658,319.999603271,320.000610352,240.00012207,-0.476374528468,-0.120803415927,-0.870904037956,2.48111170737,0.14299444327,0.966684524907,-0.212305483912,0.337082859535,0.867536683848,-0.225671362839,-0.443229667524,0.137579900293
154,154,15.4,1,320.000274658,319.999603271,320.000610352,240.00012207,-0.442680955138,-0.11179858623,-0.889682329866,2.50080066047,0.142835438477,0.970735749518,-0.193054764568,0.342094856951,0.885229693059,-0.212539833265,-0.413757428698,0.158384299444
155,155,15.5,1,320.000274658,319.999572754,320.000579834,240.000106812,-0.406600172559,-0.0997914690365,-0.908139836359,2.5256168408,0.144257229738,0.974534463136,-0.171675367565,0.346068152244,0.902145305006,-0.200808971084,-0.381850240001,0.179184855324
156,156,15.6,1,320.000274658,319.999572754,320.000579834,240.000106812,-0.375225583764,-0.0858115998078,-0.922952940635,2.55471981121,0.145575747385,0.977893994799,-0.150103420046,0.348917188789,0.91543075274,-0.190682207546,-0.354438757282,0.207955276813
157,157,15.7,1,320.000274658,319.999603271,320.000640869,240.000106812,-0.340246336631,-0.0726774564041,-0.937523555832,2.58725549304,0.146526329322,0.980732507711,-0.129204423816,0.353978140708,0.928850076829,-0.181333217168,-0.323041482052,0.23300454186
158,158,15.8,1,320.000274658,319.999603271,320.000640869,240.000106812,-0.307864212396,-0.0559087322135,-0.949786207727,2.62080248446,0.148672566106,0.983181879286,-0.106065358768,0.355999295962,0.939742568373,-0.173860880894,-0.294374420223,0.259857396107
159,159,15.9,1,320.000335693,319.999603271,320.000640869,240.000106812,-0.275615043383,-0.0411166678266,-0.96038834202,2.65496202668,0.148384258423,0.985290184654,-0.0847665256813,0.358860126434,0.949746523928,-0.165869441582,-0.265459730724,0.285719802868
160,160,16,1,320.000335693,319.999603271,320.000640869,240.000106812,-0.242816132851,-0.0233017613188,-0.969792428072,2.69152613323,0.148976769513,0.986956485458,-0.0610148994786,0.359870818078,0.958564681058,-0.15929194497,-0.236177535966,0.309663209099
161,161,16.1,1,320.000305176,319.999603271,320.000671387,240.000167847,-0.208508182749,-0.00467417222338,-0.978009452838,2.7294298494,0.14707254961,0.988467467572,-0.0360795052949,0.358281976552,0.96689916893,-0.151361215855,-0.205416112944,0.333421862713
162,162,16.2,1,320.000305176,319.999603271,320.000671387,240.000167847,-0.175143960171,0.0153744576759,-0.984422784817,2.76701686391,0.145345978112,0.989326141878,-0.0104082488374,0.35564641911,0.973755174498,-0.144904834455,-0.175509113978,0.354930564099
163,163,16.3,1,320.000335693,319.999633789,320.000579834,240.000244141,-0.14174586175,0.0340526523516,-0.989317202693,2.80714278318,0.141461835582,0.989847479689,0.0138027543445,0.352444561229,0.979743160094,-0.137994144157,-0.145123934718,0.379710596883
164,164,16.4,1,320.000335693,319.999633789,320.000579834,240.000244141,-0.107836809149,0.0545249940022,-0.992672276042,2.84834420535,0.137446294445,0.989724023944,0.039431872524,0.346845918107,0.984621622115,-0.132186918629,-0.114222939061,0.398901948594
165,165,16.5,1,320.000396729,319.999633789,320.000518799,240.000198364,-0.0764900208346,0.0766088024282,-0.994122913982,2.88429161143,0.132084889152,0.989035122904,0.0660538244099,0.339079786539,0.988282782796,-0.126256156491,-0.0857701823339,0.419257491466
166,166,16.6,1,320.000396729,319.999633789,320.000518799,240.000198364,-0.0456954745241,0.097508347122,-0.99418511649,2.92260167756,0.12678123357,0.987743155407,0.0910493149965,0.331619719294,0.990877612232,-0.121883473812,-0.0574976207258,0.439573815961
167,167,16.7,1,320.000427246,319.999633789,320.000518799,240.000228882,-0.0170017190307,0.11578991676,-0.993128207598,2.95677962696,0.118222886026,0.9865368263,0.112997520208,0.325111107869,0.992841523492,-0.115489330806,-0.0304618400663,0.458728680651
168,168,16.8,1,320.000427246,319.999633789,320.000518799,240.000228882,0.0120051306299,0.13583402217,-0.990658869268,2.99384818188,0.111934318786,0.984320668942,0.136321417872,0.316961328702,0.993643087389,-0.11252528211,-0.00338759052709,0.476917926699
169,169,16.9,1,320.000457764,319.999664307,320.000427246,240.000244141,0.0395905388968,0.154092015105,-0.987263004529,3.02664275662,0.103623931189,0.982077055084,0.157438047381,0.308442925692,0.993828290056,-0.108537130785,0.0229133394789,0.493849503768
170,170,17,1,320.000457764,319.999664307,320.000427246,240.000244141,0.0661868952629,0.172320523082,-0.98281480057,3.06200257463,0.0969628689087,0.979202177252,0.178216997276,0.299885289328,0.993084838747,-0.107092172402,0.0481016596571,0.51021620354
171,171,17.1,1,320.000457764,319.999664307,320.000427246,240.000244141,0.0909713721921,0.188800732298,-0.977792663567,3.09767459367,0.0903862620119,0.976245986097,0.196911397001,0.292251528567,0.991743178994,-0.106292323868,0.0717454444948,0.525890046387
172,172,17.2,1,320.000488281,319.999664307,320.000457764,240.000274658,0.112824429638,0.204553156167,-0.972331555787,3.12284225052,0.0820055814015,0.973324318554,0.214277519888,0.283639587262,0.990225091934,-0.103912353513,0.0930402605948,0.540892355138
173,173,17.3,1,320.000488281,319.999664307,320.000457764,240.000274658,0.133875893702,0.218555991383,-0.966597394842,3.15451359455,0.0756984949868,0.970272580582,0.2298713928,0.274939096187,0.988102718821,-0.103944206195,0.113351749242,0.555543956583
174,174,17.4,1,320.000488281,319.999664307,320.000457764,240.000274658,0.153480731662,0.230586054033,-0.960871342425,3.18399357789,0.0703683106516,0.967373437666,0.243386386133,0.267293058554,0.98564292006,-0.10497001374,0.132247231921,0.568364486109
175,175,17.5,1,320.000579834,319.999664307,320.000518799,240.000350952,0.169963850145,0.240001881221,-0.95577789609,3.2070373091,0.0650277848383,0.965044054547,0.253892418126,0.260701697469,0.983302434067,-0.105304652287,0.148415812377,0.582051106058
176,176,17.6,1,320.000579834,319.999664307,320.000518799,240.000350952,0.185035298192,0.247917538267,-0.950946282732,3.23347137461,0.0609443471192,0.962898500103,0.262892116757,0.253299447615,0.980840315738,-0.106599121563,0.163061038586,0.593719213755
177,177,17.7,1,320.000579834,319.999664307,320.000518799,240.000350952,0.197693348253,0.253648010149,-0.946879098409,3.25741730278,0.0573784608001,0.961292622085,0.269488788193,0.245663148592,0.978583186189,-0.107606606085,0.175487224704,0.604819999335
178,178,17.8,1,320.000579834,319.999664307,320.000518799,240.000350952,0.208185846963,0.256433122136,-0.943875366241,3.27879253558,0.0547328142819,0.960453187666,0.273009145162,0.240138465882,0.976556691731,-0.10849759524,0.185917453893,0.6133579364
179,179,17.9,1,320.000579834,319.999664307,320.000518799,240.000350952,0.219134466796,0.258383530705,-0.940860264079,3.30790208075,0.0503310508521,0.960020462146,0.275367931287,0.228030441921,0.974395643864,-0.107697090591,0.197368857462,0.629181464258
180,180,18,1,320.000701904,319.999664307,320.000671387,240.000534058,0.231244081902,0.258258302749,-0.937991910225,3.3402739045,0.0448825513812,0.960265402824,0.275455827169,0.214789496025,0.971859933924,-0.105796999964,0.210464399915,0.64650472995
181,181,18.1,1,320.000701904,319.999664307,320.000671387,240.000534058,0.246807173897,0.254529515982,-0.9350406111,3.3891451896,0.040018614077,0.96138973111,0.272265119772,0.201611700364,0.968237950837,-0.104616014124,0.227091964078,0.665854590608
182,182,18.2,1,320.000701904,319.999664307,320.000671387,240.000534058,0.264067831739,0.249913103319,-0.931564072424,3.44726627418,0.033184377491,0.962921737826,0.267732186919,0.182671287346,0.963933077206,-0.101612831923,0.245983444681,0.68878351056
183,183,18.3,1,320.000701904,319.999664307,320.000671387,240.000534058,0.283817458675,0.243446862604,-0.927459581458,3.51319183668,0.0247055465557,0.965056189629,0.260875807289,0.162089098395,0.958560006531,-0.0969545045228,0.267885307422,0.712003406637
184,184,18.4,1,320.000701904,319.999664307,320.000823975,240.000579834,0.305533319857,0.235666914352,-0.922556500133,3.5876393391,0.0129917796406,0.967765381978,0.251518148664,0.137299963326,0.952092749746,-0.0888328257214,0.292622837378,0.736838981307
185,185,18.5,1,320.000701904,319.999664307,320.000823975,240.000579834,0.329304860815,0.227027020279,-0.916524435412,3.67360346899,0.000588988180429,0.970614979595,0.240637101211,0.107621528743,0.944223470232,-0.0797827891807,0.319494514529,0.764026026929
186,186,18.6,1,320.000701904,319.999664307,320.000823975,240.000579834,0.355990691601,0.218867122052,-0.908497556617,3.75340026663,-0.0156929092151,0.9734489996,0.228365447866,0.0754990815569,0.934357725978,-0.0670390040453,0.349973444482,0.787095521814
187,187,18.7,1,320.000579834,319.999542236,320.000701904,240.000289917,0.384039432729,0.211109903482,-0.898858344102,3.84105410131,-0.0372971416021,0.976262735893,0.213354150965,0.0364584633838,0.922563080411,-0.0484115601668,0.382797183251,0.810231989924
188,188,18.8,1,320.000579834,319.999542236,320.000701904,240.000289917,0.411009883555,0.204137698466,-0.888481105981,3.91339029549,-0.0672902265571,0.978740994745,0.193747491894,0.000132524189487,0.909144048559,-0.0198460391694,0.416008694259,0.825278624221
189,189,18.9,1,320.000518799,319.999481201,320.000610352,240.000183105,0.444324315896,0.20003452657,-0.873248012012,4.00124034929,-0.101112544055,0.979722076036,0.172976608714,-0.0473557428573,0.890141649255,0.0114386147527,0.455540341084,0.827120202294
190,190,19,1,320.000518799,319.999481201,320.000610352,240.000183105,0.484626451085,0.200203223176,-0.851502127031,4.12431514077,-0.13681502988,0.978823311939,0.152271374866,-0.135449869693,0.86395535215,0.042703552949,0.501754477865,0.776128896445
191,191,19.1,1,320.000518799,319.999450684,320.000488281,240.000167847,0.524710308864,0.204632649526,-0.826319895997,4.23099009622,-0.177871502515,0.975607321812,0.128654895823,-0.222760695957,0.8324907329,0.0794722113345,0.548309535993,0.708289523159
192,192,19.2,1,320.000518799,319.999450684,320.000488281,240.000167847,0.559470525771,0.210014976218,-0.801801995856,4.47253236276,-0.221118833217,0.970125527216,0.0998144430452,-0.382912319889,0.798811111835,0.121450282864,0.589194905274,0.525867858382
193,193,19.3,1,320.000549316,319.999450684,320.000396729,240.00012207,0.593184692491,0.205862606212,-0.778301039417,4.56434249019,-0.239145861503,0.968173577059,0.0738185722654,-0.424201133659,0.768726985034,0.142339425491,0.6235369359,0.492135488342
194,194,19.4,1,320.000549316,319.999450684,320.000396729,240.00012207,0.622771838879,0.210717007296,-0.753494246518,4.79603382642,-0.270766289172,0.961587158585,0.0451193206243,-0.571681957575,0.734057799732,0.175921798767,0.655904465125,0.270192485056
195,195,19.5,1,320.000518799,319.999481201,320.000335693,240.000091553,0.652228030613,0.209187786932,-0.728587033841,4.90943018065,-0.284794355884,0.958375428943,0.0202166281844,-0.632524953952,0.702488982789,0.194311623422,0.684654819645,0.165787282454
196,196,19.6,1,320.000518799,319.999481201,320.000335693,240.000091553,0.680637992158,0.209711329462,-0.701963732629,5.04698246269,-0.295395228524,0.955374613541,-0.00100337790065,-0.718359491785,0.670427910066,0.208039674335,0.71221198481,-0.00134951865157
197,197,19.7,1,320.000518799,319.999511719,320.000244141,240.000061035,0.706549331031,0.209742457022,-0.675866957724,5.19231548224,-0.303200874263,0.952688212888,-0.0213166336457,-0.806475705785,0.639419480988,0.219984705709,0.736715315836,-0.186804000025
198,198,19.8,1,320.000518799,319.999511719,320.000244141,240.000061035,0.728834510145,0.211310396051,-0.651266591607,5.36024728343,-0.30918862647,0.950253412061,-0.0376941126426,-0.916496779039,0.610903142964,0.228836993048,0.757912251207,-0.400822880406
199,199,19.9,1,320.000488281,319.999481201,320.000366211,240.000045776,0.748991918347,0.21266998209,-0.627520983688,5.53566347023,-0.313049692778,0.948297569247,-0.0522648066228,-1.01893897519,0.583961467995,0.23559116893,0.77684348811,-0.617616882067
200,200,20,1,320.000488281,319.999481201,320.000366211,240.000045776,0.769373583692,0.213730605815,-0.601982987181,5.68673161826,-0.312502153268,0.947833907624,-0.0628751760245,-1.1228747461,0.557141537601,0.236495479228,0.79602964479,-0.866210473666
201,201,20.1,1,320.000457764,319.999481201,320.000366211,240.000076294,0.785333812648,0.218782766194,-0.579124256035,5.81031107154,-0.318619834188,0.944902530756,-0.0751039854619,-1.22595823284,0.530784517458,0.24350217368,0.811772435748,-1.12143832683
202,202,20.2,1,320.000457764,319.999481201,320.000366211,240.000076294,0.800865973202,0.223767497254,-0.555465390587,5.87582908684,-0.319883587254,0.943994900905,-0.08092044038,-1.31153160404,0.506249131922,0.242490688973,0.827592944744,-1.35768849626
203,203,20.3,1,320.000457764,319.999511719,320.000335693,240.00012207,0.814666114663,0.231003207567,-0.531936687693,5.95124028313,-0.324269739483,0.941901329179,-0.0875843715863,-1.39224834828,0.480799602408,0.243842990845,0.842242446176,-1.60585729887
204,204,20.4,1,320.000457764,319.999511719,320.000335693,240.00012207,0.824107144488,0.238026199321,-0.513995080561,6.04887040321,-0.327887886029,0.940398290132,-0.0902252188252,-1.49594016954,0.461884128976,0.242888007841,0.853034856877,-1.82567027156
205,205,20.5,1,320.000488281,319.999481201,320.000335693,240.000091553,0.831537046853,0.24463094633,-0.498700150199,6.11526263006,-0.332194472895,0.938564865261,-0.0935030795012,-1.5515956602,0.445188692454,0.243416708128,0.861716504609,-1.99081061974
206,206,20.6,1,320.000488281,319.999481201,320.000335693,240.000091553,0.836241114132,0.249780588933,-0.488170519827,6.16261972186,-0.334424192122,0.937820692211,-0.0930204761531,-1.59984359018,0.434581705505,0.241043578326,0.867776892172,-2.09698725969
207,207,20.7,1,320.000488281,319.999481201,320.000335693,240.000091553,0.838738986626,0.25429053991,-0.481511405499,6.17624538514,-0.336667151941,0.937166517358,-0.0915103685216,-1.62093012828,0.427986145941,0.238862387276,0.871649366906,-2.14608054827
208,208,20.8,1,320.000488281,319.999481201,320.000335693,240.000091553,0.841134594658,0.258682604217,-0.47494831713,6.18743534178,-0.338235441443,0.936867531271,-0.0887469154455,-1.63533880885,0.422006374147,0.235292454458,0.875527315996,-2.1781101047
209,209,20.9,1,320.000488281,319.999481201,320.000335693,240.000091553,0.842952698631,0.263654963987,-0.468952884452,6.19699641331,-0.340504136947,0.936335045372,-0.0856365315118,-1.64547671251,0.416518523709,0.231867942528,0.879061759284,-2.19998377887
210,210,21,1,320.000518799,319.999542236,320.00012207,240.000244141,0.843456667065,0.267822323479,-0.465673763305,6.20118165257,-0.343626812882,0.93529867914,-0.0844807331089,-1.63923088993,0.412918229499,0.231273828707,0.880914838053,-2.19076685718
211,211,21.1,1,320.000518799,319.999542236,320.00012207,240.000244141,0.844630355523,0.272683959014,-0.460698405713,6.20132971579,-0.345620467656,0.934934965838,-0.0802689354002,-1.63851136545,0.408834997116,0.227024377875,0.883919610023,-2.18609930672
212,212,21.2,1,320.000518799,319.999542236,320.00012207,240.000244141,0.846684606129,0.278332614954,-0.453493255956,6.21033925638,-0.347744435803,0.934530142759,-0.0756783961459,-1.64741930742,0.402739351334,0.221775489466,0.88804090399,-2.20578019872
213,213,21.3,1,320.000518799,319.999542236,320.00012207,240.000244141,0.849475673934,0.284485420376,-0.444363730504,6.22532831853,-0.349955396267,0.934072038905,-0.070997512344,-1.66398578291,0.394869978623,0.215818145041,0.893028682772,-2.24653696721
214,214,21.4,1,320.000518799,319.999542236,320.00012207,240.000244141,0.852780452311,0.291373372287,-0.433436336823,6.25223693987,-0.352554680429,0.93345070309,-0.0661436482873,-1.69595614416,0.385318955495,0.209216019519,0.898753558943,-2.31551123788
215,215,21.5,1,320.000518799,319.999542236,320.00012207,240.000244141,0.856505440496,0.298589031002,-0.42100240019,6.28743595846,-0.355366298604,0.932703877937,-0.0614676329316,-1.73798456758,0.374317010322,0.202257426679,0.904974424576,-2.40778913143
216,216,21.6,1,320.000518799,319.999542236,320.00012207,240.000244141,0.860771217603,0.306205345878,-0.406584796939,6.3301935816,-0.358370650613,0.931843025998,-0.0569126671125,-1.79637583824,0.361446244587,0.194696843976,0.911838665127,-2.53759817263
217,217,21.7,1,320.000488281,319.999572754,319.999816895,240.000427246,0.864731985529,0.312965646786,-0.392799054397,6.38620455621,-0.359683969865,0.931763408875,-0.0494407898811,-1.86341111589,0.350522517145,0.184036555644,0.918294348867,-2.67313886467
218,218,21.8,1,320.000488281,319.999572754,319.999816895,240.000427246,0.868792785622,0.32176133885,-0.37638907592,6.45996231423,-0.363700109762,0.930472729304,-0.0440764129683,-1.96936614397,0.336037685103,0.175186017828,0.925412628695,-2.87066984109
219,219,21.9,1,320.000488281,319.999572754,319.999816895,240.000427246,0.872593327802,0.33158950516,-0.358649249747,6.54809850354,-0.368591997932,0.928812226409,-0.0380497980819,-2.10375935153,0.32050089444,0.165397243451,0.932696589745,-3.12900326129
220,220,22,1,320.000579834,319.999694824,319.999816895,240.000335693,0.876345495697,0.339060492865,-0.342135286619,6.65211487399,-0.371874055547,0.927690554933,-0.0331650584081,-2.23002088533,0.306150712856,0.156295286131,0.939065239774,-3.37844726296
221,221,22.1,1,320.000579834,319.999694824,319.999816895,240.000335693,0.879699676826,0.349251386055,-0.322725809211,6.77020486413,-0.377535730683,0.925588416047,-0.0274382240235,-2.42732932306,0.289128432794,0.145977920997,0.946094707696,-3.73341604684
222,222,22.2,1,320.000671387,319.999786377,320.00012207,240.000335693,0.88249809395,0.358431081363,-0.304506607625,6.91927862044,-0.382610554736,0.923656533642,-0.0216280203884,-2.64743229376,0.273507362935,0.135594128833,0.952264645278,-4.11235310298
223,223,22.3,1,320.000671387,319.999786377,320.00012207,240.000335693,0.884442490215,0.370886593923,-0.283204194796,7.07529164113,-0.390834454819,0.920333933349,-0.0152931374227,-2.94098175569,0.254970410889,0.124211857621,0.958937695577,-4.59629306113
224,224,22.4,1,320.000793457,319.999755859,320.000152588,240.000289917,0.885697942484,0.383103895936,-0.262241414729,7.26475322957,-0.39848971793,0.91715309539,-0.00601201476628,-3.30699204686,0.238212298979,0.109825336494,0.964983572958,-5.13041972791
225,225,22.5,1,320.000793457,319.999755859,320.000152588,240.000289917,0.886213719426,0.39893490993,-0.23553382165,7.43218825944,-0.409798386071,0.912170890286,0.00309025691852,-3.77184167511,0.216079907152,0.0937827518996,0.971861239669,-5.8237307174
226,226,22.6,1,320.000671387,319.999755859,320.000213623,240.000411987,0.886428574419,0.410310307393,-0.214219126364,7.55260103432,-0.41853385249,0.908169288352,0.00761301611174,-4.16940732011,0.197670930523,0.0829095612153,0.976755961275,-6.39375859657
227,227,22.7,1,320.000671387,319.999755859,320.000213623,240.000411987,0.884995754078,0.425384929206,-0.189288608396,7.6946118907,-0.430605871731,0.902419595637,0.0147464111302,-4.69494987532,0.177090650502,0.068458274989,0.981810758797,-7.10562269483
228,228,22.8,1,320.000701904,319.999755859,320.000244141,240.000396729,0.881210784487,0.443498798964,-0.16363486371,7.81019662101,-0.446369806316,0.894605805436,0.020843437543,-5.28904378484,0.155632738564,0.0546742004722,0.98630075661,-7.88511683058
229,229,22.9,1,320.000671387,319.999755859,320.000061035,240.000320435,0.876744016766,0.461809328594,-0.134358003438,7.89759907782,-0.462129524207,0.886281188638,0.0306913264977,-6.01733173869,0.133252511874,0.0351823633288,0.990457454609,-8.74669081933
230,230,23,1,320.000610352,319.999786377,320.000061035,240.000320435,0.869628221533,0.482929813464,-0.102594110847,7.96249249507,-0.481136545834,0.875579821316,0.0432157467497,-6.94044723648,0.11069950576,0.0117801431277,0.993784105152,-9.771489195
231,231,23.1,1,320.000579834,319.999755859,320.000061035,240.000305176,0.860261797757,0.505257048297,-0.0683004719352,8.01193969718,-0.501962276162,0.862791194603,0.0602098648527,-8.1048965316,0.0893505043668,-0.0175119862254,0.995846282168,-10.9355823767
232,232,23.2,1,320.000579834,319.999694824,320.00012207,240.000274658,0.848317484685,0.52878614825,-0.0272516898007,7.94386032248,-0.525258099079,0.846917922504,0.0826677802675,-9.60118982423,0.0667935216228,-0.0558143526396,0.996204488802,-12.2675569122
233,233,23.3,1,320.000579834,319.999664307,320.000244141,240.000244141,0.834984674815,0.549913464753,0.0198940721813,7.66804059584,-0.548355672474,0.828515536839,0.113437479178,-11.4323216985,0.0458982493144,-0.105627583993,0.993345943873,-13.6370995612
234,234,23.4,1,320.000549316,319.999633789,320.000366211,240.000259399,0.815823451364,0.574293351075,0.0679650139124,7.15040347616,-0.577759960522,0.804328914967,0.138738691667,-13.3083028232,0.0250104822654,-0.152453742029,0.987994095285,-14.8676225976
235,235,23.5,1,320.000610352,319.999694824,320.000274658,240.000228882,0.783296684512,0.603143147749,0.15054782415,5.72141687737,-0.621638672681,0.758637912511,0.195022763616,-16.6962786051,0.00341535648383,-0.246347033724,0.969175667418,-16.3814065776
236,236,23.6,1,320.000549316,319.999664307,320.000274658,240.000259399,0.750419564099,0.622555597699,0.222024785983,4.20981766888,-0.660882497321,0.711933284933,0.237455938101,-19.7078729605,-0.0102373117501,-0.32492387659,0.945684763475,-17.2131974774
237,237,23.7,1,320.000579834,319.999725342,320.000152588,240.000183105,0.706343535952,0.634070653913,0.314695432227,2.26817480062,-0.7072161234,0.651212641356,0.275258879133,-23.1362861978,-0.0304000661562,-0.41698501362,0.908404829574,-17.6337004749
238,238,23.8,1,320.000579834,319.999755859,320.000152588,240.000213623,0.662309243224,0.636597078715,0.395083061786,0.364149687022,-0.746966581065,0.602005193957,0.282189073534,-24.6875408923,-0.0582013153822,-0.482010275638,0.87423034783,-17.4380578335
239,239,23.9,1,320.000549316,319.999725342,320.000213623,240.000228882,0.615462433765,0.632429224652,0.470360785387,-1.4197503802,-0.78453570628,0.548789937038,0.288675129822,-26.5748097068,-0.0755626772681,-0.546683528938,0.83392289871,-17.0517403236
240,240,24,1,320.000549316,319.999755859,320.000152588,240.000213623,0.575569742551,0.623154293034,0.529526390781,-2.80207372151,-0.812895749643,0.506468124961,0.287559626184,-28.7413967071,-0.0889942226969,-0.5959603724,0.798067204473,-17.0159299846
241,241,24.1,1,320.000549316,319.999694824,320.000244141,240.000228882,0.524209912334,0.610353211902,0.593862715223,-4.79271174742,-0.846922799655,0.446557476585,0.28863158443,-31.5202555206,-0.0890266209344,-0.654259410958,0.751011906655,-16.5681249986
242,242,24.2,1,320.000549316,319.999694824,320.000183105,240.000198364,0.470327778841,0.594798111693,0.651925599112,-6.99113145249,-0.878458683923,0.386097185632,0.28149476707,-34.4811096368,-0.0842740831539,-0.705084512363,0.704097798132,-16.0899809571
243,243,24.3,1,320.000549316,319.999694824,320.000213623,240.000198364,0.410918696138,0.574090107405,0.708213508586,-9.83909086862,-0.909461918028,0.312191033578,0.274619333277,-37.9597218865,-0.0634416647028,-0.756939434257,0.650398222666,-14.9113590741
244,244,24.4,1,320.000549316,319.999725342,320.00012207,240.000167847,0.353834744779,0.548807341051,0.757371425257,-13.1348984256,-0.934499930836,0.241090984274,0.261887412011,-42.0218106803,-0.0388696881358,-0.800428410109,0.598166789144,-13.5076136481
245,245,24.5,1,320.000518799,319.999694824,320.000183105,240.000213623,0.281112193641,0.549988595918,0.786440384865,-8.52847414014,-0.958408107019,0.202985028855,0.200626465008,-41.3519628466,-0.0492933564204,-0.810129386222,0.584175095834,-13.5134995009
246,246,24.6,1,320.000518799,319.999633789,320.000335693,240.000274658,0.207987811234,0.552526647764,0.807127854735,-3.31155276347,-0.976729305045,0.161486629708,0.141145078174,-40.1973360829,-0.0523539401126,-0.817701884513,0.573256219345,-13.2269083375
247,247,24.7,1,320.000549316,319.999664307,320.000305176,240.000289917,0.134472168402,0.548217394508,0.825454374441,1.51147860784,-0.989219277136,0.123015056589,0.0794513536346,-38.934691845,-0.0579867025036,-0.827239375399,0.558849316115,-12.787821281
248,248,24.8,1,320.000549316,319.999694824,320.000335693,240.000320435,0.0619024265422,0.54585071577,0.835592655354,5.2816697604,-0.996586730103,0.0796165100677,0.0218197320534,-38.0306941561,-0.0546166546983,-0.834091246458,0.548916035119,-12.3878695552
249,249,24.9,1,320.000579834,319.999664307,320.000305176,240.000305176,-0.00928092886178,0.543171522702,0.83957046237,9.08198905059,-0.998847524592,0.0345031868121,-0.0333639433422,-37.0259754908,-0.0470902004137,-0.838912526444,0.542225309258,-12.0750847882
250,250,25,1,320.000579834,319.999664307,320.000244141,240.000289917,-0.0793190564456,0.540379656946,0.837674348207,12.169929482,-0.995884559716,-0.00599544671279,-0.0904322859232,-36.246359691,-0.0438455357267,-0.841399953041,0.538631309914,-11.8002227467
251,251,25.1,1,320.000610352,319.999664307,320.000244141,240.000259399,-0.146866160966,0.537967885244,0.830072819221,15.1945923946,-0.988435905095,-0.0477942351722,-0.143910293596,-35.4989774874,-0.0377464207785,-0.841609330706,0.538766129399,-11.55810798
252,252,25.2,1,320.000610352,319.999633789,320.000274658,240.000259399,-0.205491504091,0.535972737606,0.81884459227,16.5473623974,-0.978038474284,-0.0826799411739,-0.19132373127,-34.8884092424,-0.0348422812984,-0.840176917007,0.541191984016,-11.3631330191
253,253,25.3,1,320.000610352,319.999633789,320.000274658,240.000259399,-0.232454602481,0.543673516765,0.80646386463,18.1153666115,-0.971713772375,-0.0942861604936,-0.216523588822,-34.6811787462,-0.0416797596243,-0.833983948951,0.550212295873,-11.3054181999
254,254,25.4,1,320.000579834,319.999664307,320.000274658,240.000274658,-0.277651407793,0.543479108339,0.792174320809,19.7357948784,-0.95962340037,-0.118202359782,-0.255247197055,-34.1909041448,-0.0450846449829,-0.831058759018,0.554354321572,-11.1463996955
255,255,25.5,1,320.000518799,319.999725342,320.000335693,240.000305176,-0.317166217345,0.542698193292,0.777743056268,20.9576898403,-0.947117983198,-0.139131570325,-0.289153820729,-33.7368075934,-0.0487146433654,-0.82832425845,0.558127052189,-11.0289642114
256,256,25.6,1,320.000518799,319.999725342,320.000335693,240.000305176,-0.341171691836,0.548693789287,0.763241116743,21.9522779227,-0.938938329646,-0.160324688683,-0.304451650216,-33.672745546,-0.0446843351802,-0.820506623859,0.569887875282,-11.010514532
257,257,25.7,1,320.000549316,319.999694824,320.000305176,240.000244141,-0.373900028752,0.548920430119,0.747586202319,23.0321885616,-0.926768195324,-0.189795610139,-0.324157891323,-33.5507090744,-0.0360483097308,-0.814041760459,0.579686580486,-10.9292896413
258,258,25.8,1,320.000549316,319.999694824,320.000305176,240.000244141,-0.397599744201,0.550665497409,0.733949557786,23.8953500749,-0.916911675054,-0.208407821714,-0.340351524159,-33.4112171124,-0.0344590127591,-0.808290597379,0.587774520227,-10.8849690529
259,259,25.9,1,320.000549316,319.999603271,320.000274658,240.000213623,-0.456672428186,0.527361633673,0.716477494876,24.47458376,-0.889473170714,-0.255302152048,-0.379022808997,-33.1181783423,-0.016963841416,-0.810376775635,0.585663478113,-10.7587466331
260,260,26,1,320.000549316,319.999603271,320.000274658,240.000213623,-0.518616677317,0.505715573738,0.689411706085,24.887040554,-0.855000247384,-0.303573856303,-0.420496719062,-32.7988943411,-0.00336436933837,-0.807523790515,0.589825405328,-10.7818698431
261,261,26.1,1,320.000579834,319.999664307,320.000244141,240.000228882,-0.630750644581,0.395313428612,0.667743152357,24.510568706,-0.763598230885,-0.469337920264,-0.443440704482,-32.7630772761,0.138099117123,-0.789588000011,0.597895830466,-10.8400995485
262,262,26.2,1,320.000610352,319.999603271,320.000244141,240.000213623,-0.702243713415,0.284273465207,0.652719207584,24.0721156221,-0.661531325464,-0.599387722802,-0.450678003883,-32.6404056724,0.263116081606,-0.74827999755,0.608972062468,-10.8699480891
263,263,26.3,1,320.000610352,319.999572754,320.000244141,240.000244141,-0.753763536654,0.199178444304,0.626233565162,23.6323531129,-0.566051980174,-0.68086046656,-0.464773257425,-32.5209767498,0.333804862983,-0.70480988387,0.625953146048,-10.8618652206
264,264,26.4,1,320.000671387,319.999572754,320.000274658,240.000183105,-0.80423711904,0.169992371384,0.569478050525,23.3461906696,-0.502743375076,-0.705609727923,-0.49936360568,-32.2810461616,0.316941248777,-0.687908064738,0.652940073278,-10.9785568936
265,265,26.5,1,320.000671387,319.999542236,320.000244141,240.000167847,-0.848283021332,0.143737837965,0.509661995499,22.9397834814,-0.437808115583,-0.7317937497,-0.522304472343,-31.9197067527,0.297892547152,-0.666196173688,0.683697804965,-11.1716605058
266,266,26.6,1,320.000671387,319.999542236,320.000213623,240.000228882,-0.886728807265,0.119519899075,0.44657252053,22.3942124748,-0.370367963983,-0.761773035847,-0.531534959445,-31.4936838674,0.276657899982,-0.636723515807,0.719752437159,-11.4710378885
267,267,26.7,1,320.000640869,319.999633789,320.000183105,240.000244141,-0.910079303335,0.0646286481889,0.409363896154,21.5528200624,-0.288839328402,-0.807259780268,-0.514687759258,-30.986397344,0.297199434738,-0.586647070218,0.753337713775,-11.8468902234
268,268,26.8,1,320.000671387,319.999603271,320.000152588,240.000244141,-0.943822292946,0.0678473851655,0.323413375827,20.6377030953,-0.23680644981,-0.821480407932,-0.518741404471,-30.1121480182,0.230482504034,-0.566186075164,0.791398220635,-12.8659987513
269,269,26.9,1,320.000610352,319.999694824,320.000183105,240.000244141,-0.96994231434,0.077789999667,0.230565875196,19.3745840666,-0.184889991845,-0.851620388693,-0.490467536619,-29.7997180499,0.158201130744,-0.518354540362,0.840405243152,-14.4567318348
270,270,27,1,320.000610352,319.999664307,320.000213623,240.000228882,-0.982863767078,0.118307114575,0.141358558304,15.815632381,-0.168684407096,-0.886470918153,-0.430946495603,-28.7985354885,0.0743262145372,-0.447406680673,0.891236711498,-18.5873379728
271,271,27.1,1,320.000640869,319.999633789,320.000274658,240.000244141,-0.980835637103,0.173636440883,0.0883846105791,5.91490803793,-0.194232416643,-0.907105422356,-0.37340798205,-28.2453041791,0.0153369265089,-0.38341901248,0.923447150385,-28.5173444874
272,272,27.2,1,320.000610352,319.999633789,320.000183105,240.000274658,-0.979664736776,0.19648492716,0.0406285234481,-2.9034316917,-0.199106215323,-0.927026833412,-0.317770302506,-28.137374438,-0.024773343303,-0.319397751297,0.947296868953,-37.7014847608
273,273,27.3,1,320.000671387,319.999633789,320.000183105,240.000289917,-0.981447102435,0.186489752567,0.0445326544139,-3.07026900622,-0.191132450038,-0.933246204355,-0.304170854291,-29.7121183277,-0.0151648166531,-0.307039238933,0.951576026438,-37.416719373
274,274,27.4,1,320.000671387,319.999633789,320.000183105,240.000289917,-0.98105448139,0.188427002075,0.0450263193524,-1.77457959222,-0.193263657292,-0.935731225217,-0.295052932411,-31.1601194095,-0.0134634065331,-0.298164952741,0.954419403429,-37.8608466849
275,275,27.5,1,320.000671387,319.999633789,320.000183105,240.000289917,-0.978173424715,0.198112863619,0.0626741130819,-3.9479916391,-0.207776638973,-0.929115782745,-0.305896601078,-31.3107076725,-0.00237054397689,-0.312242142452,0.949999592104,-40.0869253247
276,276,27.6,1,320.000671387,319.999633789,320.000183105,240.000289917,-0.974269523477,0.206594368122,0.0900980725914,-5.78987648519,-0.224795647181,-0.919616249103,-0.322137969502,-28.6470220587,0.0163037613106,-0.334102860578,0.942395599481,-41.6882779589
277,277,27.7,1,320.000671387,319.999633789,320.000183105,240.000289917,-0.96674179765,0.226790016868,0.118222607506,-6.85114648145,-0.254006165202,-0.905353099844,-0.340318428301,-26.6788278711,0.0298523820821,-0.359029320322,0.932848745742,-42.2781585145
278,278,27.8,1,320.000671387,319.999633789,320.000183105,240.000289917,-0.961507403433,0.220234055498,0.164318209407,-4.18604476074,-0.266938852452,-0.890484967732,-0.36848361062,-24.3930636992,0.0651702554503,-0.39816263391,0.914996915165,-38.5745029605
279,279,27.9,1,320.000610352,319.999664307,320.000244141,240.000259399,-0.959108555257,0.201713029631,0.198551335702,-1.51611824648,-0.264831580117,-0.887095011678,-0.378056443443,-23.8864955622,0.0998749888843,-0.415179833245,0.904240395394,-33.7010418015
280,280,28,1,320.000610352,319.999694824,320.000274658,240.000259399,-0.957175898175,0.203988098401,0.205434066465,-1.77621765108,-0.269146702175,-0.888407261259,-0.371877117945,-24.6741365789,0.106650610229,-0.411243715883,0.905264742208,-33.0853901953
281,281,28.1,1,320.000610352,319.999694824,320.000274658,240.000259399,-0.953818377792,0.203183056239,0.22124002315,-2.81800998605,-0.274236763181,-0.889561378099,-0.365341966265,-25.0632560608,0.122575282606,-0.409142029437,0.904200254281,-32.0714232167
282,282,28.2,1,320.000610352,319.999694824,320.000274658,240.000259399,-0.949645859832,0.205811917497,0.236250281524,-3.72428902698,-0.282094278056,-0.889771239419,-0.358789575923,-24.8098203152,0.136365535206,-0.407367887933,0.903025937993,-31.4341256934
283,283,28.3,1,320.000610352,319.999664307,320.000274658,240.000183105,-0.944988279746,0.207053958393,0.253230743507,-4.51800453952,-0.288759766915,-0.891744568278,-0.348438548324,-25.1511849336,0.153671559356,-0.402393194849,0.902477018314,-30.6941894849
284,284,28.4,1,320.000610352,319.999664307,320.000274658,240.000183105,-0.941076274551,0.2123699406,0.263200406168,-4.90596582026,-0.295839901631,-0.894044883811,-0.336396341142,-25.4474150404,0.163872505565,-0.394439797765,0.904191930875,-30.1763818484
285,285,28.5,1,320.000610352,319.999664307,320.000274658,240.000183105,-0.936957279352,0.213721712296,0.276467152412,-5.74246871973,-0.300425696461,-0.896755857972,-0.324920501197,-25.7885454256,0.178480972587,-0.38749446562,0.904429423194,-29.5638611228
286,286,28.6,1,320.000610352,319.999694824,320.000213623,240.000198364,-0.932727881414,0.219316115638,0.286215199902,-6.16767407418,-0.307868047765,-0.897596575344,-0.315495884436,-26.0241602499,0.187712451369,-0.38238832272,0.90473377645,-28.915315563
287,287,28.7,1,320.000610352,319.999694824,320.000213623,240.000198364,-0.928355949273,0.223355787203,0.297098340237,-6.70095248728,-0.313198362081,-0.900498252003,-0.30167811344,-26.300073541,0.200154983547,-0.373115384917,0.905937576271,-28.4541853628
288,288,28.8,1,320.000610352,319.999694824,320.000213623,240.000198364,-0.924151568574,0.22658793622,0.30757403249,-7.25109813168,-0.317186548389,-0.903835245771,-0.287183812258,-26.6267713922,0.212923863913,-0.362959716307,0.907151405508,-27.9333460635
289,289,28.9,1,320.000671387,319.999633789,320.000244141,240.000228882,-0.919360720918,0.234582010216,0.315827714609,-7.56453134192,-0.324635424125,-0.905826882346,-0.272193865879,-26.7676436455,0.222233449857,-0.352773212847,0.90893528596,-27.4641165061
290,290,29,1,320.000671387,319.999633789,320.000244141,240.000228882,-0.91463799357,0.240140910338,0.325222514442,-7.97364401646,-0.329781669896,-0.908507862347,-0.256627189235,-26.9735082733,0.233840524542,-0.341973401358,0.910149878781,-27.0277270137
291,291,29.1,1,320.000671387,319.999633789,320.000244141,240.000228882,-0.909734892313,0.24580475702,0.334607900587,-8.36261475776,-0.334831011971,-0.910884342609,-0.241200969758,-27.1297661341,0.245500751793,-0.331466040215,0.910966324873,-26.7102155571
292,292,29.2,1,320.000640869,319.999603271,320.000244141,240.000259399,-0.905198611638,0.256719368492,0.338689591411,-8.53798333043,-0.34307339014,-0.911759583856,-0.225820969407,-27.3446888532,0.250830864263,-0.320608214317,0.913397093517,-26.3647679631
293,293,29.3,1,320.000640869,319.999603271,320.000244141,240.000259399,-0.90026345207,0.263335816173,0.346669820994,-8.82966790622,-0.347867784344,-0.913917334903,-0.209148534729,-27.486593089,0.2617512588,-0.308884044398,0.914372421737,-26.0660816261
294,294,29.4,1,320.000640869,319.999603271,320.000244141,240.000259399,-0.895141914613,0.27029594116,0.354487033465,-9.09827066458,-0.352695500377,-0.915753620923,-0.19235693328,-27.6033389015,0.272629486146,-0.29721273519,0.915061611764,-25.817088766
295,295,29.5,1,320.000549316,319.999542236,320.000213623,240.000320435,-0.88817305069,0.282060220358,0.362754275121,-9.2491303882,-0.361647980574,-0.916094160536,-0.173153767442,-27.7844102689,0.283477283348,-0.284979860909,0.915656654375,-25.5430167728
296,296,29.6,1,320.000549316,319.999542236,320.000213623,240.000320435,-0.883009687587,0.289565864886,0.369385302253,-9.42968519385,-0.366068376127,-0.917438002907,-0.155889238953,-27.863863005,0.293747911698,-0.272871985947,0.916107550268,-25.3765000797
297,297,29.7,1,320.000549316,319.999542236,320.000213623,240.000320435,-0.877565576687,0.297907479761,0.375672453231,-9.56997515503,-0.370792800489,-0.918427155133,-0.137855938644,-27.9352592643,0.303959467232,-0.260274267296,0.916442004747,-25.2514475662
298,298,29.8,1,320.000549316,319.999542236,320.000213623,240.000320435,-0.872384665597,0.305582975914,0.381528557336,-9.67783926018,-0.374787246771,-0.919216466801,-0.120729477846,-27.9681844954,0.313814459338,-0.248314582726,0.916438952204,-25.170673732
299,299,29.9,1,320.000518799,319.999542236,320.000335693,240.00050354,-0.866393256164,0.316024308128,0.386641128628,-9.78494686167,-0.380726751246,-0.919050612174,-0.101946619115,-28.0253306929,0.323125156185,-0.23553048409,0.916578160608,-25.0823218568
300,300,30,1,320.000518799,319.999542236,320.000335693,240.00050354,-0.86119147028,0.32398667953,0.39163999158,-9.81442701606,-0.384432244334,-0.919241484499,-0.0848937140909,-28.0210318512,0.332507294708,-0.223668783389,0.916193851924,-25.0849675102
301,301,30.1,1,320.000518799,319.999542236,320.000335693,240.00050354,-0.856402413547,0.330701083428,0.396499305788,-9.92984889745,-0.387018494525,-0.919484644463,-0.0690266143706,-28.0653820712,0.341747847054,-0.212567123552,0.915436304184,-24.9939997958
302,302,30.2,1,320.000518799,319.999542236,320.000335693,240.00050354,-0.852069257467,0.336240796869,0.401148484979,-10.1231154687,-0.38852943717,-0.919837209447,-0.0542621835916,-28.1628338908,0.350746143146,-0.202093133572,0.914404455605,-24.8052493286
303,303,30.3,1,320.000518799,319.999542236,320.000335693,240.00050354,-0.848073183706,0.340743997348,0.405789851217,-10.4064166372,-0.389155321086,-0.920279463588,-0.0405443580219,-28.3155913704,0.359624819985,-0.192299862633,0.913066674281,-24.5243631976
304,304,30.4,1,320.000579834,319.999481201,320.000335693,240.000549316,-0.844405699505,0.346907765718,0.40820830066,-10.8630909081,-0.390191068776,-0.920395641915,-0.0249558047719,-28.5552639513,0.367055778446,-0.180352056903,0.912547637705,-24.1531667516
305,305,30.5,1,320.000579834,319.999481201,320.000335693,240.000549316,-0.840797540748,0.350935228375,0.412194081663,-11.1119079655,-0.390413624332,-0.920552978982,-0.0126259583378,-28.6878503897,0.375015596221,-0.17154206007,0.911008575271,-23.9076472985
306,306,30.6,1,320.000762939,319.999389648,320.000335693,240.000732422,-0.836845449464,0.357999365646,0.414157153637,-11.3979410719,-0.392781497334,-0.919630935987,0.00127942504419,-28.7363924463,0.381329764199,-0.161602585911,0.91020449085,-23.8449687042
307,307,30.7,1,320.000762939,319.999389648,320.000335693,240.000732422,-0.833444724704,0.362179935693,0.417367446077,-11.5252601892,-0.393205160893,-0.919364365732,0.0126041449456,-28.8011930818,0.388277725745,-0.153606175672,0.908650400586,-23.7304755468
308,308,30.8,1,320.000762939,319.999389648,320.000335693,240.000732422,-0.830449809044,0.365642656597,0.42030769959,-11.6543834997,-0.393229411607,-0.919160939276,0.0226671029509,-28.8627501208,0.39461847968,-0.146453458087,0.907098473215,-23.6115991356
309,309,30.9,1,320.000762939,319.999389648,320.000335693,240.000732422,-0.827476563586,0.369104105223,0.423136734666,-11.7910578467,-0.39334789884,-0.918823152154,0.0322714354223,-28.9421781366,0.400699347634,-0.139736089018,0.90549094873,-23.4888286889
310,310,31,1,320.000762939,319.999389648,320.000335693,240.000732422,-0.825156674947,0.371546389457,0.425522904521,-11.9246211598,-0.392961290051,-0.918678850052,0.0401322188394,-29.0115029234,0.405829873606,-0.134098661251,0.904057333768,-23.3618702716
311,311,31.1,1,320.000762939,319.999389648,320.000335693,240.000732422,-0.822742637641,0.372253269581,0.429560304839,-12.1572026335,-0.391208209371,-0.919091507012,0.0471904509253,-29.0866361479,0.412372027578,-0.129221921607,0.901804305738,-23.2413215162
312,312,31.2,1,320.000762939,319.999389648,320.000335693,240.000732422,-0.821143933494,0.37377600451,0.431293564685,-12.290238343,-0.390683494339,-0.919019182035,0.0526322173474,-29.1648499764,0.416039718943,-0.125280650956,0.900675141634,-23.1023605668
313,313,31.3,1,320.000762939,319.999389648,320.000335693,240.000732422,-0.819927070627,0.374419160336,0.433047215932,-12.4355910989,-0.389813945413,-0.919150065388,0.0566413740842,-29.2411949947,0.419242992565,-0.122366047864,0.899589830709,-22.9566684073
314,314,31.4,1,320.000762939,319.999389648,320.000335693,240.000732422,-0.819039580091,0.374722929904,0.434461611709,-12.5804258048,-0.389042948538,-0.919297618602,0.0594766561457,-29.3291897648,0.42168679187,-0.120310490971,0.898724449053,-22.8057828799
315,315,31.5,1,320.000762939,319.999389648,320.000335693,240.000732422,-0.819021757313,0.373113555002,0.435878006009,-12.8545888389,-0.387258018445,-0.920024704058,0.0598813082104,-29.4876133362,0.423361061268,-0.11975315861,0.898011465854,-22.5073242712
316,316,31.6,1,320.000671387,319.999481201,320.000305176,240.00062561,-0.81757165671,0.375964429851,0.436150585958,-13.2676468405,-0.389882374575,-0.918829088894,0.0611950929161,-29.8099362079,0.423755023734,-0.120016052628,0.897790525107,-22.0582525865
317,317,31.7,1,320.000671387,319.999481201,320.000305176,240.00062561,-0.818790834621,0.371730965025,0.437490181356,-13.8062656393,-0.386982947255,-0.920280448843,0.0576896352217,-30.1402344875,0.424058684235,-0.122065495204,0.897370741224,-21.4630465265
318,318,31.8,1,320.000671387,319.999633789,320.000305176,240.000488281,-0.81829974791,0.374407656331,0.436124327975,-14.377715322,-0.38979709487,-0.919094148339,0.0576556269529,-30.5097549129,0.422426025952,-0.122820411046,0.898037526626,-20.8711046481
319,319,31.9,1,320.000671387,319.999633789,320.000305176,240.000488281,-0.820162479368,0.369855576152,0.436509289966,-14.8630697262,-0.387526890211,-0.920405647575,0.0517334831122,-30.8332449771,0.420899532907,-0.126729225913,0.898211159193,-20.3137506358
320,320,32,1,320.000610352,319.999755859,320.000213623,240.000213623,-0.821702319041,0.368005422771,0.4351750311,-15.1928232791,-0.388144507239,-0.920474660001,0.0454999098472,-31.1920731242,0.417311802352,-0.131523416572,0.899195446224,-19.7617790764
321,321,32.1,1,320.000610352,319.999755859,320.000213623,240.000213623,-0.824642502408,0.362279913166,0.43441685941,-15.6212053487,-0.386119432891,-0.921756412297,0.0357337366233,-31.4738774541,0.413372140772,-0.138269233404,0.900002829066,-19.2451737106
322,322,32.2,1,320.000701904,319.999694824,320.00012207,240.000167847,-0.82687440564,0.359403050654,0.432560012574,-15.9533654185,-0.386812474909,-0.921778754734,0.0264582043246,-31.8122877652,0.408233789087,-0.145441997035,0.901216843466,-18.7232770601
323,323,32.3,1,320.000701904,319.999694824,320.00012207,240.000167847,-0.830470632566,0.353108302136,0.430851546832,-16.3235532385,-0.385131315151,-0.92275695508,0.0139094192,-32.0773638909,0.402482792844,-0.154383058705,0.902315616982,-18.2445577718
324,324,32.4,1,320.000762939,319.999694824,320.000061035,240.000228882,-0.833520278821,0.348499181403,0.428710001465,-16.6504650086,-0.38513714993,-0.922858301549,0.00138960613127,-32.3703598808,0.396122860408,-0.163953883221,0.903441090298,-17.7806577109
325,325,32.5,1,320.000762939,319.999694824,320.000061035,240.000228882,-0.837458014614,0.341849030426,0.426383998474,-16.9706003653,-0.383645857056,-0.9233859372,-0.0132010357901,-32.6102777534,0.389204226753,-0.174635767753,0.904445917952,-17.3411917277
326,326,32.6,1,320.000762939,319.999694824,320.000061035,240.000228882,-0.84160736041,0.334957232455,0.423675233322,-17.270220817,-0.382066586845,-0.923689467136,-0.0286860858036,-32.8344485716,0.381735738595,-0.18601457128,0.905359820818,-16.9294593295
327,327,32.7,1,320.000762939,319.999755859,320.000030518,240.000259399,-0.844588756572,0.329711126378,0.421853535501,-17.4946592907,-0.382029788606,-0.923132305393,-0.0433588209808,-33.0893584048,0.375130741061,-0.197780989689,0.905626637875,-16.5245418511
328,328,32.8,1,320.000762939,319.999755859,320.000030518,240.000259399,-0.848745883865,0.322829264773,0.418821788387,-17.7502742357,-0.380561888104,-0.922813155038,-0.0599043421729,-33.2820397004,0.3671553812,-0.210231174413,0.906090381453,-16.1631486733
329,329,32.9,1,320.000762939,319.999755859,320.000030518,240.000259399,-0.852811939118,0.316077905469,0.415700077186,-17.9797370855,-0.379140621129,-0.922159362925,-0.0766452789166,-33.4586786632,0.359115839121,-0.222972794405,0.906266487876,-15.8221840896
330,330,33,1,320.000793457,319.999725342,320,240.000244141,-0.856822890358,0.31196092973,0.410530038951,-18.1472660086,-0.379062370557,-0.920846525634,-0.091396911629,-33.6632206075,0.34952289451,-0.233927455741,0.907255031214,-15.5037503571
331,331,33.1,1,320.000793457,319.999725342,320,240.000244141,-0.860567624907,0.305829288481,0.407298182257,-18.3327303977,-0.377865791577,-0.919549706861,-0.107915615962,-33.8133155973,0.341527168054,-0.246772735365,0.906897133396,-15.2195045746
332,332,33.2,1,320.000793457,319.999725342,320,240.000244141,-0.864112120495,0.299996944435,0.40411888912,-18.4933582706,-0.376740430224,-0.917965670711,-0.124119602122,-33.947357536,0.333731765717,-0.259501176734,0.906246240172,-14.9613079768
333,333,33.3,1,320.000793457,319.999725342,320,240.000244141,-0.867349653851,0.294616204328,0.401130739425,-18.6314057071,-0.375759880516,-0.916139090136,-0.139619768369,-34.0678974053,0.326357304437,-0.271827996483,0.905317872445,-14.7328510438
334,334,33.4,1,320.000793457,319.999725342,320,240.000244141,-0.870120749223,0.290523800293,0.398102754618,-18.7434598601,-0.375650407864,-0.913852425772,-0.154144461406,-34.1828234337,0.319024533293,-0.283671756391,0.904297341466,-14.5283489272
335,335,33.5,1,320.000793457,319.999725342,320,240.000244141,-0.872572784978,0.286282569036,0.395801750353,-18.8430909896,-0.375254273807,-0.911583459372,-0.167928039913,-34.2726010557,0.312731458133,-0.295055735863,0.902851675431,-14.3577148843
336,336,33.6,1,320.000793457,319.999725342,320,240.000244141,-0.874591808238,0.282578545277,0.394003216626,-18.9228256297,-0.375129547565,-0.909206181778,-0.180615452165,-34.3415086341,0.30719210847,-0.305767043297,0.901187840424,-14.2158467786
337,337,33.7,1,320.000793457,319.999725342,320,240.000244141,-0.876121951573,0.27957041477,0.39274764055,-18.9851241043,-0.375419220554,-0.906747375516,-0.192014597971,-34.3922690323,0.302441291512,-0.315673217395,0.899377387423,-14.1040607447
338,338,33.8,1,320.000793457,319.999725342,320,240.000244141,-0.877134765427,0.27710844717,0.392231451806,-19.0298955221,-0.376026999862,-0.904322702275,-0.202000360209,-34.4202102169,0.298727800269,-0.324671154642,0.897413139357,-14.0246411406
339,339,33.9,1,320.000793457,319.999725342,320,240.000244141,-0.877442371203,0.275846292787,0.392433061775,-19.0526177413,-0.377484325877,-0.901870999695,-0.210081611826,-34.4375731232,0.295973763932,-0.332471837402,0.895467480369,-13.9722826332
340,340,34,1,320.000793457,319.999725342,320,240.000320435,-0.876766614731,0.27530925596,0.394316011439,-19.0563916969,-0.379556291389,-0.899643115471,-0.21582234929,-34.4463595821,0.295325794609,-0.338890953507,0.893272408994,-13.9499568001
341,341,34.1,1,320.000793457,319.999725342,320,240.000320435,-0.868780861405,0.282723078331,0.406555624529,-19.0896977443,-0.388839083942,-0.897855094105,-0.206543934283,-34.4347997243,0.306633301609,-0.337526133757,0.889973104861,-13.954470032
342,342,34.2,1,320.000793457,319.999725342,320,240.000320435,-0.860575385307,0.289924294945,0.418752802265,-19.1390179262,-0.397787582749,-0.896055175847,-0.197104441472,-34.430327085,0.318080249646,-0.336197895648,0.886451312677,-13.9414984369
343,343,34.3,1,320.000793457,319.999725342,320,240.000320435,-0.852149547959,0.297109590093,0.430774928921,-19.1973117645,-0.406595846804,-0.8941343929,-0.18762597047,-34.4326144136,0.329425204371,-0.335036682928,0.882739744102,-13.9159593102
344,344,34.4,1,320.000793457,319.999725342,320,240.000320435,-0.843481353154,0.30430324143,0.442649685571,-19.2636102969,-0.415252317269,-0.892126955917,-0.177974738458,-34.4438556065,0.34074142672,-0.333929680894,0.878855078119,-13.8739694205
345,345,34.5,1,320.000793457,319.999725342,320,240.000320435,-0.834711767254,0.311438225995,0.454161311646,-19.3389172788,-0.423650215724,-0.890056711332,-0.168284120846,-34.4612517258,0.351819215399,-0.332874273565,0.874881682101,-13.8238231963
346,346,34.6,1,320.000793457,319.999725342,320,240.000320435,-0.825858768847,0.318375962095,0.465396648761,-19.4185112053,-0.431665051394,-0.887994510757,-0.158527701902,-34.4834874529,0.362798259813,-0.331816961027,0.870789829437,-13.7567080565
347,347,34.7,1,320.000793457,319.999725342,320,240.000320435,-0.815725062519,0.326835918715,0.477253501418,-19.5207499692,-0.440763802921,-0.885515855696,-0.146931750638,-34.5640597163,0.374592968984,-0.330211979718,0.866394919214,-13.6658197021
348,348,34.8,1,320.000701904,319.999908447,320,240.000305176,-0.805453111039,0.335780271815,0.488361438872,-19.635827062,-0.450373543708,-0.882408101241,-0.136086788458,-34.6386909762,0.385238831175,-0.32955659897,0.861964901275,-13.5736390209
349,349,34.9,1,320.000701904,319.999908447,320,240.000305176,-0.79560547418,0.343036022386,0.499337778262,-19.7519650228,-0.458204843391,-0.879932088176,-0.125570066857,-34.6991265807,0.396308277666,-0.328703221073,0.857259553175,-13.4608973221
350,350,35,1,320.000701904,319.999908447,320,240.000305176,-0.78539350993,0.350485003561,0.51021299164,-19.8839736342,-0.466065589037,-0.87727004229,-0.114804789168,-34.7713027019,0.407357215813,-0.327959654804,0.852351197304,-13.3358265396
351,351,35.1,1,320.000701904,319.999908447,320,240.000305176,-0.775089827676,0.357754639334,0.520814148299,-20.0219057461,-0.473657799799,-0.874524639451,-0.104187061019,-34.8454223392,0.418191400824,-0.327442014758,0.847288427425,-13.1934686569
352,352,35.2,1,320.000701904,319.999908447,320,240.000305176,-0.764346584691,0.36522656848,0.531398016695,-20.1724058583,-0.481122816673,-0.871716179503,-0.0929071454176,-34.9405147299,0.429296091001,-0.32668096986,0.842012119974,-13.0357581168
353,353,35.3,1,320.00088501,320,320.000061035,240.000610352,-0.753473311718,0.372366841026,0.541867976755,-20.3658381186,-0.488925579096,-0.86835542443,-0.0831302289758,-35.0036289907,0.439579056182,-0.327569523259,0.836342310778,-12.8813525298
354,354,35.4,1,320.00088501,320,320.000061035,240.000610352,-0.742510612995,0.379560922322,0.551916203636,-20.5295855845,-0.496004756705,-0.865312678244,-0.0722028406401,-35.1009887847,0.450174711547,-0.32736443777,0.830767870086,-12.6917848869
355,355,35.5,1,320.00088501,320,320.000061035,240.000610352,-0.731152088015,0.386866679593,0.56191707254,-20.7087089349,-0.502999165736,-0.86213659772,-0.0609288613134,-35.2125435248,0.460877926853,-0.32719208287,0.824946590663,-12.4865180968
356,356,35.6,1,320.00088501,320,320.000061035,240.000610352,-0.719925516132,0.393875598969,0.571462390503,-20.8905640891,-0.5096327895,-0.858936917497,-0.0500179130551,-35.3199021262,0.4711493087,-0.327245144038,0.819102523873,-12.2689107673
357,357,35.7,1,320.000946045,319.999908447,320,240.000534058,-0.710647802671,0.398497928047,0.579809539333,-21.1168537743,-0.51412516486,-0.856719022248,-0.0413259213515,-35.4046064474,0.480265567595,-0.327462850199,0.81370330362,-12.0864180205
358,358,35.8,1,320.000946045,319.999908447,320,240.000534058,-0.698898249239,0.405653959723,0.589055262409,-21.3218627287,-0.520541965452,-0.853309741314,-0.029975783264,-35.5369573345,0.490486798409,-0.327578006497,0.80753659375,-11.8399123231
359,359,35.9,1,320.000946045,319.999908447,320,240.000534058,-0.687207183877,0.412498089313,0.59798964267,-21.5314221323,-0.526593989693,-0.849907087888,-0.018886820188,-35.6676111517,0.500444858549,-0.327876910242,0.801281271017,-11.5804771492
360,360,36,1,320.00088501,319.999938965,319.999938965,240.000488281,-0.675098715632,0.419145785135,0.607090219782,-21.7797732326,-0.533059822184,-0.846033243694,-0.00865889938911,-35.793148653,0.509989166674,-0.329461016463,0.794585733893,-11.3269671207
361,361,36.1,1,320.00088501,319.999938965,319.999938965,240.000488281,-0.656015847335,0.426679715881,0.622565360505,-22.0217300654,-0.542170955397,-0.840255757219,0.00457357449253,-35.9313779624,0.525065579875,-0.334536518956,0.782554441758,-11.0465999589
362,362,36.2,1,320.00088501,319.999938965,319.999938965,240.000488281,-0.636347394303,0.434072170881,0.637685929145,-22.2766836566,-0.550895582921,-0.834375285905,0.0182191929073,-36.0829777159,0.539977824065,-0.339704625724,0.770080980664,-10.7483788149
363,363,36.3,1,320.000823975,319.999908447,319.999969482,240.000473022,-0.61724787141,0.441538590062,0.65119024772,-22.533246301,-0.558983285283,-0.828562807867,0.0319587264113,-36.2310685735,0.553663031106,-0.344278008165,0.758241321138,-10.4562610843
364,364,36.4,1,320.000823975,319.999908447,319.999969482,240.000473022,-0.596979356682,0.448544590436,0.665149154766,-22.8043259559,-0.566981642516,-0.822458757833,0.0457537835913,-36.3927615738,0.567580359724,-0.349813295993,0.745307448777,-10.1334953503
365,365,36.5,1,320.000823975,319.999908447,319.999969482,240.000473022,-0.576227512553,0.455251691694,0.678754558723,-23.0838618829,-0.574514554175,-0.816308514819,0.0597782207377,-36.5598942324,0.581287261875,-0.355508517258,0.731928147661,-9.78772682217
366,366,36.6,1,320.000793457,319.99987793,319.999969482,240.000411987,-0.555834301003,0.460540084058,0.692062902347,-23.3879604484,-0.581738507221,-0.810189799658,0.0719221645045,-36.7161707967,0.59382534389,-0.36262283368,0.718245181987,-9.43485120163
367,367,36.7,1,320.000793457,319.99987793,319.999969482,240.000411987,-0.534455519993,0.466970581462,0.704482628032,-23.6153817954,-0.588588977867,-0.803815048339,0.0862808391063,-36.842376858,0.606564351312,-0.368537439228,0.704457126875,-9.17915014841
368,368,36.8,1,320.000793457,319.99987793,319.999969482,240.000411987,-0.51250902424,0.472908318099,0.716723253944,-23.7921461849,-0.594988915738,-0.797402841748,0.100682163866,-36.9177461299,0.619130592219,-0.374841874187,0.69005135978,-9.01736705683
369,369,36.9,1,320.000762939,319.999908447,319.999938965,240.000442505,-0.491031347576,0.478446223781,0.727995485321,-23.8842707817,-0.600939315396,-0.791043768256,0.114549971255,-36.9307269836,0.630682293163,-0.38123348181,0.675944433691,-8.97012237868
370,370,37,1,320.000762939,319.999908447,319.999938965,240.000442505,-0.468474454052,0.483844804587,0.739206257397,-24.0532269831,-0.606537923066,-0.7845032602,0.12909834475,-36.9957084892,0.642373282277,-0.387877351504,0.660989959385,-8.82584323795
371,371,37.1,1,320.000762939,319.999908447,319.999938965,240.000442505,-0.44577043671,0.489137478626,0.749688765261,-24.2665505449,-0.611631022618,-0.777947207885,0.14389452358,-37.1047392318,0.653602486169,-0.394388981525,0.645957522849,-8.60100412146
372,372,37.2,1,320.000762939,319.999908447,319.999938965,240.000442505,-0.422956850871,0.494234785474,0.759499492514,-24.5249898671,-0.616253573521,-0.771375995132,0.158778484868,-37.2489160299,0.664333527247,-0.400887828403,0.630832714445,-8.29252796814
373,373,37.3,1,320.000701904,319.999908447,319.999908447,240.000534058,-0.399094405699,0.498796837331,0.769366863342,-24.6977415959,-0.619687506333,-0.765174800722,0.174627944026,-37.4511182192,0.675804002529,-0.40707399746,0.614475150642,-7.94602696757
374,374,37.4,1,320.000701904,319.999908447,319.999908447,240.000534058,-0.375875741868,0.503252048005,0.778109762729,-25.0508150941,-0.623457761335,-0.75856003703,0.189438882103,-37.6684080973,0.685578475819,-0.413913090394,0.598880711907,-7.46809992435
375,375,37.5,1,320.000732422,319.999938965,319.99987793,240.000549316,-0.352387870585,0.507664103713,0.786193326394,-25.4076656639,-0.62650516643,-0.752031437901,0.204792560522,-37.928973954,0.6952079294,-0.420387766485,0.583060940802,-6.93756319501
376,376,37.6,1,320.000732422,319.999938965,319.99987793,240.000549316,-0.328750014233,0.511822359759,0.793701014358,-25.8516896787,-0.629471207195,-0.745268843491,0.219864390557,-38.217961276,0.70405214825,-0.427331514134,0.567184581572,-6.28810261373
377,377,37.7,1,320.000732422,319.999847412,319.99987793,240.000488281,-0.304786675074,0.51505882755,0.801136372199,-26.3687286695,-0.631854146289,-0.738743133332,0.234561123744,-38.5378220209,0.712646771209,-0.434710233509,0.550601119112,-5.50194176987
378,378,37.8,1,320.000732422,319.999847412,319.99987793,240.000488281,-0.280811106888,0.518704470339,0.807521389623,-26.9122208658,-0.633960203775,-0.731944808806,0.249702336577,-38.8902860872,0.720582807371,-0.441817235191,0.534376223657,-4.67479868442
379,379,37.9,1,320.000762939,319.999786377,320,240.00038147,-0.25416197355,0.521614732639,0.814444449853,-27.5577181722,-0.636309537259,-0.724361806998,0.265349100914,-39.280374882,0.728362453724,-0.450797119841,0.516013655583,-3.66101295796
380,380,38,1,320.000762939,319.999786377,320,240.00038147,-0.229777426522,0.524533161956,0.819797106771,-28.2040361739,-0.637459155604,-0.717617135301,0.280484352611,-39.6910153394,0.735423795643,-0.458138198725,0.499260685084,-2.64443053993
381,381,38.1,1,320.000762939,319.999755859,320,240.000350952,-0.229132130331,0.520833134976,0.822332847673,-28.8753947143,-0.640030126081,-0.717121029951,0.275860229302,-40.1229591623,0.733389326728,-0.463109354163,0.497664366344,-1.44947762808
382,382,38.2,1,320.000823975,319.999816895,320.000030518,240.000366211,-0.231111606845,0.514416570343,0.82581052145,-29.6159626976,-0.643646076467,-0.717342956786,0.266718598148,-40.5913085453,0.729593827708,-0.469887938243,0.496888490573,-0.134361564842
383,383,38.3,1,320.000823975,319.999847412,320,240.000396729,-0.237951951899,0.50828099592,0.827664967106,-30.3956425561,-0.646169247929,-0.719047346233,0.255805036905,-41.0640759973,0.725151137087,-0.473942341495,0.499534268414,1.27751439544
384,384,38.4,1,320.000762939,319.999908447,320.000030518,240.000457764,-0.248398817878,0.502005914849,0.828425065249,-31.1886039826,-0.648615294601,-0.721395826121,0.242664916426,-41.5722479308,0.719441607698,-0.477051489371,0.504802584782,2.78076929861
385,385,38.5,1,320.000793457,319.99987793,320,240.000442505,-0.261491590127,0.495437780643,0.828349898174,-32.0107506761,-0.65099410993,-0.724153806725,0.22761356076,-42.1270661679,0.71262108945,-0.479731872735,0.511887207453,4.34840874309
386,386,38.6,1,320.000823975,319.999847412,320.000030518,240.000427246,-0.277110715025,0.488085349226,0.827636601105,-32.8379407377,-0.653085597217,-0.727482311452,0.210353724075,-42.6964371211,0.704761558491,-0.482226273025,0.520354655287,5.98481845023
387,387,38.7,1,320.000823975,319.999847412,320.000061035,240.000411987,-0.294192492363,0.481552872115,0.825565023965,-33.6956923363,-0.655156396904,-0.730518868159,0.192645474538,-43.3256821487,0.695859808462,-0.484199354214,0.530405611156,7.72494294727
388,388,38.8,1,320.000823975,319.99987793,320.000091553,240.000488281,-0.313479874921,0.473668789074,0.823023843079,-34.5971579464,-0.656656959104,-0.734210706954,0.172442094206,-43.9684068192,0.685953355615,-0.486387207944,0.541198187237,9.5407268985
389,389,38.9,1,320.000854492,319.999908447,320.00012207,240.000488281,-0.334138159987,0.464640194035,0.820037304107,-35.5736980143,-0.657492433656,-0.738294194547,0.150417359313,-44.6461018695,0.675318731952,-0.488908143095,0.552189675646,11.4635749664
390,390,39,1,320.000854492,319.99987793,320,240.000457764,-0.355236417123,0.456696825426,0.815619456362,-36.481107607,-0.658038311448,-0.741885632292,0.128807178629,-45.4389106912,0.663922185664,-0.490951849212,0.564068801777,13.4756656217
391,391,39.1,1,320.00088501,319.999847412,320.000030518,240.00038147,-0.376108325853,0.448627360195,0.810725612589,-37.378238306,-0.659173845829,-0.744459875727,0.106157121326,-46.405683004,0.651177677903,-0.494482542783,0.575720979888,15.5241174815
392,392,39.2,1,320.00088501,319.999847412,320.000091553,240.000350952,-0.400215049695,0.437759648142,0.805105213284,-38.4916741424,-0.658944945795,-0.748014377459,0.0791583825353,-47.4418841607,0.636882620589,-0.498839635126,0.587826118863,17.4773376679
393,393,39.3,1,320.00088501,319.999847412,320.000091553,240.000396729,-0.423863654249,0.427331361626,0.798578430699,-39.8017505644,-0.656988165607,-0.751986795841,0.0536880725432,-48.5416566988,0.623463032472,-0.50190015566,0.599491518613,19.4086972425
394,394,39.4,1,320.000854492,319.999847412,320.000061035,240.000442505,-0.446934793085,0.418957047679,0.79039501702,-41.1474399942,-0.655864487362,-0.754322440799,0.0289729101919,-49.7646670796,0.60835110335,-0.505443021029,0.6119119933,21.3130813949
395,395,39.5,1,320.000823975,319.999816895,320.000030518,240.000427246,-0.468381854761,0.409689370416,0.782798222979,-42.4577746243,-0.653167719555,-0.757193505526,0.00547040409817,-51.0422729889,0.594970896988,-0.508736292157,0.622251570331,23.2847958859
396,396,39.6,1,320.000854492,319.999847412,320.000091553,240.000411987,-0.491186002065,0.403558674997,0.771930506724,-43.7455015079,-0.652828660641,-0.75725420182,-0.0195144477388,-52.262211646,0.576672395057,-0.51352358238,0.635407333227,25.3092369521
397,397,39.7,1,320.00088501,319.999847412,320.000061035,240.000411987,-0.516443303466,0.396118379847,0.759194667692,-44.9793205325,-0.650922982643,-0.757657847484,-0.0474748018767,-53.432129993,0.556404156142,-0.518695301014,0.649129878941,27.3189063449
398,398,39.8,1,320.00088501,319.999816895,320.000091553,240.000396729,-0.539906065477,0.389634128529,0.746114392266,-46.1984182279,-0.649499750289,-0.756668966761,-0.0748475057402,-54.6577655334,0.53539846361,-0.525011733799,0.661597433896,29.389671126
399,399,39.9,1,320.000946045,319.999786377,320.000061035,240.00038147,-0.560592277318,0.382650752893,0.734380487161,-47.3921231488,-0.645952840424,-0.756974008068,-0.0986675177413,-55.887212973,0.518151740863,-0.529687410101,0.671528123775,31.6003939208
400,400,40,1,320.000915527,319.999755859,320,240.000366211,-0.58107020189,0.375200318595,0.722206439602,-48.5114901359,-0.642700725927,-0.755955222435,-0.124368318175,-57.1053943256,0.499292697091,-0.536429326752,0.680404570849,33.8478056092
401,401,40.1,1,320.00088501,319.999786377,320.000091553,240.000442505,-0.594493530308,0.368696574184,0.714590986934,-49.6112691356,-0.641272846516,-0.753545189542,-0.144702396797,-58.3300446301,0.485125322719,-0.544272435002,0.684412841605,36.225033517
402,402,40.2,1,320.000915527,319.999786377,320.000152588,240.000442505,-0.6057065439,0.359271234006,0.70996039544,-50.5329121059,-0.640558932895,-0.749479480066,-0.167226679833,-59.4861742155,0.47202101242,-0.55606176759,0.684099023869,38.5947839815
403,403,40.3,1,320.000946045,319.999786377,320.000152588,240.000473022,-0.618673782019,0.34674107779,0.704991756274,-51.5318254765,-0.636997940194,-0.74662685373,-0.191786249449,-60.5197914038,0.459865606053,-0.567731420886,0.682791811688,40.88911653
404,404,40.4,1,320.000976562,319.999786377,320.000152588,240.000457764,-0.63055892224,0.33422199046,0.700493473686,-52.5376934509,-0.633732418358,-0.742761982133,-0.216073736999,-61.4856565253,0.44808332652,-0.580172645849,0.680162505217,43.1200217511
405,405,40.5,1,320.001037598,319.999786377,320.000244141,240.000518799,-0.641390342052,0.321742838253,0.696491188139,-53.4765489637,-0.629274794478,-0.739949021811,-0.237673469606,-62.4004101213,0.438898236675,-0.59072581724,0.677060814617,45.2998349217
406,406,40.6,1,320.000976562,319.999786377,320.000244141,240.00050354,-0.649740304464,0.311986786671,0.693182358184,-54.3567028127,-0.627317517211,-0.735079408248,-0.257159476141,-63.3397517338,0.429313719039,-0.601932312235,0.673325494938,47.3924479401
407,407,40.7,1,320.000976562,319.999816895,320.000305176,240.000518799,-0.659197313511,0.300483784427,0.689324594916,-55.1728984102,-0.623988938603,-0.730143033855,-0.278440217305,-64.2640468214,0.419638780811,-0.613677965556,0.668806884108,49.408237349
408,408,40.8,1,320.000946045,319.999816895,320.000305176,240.000473022,-0.667396947701,0.289283630599,0.686218839196,-56.0154840659,-0.620615034254,-0.725359954293,-0.297808522321,-65.1565363633,0.411604535274,-0.624634227189,0.663636789792,51.3340488304
409,409,40.9,1,320.000915527,319.999816895,320.000213623,240.000457764,-0.676928374344,0.268790923872,0.685214867944,-56.925284393,-0.613015307993,-0.721158543898,-0.322711305548,-65.9163830586,0.407406686462,-0.638499642761,0.652945631749,53.247767171
410,410,41,1,320.000946045,319.99987793,320.000183105,240.000488281,-0.684208807478,0.253073221606,0.683968019922,-57.8358395331,-0.607449260779,-0.716746412543,-0.342461641189,-66.6302233606,0.403563753761,-0.649791139223,0.644133349577,55.0259069325
411,411,41.1,1,320.000976562,319.999969482,320.000244141,240.000457764,-0.689929593048,0.23934995415,0.683160856669,-58.7113793719,-0.602897123903,-0.712333225435,-0.359299921974,-67.3822328235,0.400639756672,-0.659767364598,0.635763171303,56.7697524524
412,412,41.2,1,320.000976562,319.999969482,320.000213623,240.000350952,-0.694170222175,0.227149956529,0.683030453123,-59.6058607709,-0.599516461981,-0.707622467105,-0.373965848523,-68.1128799451,0.398381368112,-0.669083956837,0.627390583484,58.4032690865
413,413,41.3,1,320.00100708,319.999969482,320.000213623,240.000320435,-0.697694588727,0.215443943052,0.683232148148,-60.5189830001,-0.596833579192,-0.702310523781,-0.388007225365,-68.8648354319,0.396247321264,-0.678486429923,0.618582431695,59.9143706403
414,414,41.4,1,320.001037598,319.999969482,320.000183105,240.000213623,-0.700543382713,0.203271989869,0.684046392485,-61.4765254633,-0.593994979352,-0.697346377064,-0.401095992128,-69.6182084444,0.395485693094,-0.687305265898,0.609263931336,61.3239954034
415,415,41.5,1,320.001037598,320.000030518,320.000152588,240.00012207,-0.703668597463,0.190649746153,0.684472920747,-62.4341074302,-0.590636014598,-0.692444833466,-0.414329881696,-70.4108764303,0.394967850849,-0.695825284751,0.599856291037,62.6234237042
416,416,41.6,1,320.000976562,320.000091553,320.000091553,239.999984741,-0.70496535154,0.178857799879,0.686318978719,-63.4073628961,-0.588593316578,-0.687430890395,-0.425437044238,-71.2137129593,0.395704132916,-0.703881139364,0.589889464934,63.7836617981
417,417,41.7,1,320.000976562,320.000091553,320.000091553,239.999984741,-0.705169761507,0.1684140541,0.688746915664,-64.3000351818,-0.587476196705,-0.682665070908,-0.43455738317,-72.0838614697,0.396997891381,-0.711059144758,0.580334013216,64.8891255116
418,418,41.8,1,320.000976562,320.000213623,320.00012207,239.999923706,-0.704573698298,0.158968116806,0.69159601033,-65.0285824675,-0.586710105447,-0.678721450419,-0.441710815927,-72.9443207996,0.399183110655,-0.716984191304,0.571477483011,65.9322207457
419,419,41.9,1,320.000976562,320.000213623,320.00012207,239.999923706,-0.703389175657,0.149536543708,0.694897467016,-65.5897296301,-0.586132208992,-0.675072726146,-0.44802438326,-73.8590447944,0.402110309681,-0.72243728898,0.562487033041,66.9940970136
420,420,42,1,320.000946045,320.000366211,320.000061035,239.999649048,-0.701839824729,0.140041499712,0.698433417573,-66.0197418396,-0.585420691219,-0.672004345407,-0.453533652607,-74.7478134957,0.405836758705,-0.72718535334,0.553622603558,68.0315234401
421,421,42.1,1,320.000946045,320.000366211,320.000061035,239.999649048,-0.699496377877,0.132083390485,0.702323853571,-66.3780758631,-0.58538141685,-0.669624030093,-0.457091079686,-75.6228458744,0.409918789693,-0.730860887091,0.545718745854,69.0117694523
422,422,42.2,1,320.000823975,320.000335693,320,239.99949646,-0.696608998909,0.124111937395,0.706634367715,-66.7061777768,-0.585445850982,-0.667659860631,-0.459873315241,-76.4720071894,0.414715635354,-0.734048048495,0.537758685931,69.9345626132
423,423,42.3,1,320.000823975,320.000335693,320,239.99949646,-0.693032461285,0.117536859794,0.711260215529,-67.0050536918,-0.585942201573,-0.666606603156,-0.460768242226,-77.2835325423,0.41997350395,-0.73608472557,0.530849821288,70.7977667954
424,424,42.4,1,320.000823975,320.000335693,320.000030518,239.999526978,-0.689142262121,0.111260383635,0.716033567364,-67.3028278445,-0.586419443393,-0.666099456864,-0.460894510682,-78.0470744398,0.425670270244,-0.737517891714,0.524282538744,71.6000913465
425,425,42.5,1,320.000823975,320.000335693,320.000030518,239.999526978,-0.684759776743,0.105895922348,0.721034050364,-67.5779184784,-0.587194221796,-0.666162157071,-0.459816187597,-78.7748844472,0.431632939016,-0.738250658054,0.518342523665,72.3505414529
426,426,42.6,1,320.000854492,320.000610352,320,239.999267578,-0.679549154097,0.101840440465,0.726526993202,-67.8770777063,-0.588748371277,-0.66656025693,-0.457244769463,-79.4517998267,0.437708010533,-0.73846188024,0.512918852205,73.0394243019
427,427,42.7,1,320.000854492,320.000610352,320,239.999267578,-0.674406963963,0.0977753624841,0.731857380538,-68.1494675482,-0.589915062164,-0.667448551011,-0.454436630551,-80.0949590583,0.444044441909,-0.738208920459,0.507811109927,73.6811742679
428,428,42.8,1,320.000854492,320.000610352,320,239.999267578,-0.669075841142,0.0943186585114,0.737184854332,-68.4249557074,-0.591172821791,-0.668664165047,-0.45100213875,-80.6893274317,0.450391178395,-0.737558285858,0.50314566617,74.2682912853
429,429,42.9,1,320.000762939,320.000701904,319.999786377,239.999191284,-0.663432292304,0.0919522622675,0.742564727813,-68.6792025102,-0.592569081256,-0.670520474644,-0.446390162326,-81.2327036791,0.456858268467,-0.736170547188,0.499333003101,74.803975487
430,430,43,1,320.000762939,320.000701904,319.999786377,239.999191284,-0.657885455232,0.0894929397213,0.747781880988,-68.9218715865,-0.593871062406,-0.672259623537,-0.442022804615,-81.7354742764,0.463145645591,-0.734886394147,0.495417095655,75.2907562483
431,431,43.1,1,320.000762939,320.000701904,319.999786377,239.999191284,-0.652366044953,0.0875752683126,0.752827414334,-69.1583553173,-0.59518774635,-0.674155777806,-0.43733915197,-82.1893917915,0.469222857487,-0.733378865001,0.491920065032,75.7274645406
432,432,43.2,1,320.000762939,320.000701904,319.999786377,239.999191284,-0.647000123444,0.0861382618584,0.75760876454,-69.3752094711,-0.596473401767,-0.676128288979,-0.432515916269,-82.5962933432,0.474984548431,-0.731731328211,0.488834268506,76.1179301793
433,433,43.3,1,320.000640869,320.000549316,319.999450684,239.999221802,-0.641507536769,0.0852935513687,0.762360210375,-69.5638188354,-0.598006690624,-0.678058377897,-0.42734626959,-82.9553389338,0.480474846623,-0.730042359222,0.485985674176,76.4770529732
434,434,43.4,1,320.000640869,320.000549316,319.999450684,239.999221802,-0.63656367774,0.0846459083969,0.766564905519,-69.7401058588,-0.599238658857,-0.679987360111,-0.422528365699,-83.2649156663,0.485489149119,-0.728321536329,0.483578355395,76.7733753957
435,435,43.5,1,320.000640869,320.000549316,319.999450684,239.999221802,-0.631851086907,0.0843754084895,0.770483610738,-69.8954200819,-0.600492989859,-0.681811201993,-0.417781825798,-83.5290827639,0.490073844542,-0.72664590777,0.481469990359,77.0276689278
436,436,43.6,1,320.000640869,320.000549316,319.999450684,239.999221802,-0.627427026372,0.0844107154298,0.774086660328,-70.0306130792,-0.601831009555,-0.68336789091,-0.413288956555,-83.7522849957,0.494099951948,-0.725178017313,0.479564469797,77.244071958
437,437,43.7,1,320.000640869,320.000549316,319.999450684,239.999221802,-0.623653579315,0.0847156322425,0.777096824508,-70.1340486613,-0.60298123056,-0.6847727967,-0.409267458383,-83.9227747275,0.497463414332,-0.723815914824,0.478142941857,77.4082344438
438,438,43.8,1,320.000671387,320.000549316,319.999176025,239.999221802,-0.620499173074,0.0851343328405,0.779572268354,-70.1983040399,-0.6040150433,-0.68588806283,-0.405861297411,-84.0502242048,0.500146582196,-0.722709976851,0.477015393544,77.5338961094
439,439,43.9,1,320.000671387,320.000549316,319.999176025,239.999221802,-0.617808235386,0.0859799368592,0.781613993444,-70.2543570894,-0.605267904221,-0.686529625968,-0.402899288641,-84.1392275633,0.501959907173,-0.722000362275,0.476184552948,77.6116913048
440,440,44,1,320.000671387,320.000549316,319.999176025,239.999221802,-0.615927146643,0.0867911059489,0.783007697252,-70.277683065,-0.606265526785,-0.686901161823,-0.400760408372,-84.1736280289,0.503066457896,-0.721549788867,0.475699528196,77.6482628
441,441,44.1,1,320.000671387,320.000549316,319.999176025,239.999221802,-0.614761256096,0.0878697547422,0.78380323054,-70.2911564405,-0.60736187688,-0.686733558956,-0.399385239483,-84.1962381466,0.503170098989,-0.721578772696,0.475545924468,77.6718444687
442,442,44.2,1,320.000671387,320.000549316,319.999176025,239.999221802,-0.614301543216,0.0890121936693,0.784034720775,-70.304740207,-0.608442754669,-0.686099496641,-0.398829405885,-84.2103191909,0.502425146956,-0.72204176478,0.475630803902,77.6849354935
443,443,44.3,1,320.000671387,320.000549316,319.999176025,239.999221802,-0.614692841383,0.0901162115591,0.783601798854,-70.3534125362,-0.609362439494,-0.68505004948,-0.399229065878,-84.3013618372,0.500829440116,-0.722900752609,0.476008795918,77.7862502836
444,444,44.4,1,320.000671387,320.000549316,319.999176025,239.999221802,-0.61556195354,0.0912086447611,0.782792734046,-70.4519470123,-0.61023265418,-0.683705735689,-0.400203166852,-84.4901838908,0.498697893645,-0.72403553097,0.476521731684,77.9781378254
445,445,44.5,1,320.000671387,320.000549316,319.999176025,239.999221802,-0.617131768713,0.0924342213675,0.781411731909,-70.6104703754,-0.611119104914,-0.681868257779,-0.401981490423,-84.7549959438,0.495663010174,-0.725611186349,0.477290882577,78.2552469942
446,446,44.6,1,320.000671387,320.000549316,319.999176025,239.999221802,-0.619271973825,0.0934943899816,0.779590290779,-70.815319514,-0.611806552568,-0.67977828323,-0.404467832942,-85.1056739422,0.49213307618,-0.727434041471,0.478168119638,78.621091474
447,447,44.7,1,320.000671387,320.000549316,319.999176025,239.999221802,-0.621656710542,0.0945227438817,0.77756567898,-71.0777524273,-0.612596528373,-0.677292076273,-0.407432125444,-85.5503325715,0.488127470712,-0.729616950398,0.478947468966,79.0810154326
448,448,44.8,1,320.000579834,320.000549316,319.999298096,239.999267578,-0.624480593243,0.0954077830725,0.775191165837,-71.3910634331,-0.613325879371,-0.674422147379,-0.411079229368,-86.0688934553,0.483585932752,-0.732155804494,0.479679605144,79.6259961325
449,449,44.9,1,320.000579834,320.000549316,319.999298096,239.999267578,-0.627819943526,0.0962071820106,0.772389989993,-71.7822456936,-0.613786134975,-0.671428979813,-0.415270641366,-86.6593876339,0.478653004821,-0.734797457261,0.480587138591,80.2535779501
450,450,45,1,320.000579834,320.000549316,319.999298096,239.999267578,-0.631411891391,0.0968497472834,0.76937581835,-72.2252546089,-0.614165583886,-0.668180836724,-0.419922617877,-87.3374059636,0.47341277864,-0.737668283096,0.481379107497,80.9730799206
451,451,45.1,1,320.000396729,320.000610352,319.999206543,239.999038696,-0.635332107556,0.0973191173484,0.766082307919,-72.7560720227,-0.614314846373,-0.664817013876,-0.425012479331,-88.0593363259,0.467942712984,-0.740639809529,0.482164173188,81.776378187
452,452,45.2,1,320.000396729,320.000610352,319.999206543,239.999038696,-0.639393010807,0.0975684525315,0.762664391985,-73.3624013879,-0.614390273781,-0.661209610121,-0.430495578336,-88.8651920188,0.462278237878,-0.743829448566,0.482717911653,82.668624228
453,453,45.3,1,320.000549316,320.000549316,319.998901367,239.99911499,-0.643493039954,0.0976407484308,0.759198914499,-74.0818264678,-0.614410295582,-0.657429166211,-0.436218844271,-89.6992626586,0.456526774913,-0.747163419648,0.483042573824,83.6504233734
454,454,45.4,1,320.000549316,320.000549316,319.998901367,239.99911499,-0.647751065338,0.0973530602427,0.755606338654,-74.9009156405,-0.614250828616,-0.653448003688,-0.442381765018,-90.5835130533,0.450682234947,-0.750685079203,0.483070838454,84.7333832953
455,455,45.5,1,320.000823975,320.000518799,319.998962402,239.999237061,-0.652459559232,0.0962953937217,0.751680597538,-75.81132321,-0.613507439509,-0.649390297045,-0.449333799942,-91.4893602201,0.44486531134,-0.754333771783,0.482778847418,85.8948341685
456,456,45.6,1,320.000823975,320.000518799,319.998962402,239.999237061,-0.656806575086,0.0954725846996,0.747990714176,-76.8755038581,-0.613038450171,-0.64520637264,-0.455952404661,-92.3911990834,0.43907742089,-0.758019605469,0.482304153196,87.1572569305
457,457,45.7,1,320.000793457,320.000396729,319.998565674,239.999465942,-0.661081914408,0.0935480968958,0.744459170143,-78.0896706905,-0.612267494376,-0.6407782845,-0.463175674495,-93.2632992908,0.433704067047,-0.762005212371,0.480883393918,88.5043206849
458,458,45.8,1,320.000793457,320.000396729,319.998565674,239.999465942,-0.66538860305,0.0918474152761,0.740825255535,-79.4946351897,-0.611339235772,-0.636558674444,-0.47016740933,-94.0765515308,0.428395081364,-0.765739581253,0.47970881581,89.9118935187
459,459,45.9,1,320.000762939,320.000366211,319.99887085,239.999542236,-0.669385538561,0.0900183401438,0.737441319159,-81.0550779833,-0.610309579233,-0.632629442355,-0.476762211341,-94.8451233852,0.423609747601,-0.769205230809,0.478412055276,91.3644312681
460,460,46,1,320.000762939,320.000366211,319.99887085,239.999542236,-0.673211459889,0.0874759097466,0.734257649254,-82.8425586434,-0.609267441918,-0.628307231977,-0.483759451033,-95.5208331596,0.419022093083,-0.773031685935,0.476279852659,92.8535262057
461,461,46.1,1,320.000854492,320.000244141,319.998962402,239.999679565,-0.676830119107,0.0846214868395,0.731259320511,-84.7961776581,-0.607915276766,-0.624453354048,-0.490404960102,-96.1163042788,0.415138538495,-0.776464559773,0.47409153259,94.3307578065
462,462,46.2,1,320.000854492,320.000244141,319.998962402,239.999679565,-0.680304264041,0.0806020784778,0.728484326031,-86.9788298991,-0.605991324732,-0.620931701388,-0.49721055556,-96.6293247505,0.412262807778,-0.779709642852,0.471266644446,95.7990188495
463,463,46.3,1,320.00088501,320.000213623,319.998962402,239.999725342,-0.683242788876,0.0766613042177,0.726155861978,-89.3038960343,-0.604220525688,-0.617745570926,-0.503297095103,-97.0675808444,0.409996155819,-0.782632387547,0.46839054023,97.2329054357
464,464,46.4,1,320.00088501,320.000213623,319.998962402,239.999725342,-0.686104918208,0.0725289732267,0.723878159122,-91.7465074704,-0.602668253431,-0.614000580262,-0.509700170437,-97.404485009,0.407493579725,-0.785966179603,0.464979727518,98.5607116576
465,465,46.5,1,320.000732422,320.000152588,319.999359131,239.999755859,-0.688525019391,0.0686370220926,0.721957240334,-94.1695100592,-0.601305105289,-0.610557743017,-0.51541382674,-97.6838718597,0.405420113001,-0.788991889464,0.461656073647,99.8040483706
466,466,46.6,1,320.000732422,320.000152588,319.999359131,239.999755859,-0.690841232818,0.0644801301899,0.720125477851,-96.6435986837,-0.599790775832,-0.607276386145,-0.521024391039,-97.9056690648,0.403719477194,-0.79186975169,0.458206154578,101.000305686
467,467,46.7,1,320.000732422,320.000274658,319.999420166,239.999679565,-0.69259075035,0.0606837224428,0.718773634992,-99.0914009007,-0.598684094438,-0.604187159521,-0.525866172459,-98.1127619437,0.402362284013,-0.794528389738,0.454784817582,102.171566915
468,468,46.8,1,320.000732422,320.000274658,319.999420166,239.999679565,-0.694240213601,0.0570884140086,0.717475740918,-101.559021649,-0.597613789498,-0.601260161577,-0.530418680574,-98.288306602,0.401108818677,-0.797011374503,0.451535806435,103.314153293
469,469,46.9,1,320.000732422,320.000549316,319.999359131,239.999450684,-0.695232514818,0.0539122245224,0.716760226566,-103.981947009,-0.596978594684,-0.598701257019,-0.534016256619,-98.4750902857,0.400335244301,-0.799155977823,0.448421024574,104.465450844
470,470,47,1,320.000732422,320.000549316,319.999359131,239.999450684,-0.696060836185,0.0509373484488,0.716173651332,-106.408235314,-0.596282206926,-0.596631927782,-0.537101361434,-98.6333826564,0.399933547021,-0.800896828115,0.445665153094,105.62810902
471,471,47.1,1,320.000793457,320.000671387,319.999328613,239.999404907,-0.696509415629,0.0487055249005,0.715892733434,-108.784574992,-0.595883759717,-0.595077312321,-0.53926388463,-98.8107845852,0.399746393161,-0.802191226707,0.443499782356,106.814472384
472,472,47.2,1,320.000793457,320.000671387,319.999328613,239.999404907,-0.696471263816,0.0468116663789,0.716056175568,-111.145612542,-0.595707785539,-0.594060066135,-0.540578275619,-98.9874696305,0.400075009124,-0.803057473481,0.44163183916,108.035709383
473,473,47.3,1,320.000946045,320.000518799,319.999359131,239.99949646,-0.69633018614,0.045737888599,0.716262743284,-113.410212096,-0.59545271584,-0.593974576614,-0.540953108444,-99.2137088033,0.400699806676,-0.803182574439,0.440837177479,109.312293593
474,474,47.4,1,320.000946045,320.000518799,319.999359131,239.99949646,-0.695499911675,0.045230741322,0.717101145515,-115.648336184,-0.59567361216,-0.594403330842,-0.540238491835,-99.4446483934,0.401811921968,-0.802894052988,0.440350223164,110.654776388
475,475,47.5,1,320.000946045,320.000579834,319.999359131,239.999389648,-0.693982425463,0.0455842375782,0.718547472637,-117.809033518,-0.596368133015,-0.595556603131,-0.538198274236,-99.7134946685,0.403402333996,-0.802018958474,0.440490802601,112.097728567
476,476,47.6,1,320.000946045,320.000579834,319.999359131,239.999389648,-0.692169706688,0.0469089058105,0.720208755639,-119.885420787,-0.597286020359,-0.597405831351,-0.535122119288,-99.9820789783,0.405154917318,-0.800565941834,0.441524252731,113.621403116
477,477,47.7,1,320.00100708,320.000671387,319.999298096,239.999313354,-0.68956306189,0.0493711219155,0.722540847287,-121.858601279,-0.59883976581,-0.599955765011,-0.53051297337,-100.282055135,0.4073005261,-0.798508342067,0.443272725405,115.260408826
478,478,47.8,1,320.00100708,320.000671387,319.999298096,239.999313354,-0.686635497163,0.0530799807789,0.725061521304,-123.73891276,-0.600627835957,-0.603333957142,-0.524627809817,-100.563129607,0.409607002758,-0.795720209496,0.446151825605,116.968039962
479,479,47.9,1,320.001098633,320.000762939,319.999237061,239.999221802,-0.683052249833,0.0581540629592,0.72805063626,-125.525796021,-0.602938749927,-0.607470285424,-0.517150573976,-100.826062108,0.412194720774,-0.792210803567,0.449997283189,118.764951903
480,480,48,1,320.001098633,320.000762939,319.999237061,239.999221802,-0.678898615461,0.0646111137545,0.731383670795,-127.21883109,-0.605640386905,-0.612419245247,-0.508077149457,-101.057885416,0.415086005154,-0.78788836267,0.454901677612,120.635393554
481,481,48.1,1,320.001098633,320.00088501,319.999145508,239.99911499,-0.673980235884,0.0723106957387,0.735201880384,-128.814630402,-0.608617369174,-0.618438640949,-0.497110194345,-101.259652612,0.418730867716,-0.782499080296,0.46082496651,122.577168246
482,482,48.2,1,320.001098633,320.00088501,319.999145508,239.99911499,-0.668661791438,0.0813262465578,0.739105845121,-130.32465424,-0.611737803108,-0.625222327601,-0.48463790743,-101.4166843,0.422691694879,-0.776197837339,0.467812621025,124.574519031
483,483,48.3,1,320.001068115,320.00088501,319.999084473,239.999130249,-0.662758351248,0.0914762024102,0.743225048181,-131.73278114,-0.615063596994,-0.632633301875,-0.470607986557,-101.545527318,0.427139484833,-0.769030044765,0.475546686189,126.628081473
484,484,48.4,1,320.001068115,320.00088501,319.999084473,239.999130249,-0.65636640115,0.102869788246,0.74739611593,-133.064850047,-0.61864313135,-0.640404564889,-0.455151259805,-101.638330106,0.431814570706,-0.761117467895,0.483979727458,128.713236927
485,485,48.5,1,320.001037598,320.000946045,319.999084473,239.99911499,-0.649623886169,0.11528634917,0.751463814307,-134.277064726,-0.622256487043,-0.648515210411,-0.438434585996,-101.728575758,0.436790190883,-0.752420812817,0.493028649866,130.845841189
486,486,48.6,1,320.001037598,320.000946045,319.999084473,239.99911499,-0.642459754437,0.128591122673,0.755453365271,-135.381250279,-0.625936071953,-0.656786539335,-0.420518103744,-101.779285701,0.44209670634,-0.743031469669,0.502448740992,133.0059438
487,487,48.7,1,320.00100708,320.00100708,319.999084473,239.99911499,-0.634984361402,0.142765351167,0.759218621532,-136.300117124,-0.629604804982,-0.66512313135,-0.401508417952,-101.851240715,0.447652376648,-0.732959258519,0.512228537893,135.24006473
488,488,48.8,1,320.00100708,320.00100708,319.999084473,239.99911499,-0.627024397626,0.15738453367,0.762935458176,-136.985173676,-0.63326766344,-0.673341646782,-0.381553525932,-101.909897124,0.453665594048,-0.722385724714,0.521868176369,137.530949919
489,489,48.9,1,320.001098633,320.001068115,319.999053955,239.999130249,-0.61886587426,0.172887382546,0.766234287038,-137.205707473,-0.63681401169,-0.681513534858,-0.360565134644,-102.021909384,0.459861875123,-0.711090187502,0.531862577219,139.889152417
490,490,49,1,320.001098633,320.001068115,319.999053955,239.999130249,-0.61029067919,0.188407233793,0.769446555096,-136.298600944,-0.640397067727,-0.689079835423,-0.339205801925,-102.210606665,0.466301278725,-0.699765456898,0.541194440836,141.990930696
491,491,49.1,1,320.00100708,320.001037598,319.999084473,239.999252319,-0.601628354005,0.203986337735,0.77229068211,-134.327887885,-0.643761478869,-0.696198730578,-0.317613736899,-102.529512043,0.472878929518,-0.688256421372,0.550171442787,143.136508728
492,492,49.2,1,320.00100708,320.001037598,319.999084473,239.999252319,-0.592505666264,0.219686598487,0.77503215023,-132.141385629,-0.647063973107,-0.702866215923,-0.295444237076,-102.930837205,0.479838775165,-0.676547766946,0.558603498816,143.520544475
493,493,49.3,1,320.00100708,320.001037598,319.999084473,239.999252319,-0.583766241683,0.233964751942,0.777481491689,-130.006284718,-0.648702331436,-0.710262165629,-0.273336681156,-103.370466932,0.488264539221,-0.66391878338,0.566400555098,143.453872634
494,494,49.4,1,320.001434326,320.001251221,319.998809814,239.99911499,-0.574686677516,0.247514195367,0.780046117725,-127.991316495,-0.649753731282,-0.717499064815,-0.251028246766,-103.88634669,0.497549305468,-0.651100464661,0.573160425664,143.17208678
495,495,49.5,1,320.001434326,320.001251221,319.998809814,239.99911499,-0.566085728912,0.260311632696,0.782166735041,-126.072215913,-0.649898925477,-0.724639480943,-0.229192079535,-104.472241993,0.507127532467,-0.638071686052,0.579384319147,142.7786595
496,496,49.6,1,320.001434326,320.001251221,319.998809814,239.99911499,-0.557618071306,0.272248959196,0.784182753426,-124.253814565,-0.649276631483,-0.731648499544,-0.207678426721,-105.117057304,0.51720589939,-0.624956780371,0.584745312341,142.292171775
497,497,49.7,1,320.002044678,320.001068115,319.998077393,239.998733521,-0.548811808606,0.282906165685,0.786619158266,-122.516637582,-0.648116522435,-0.738314119245,-0.186647353774,-105.768478369,0.527968343825,-0.612255145133,0.588551667381,141.746408165
498,498,49.8,1,320.002044678,320.001068115,319.998077393,239.998733521,-0.540795192479,0.292489998491,0.788663528112,-120.854452306,-0.645838747497,-0.745091020164,-0.16652832763,-106.393556553,0.538918242429,-0.599407184186,0.591843015945,141.197764124
499,499,49.9,1,320.002044678,320.001068115,319.998077393,239.998733521,-0.533147334365,0.300636935279,0.790804244428,-119.244003127,-0.642724895491,-0.751759397843,-0.147521240747,-106.97077964,0.550144188896,-0.58692013162,0.594025361852,140.644759929
500,500,50,1,320.002471924,320.001373291,319.997833252,239.998458862,-0.525697041398,0.307115857997,0.793298474997,-117.638970973,-0.638627220567,-0.758533956897,-0.129543465234,-107.543913815,0.561958978767,-0.574722616573,0.594891603725,140.112539813
501,501,50.1,1,320.002471924,320.001373291,319.997833252,239.998458862,-0.518757170143,0.311942077078,0.795979358384,-116.133569807,-0.633605242167,-0.765360889385,-0.112991619592,-108.009892574,0.573964629157,-0.562951906958,0.594684584405,139.582795585
502,502,50.2,1,320.002471924,320.001373291,319.997833252,239.998458862,-0.512192253552,0.315110696471,0.798977061229,-114.660757598,-0.627792710147,-0.772198989122,-0.0979031883297,-108.387293313,0.586118937152,-0.551737229275,0.593338538563,139.08747399
503,503,50.3,1,320.002441406,320.001739502,319.997314453,239.998336792,-0.505895704823,0.316997777212,0.802235592008,-113.167618819,-0.621098611636,-0.779244093516,-0.0837565361318,-108.760211589,0.5985867109,-0.540639484281,0.591103119236,138.646845772
504,504,50.4,1,320.002441406,320.001739502,319.997314453,239.998336792,-0.499931678628,0.317367151193,0.805820332362,-111.791066377,-0.613846870518,-0.786208817578,-0.0711878832259,-109.01635799,0.610950354987,-0.530239367179,0.587865526489,138.22042328
505,505,50.5,1,320.002441406,320.001739502,319.997314453,239.998336792,-0.4941983175,0.316600968949,0.809649213821,-110.458187264,-0.606044422327,-0.793182855875,-0.0597588094881,-109.190645899,0.623280178688,-0.520216093183,0.583863884178,137.848311835
506,506,50.6,1,320.001831055,320.002197266,319.996887207,239.998443604,-0.488692932373,0.314863640108,0.813658470113,-109.15934033,-0.597871083231,-0.800063326057,-0.0494857770988,-109.335502675,0.635397029962,-0.510646220428,0.579233158477,137.504741779
507,507,50.7,1,320.001831055,320.002197266,319.996887207,239.998443604,-0.483397975166,0.312194490272,0.81783922494,-107.947310679,-0.589334300979,-0.806882291128,-0.0403243097123,-109.410934185,0.647310960277,-0.501473397608,0.574032187422,137.191061159
508,508,50.8,1,320.001831055,320.002197266,319.996887207,239.998443604,-0.478207602716,0.308770774773,0.822178871871,-106.608884516,-0.580505806813,-0.813623748594,-0.0320843260689,-109.480884778,0.659037553528,-0.492622578014,0.568324290058,136.864185014
509,509,50.9,1,320.001831055,320.002197266,319.996887207,239.998443604,-0.473346451376,0.304671620941,0.82650973398,-105.148598886,-0.571526614816,-0.820203550225,-0.0249692762141,-109.488872456,0.670298788248,-0.484191428663,0.562368380052,136.511369966
510,510,51,1,320.001312256,320.002685547,319.99621582,239.998199463,-0.468601716956,0.300033895104,0.830898364816,-103.528900159,-0.562356278797,-0.826684934447,-0.0186396044757,-109.481321503,0.681298647117,-0.475995463158,0.556111924427,136.177588962
511,511,51.1,1,320.001312256,320.002685547,319.99621582,239.998199463,-0.463883755558,0.295187824229,0.835270022063,-101.805054993,-0.553458977339,-0.832773900203,-0.0130687238755,-109.446880493,0.69173334583,-0.468350060924,0.549684635677,135.82324916
512,512,51.2,1,320.001312256,320.002685547,319.99621582,239.998199463,-0.45939052623,0.290057327967,0.839539809004,-99.9782085372,-0.544639365109,-0.838629477555,-0.00828017808533,-109.354197888,0.701661105082,-0.461050263927,0.543235075955,135.453204983
513,513,51.3,1,320.000579834,320.002655029,319.996185303,239.998291016,-0.455072269868,0.284917113054,0.843641788845,-98.0059548832,-0.536002624176,-0.844206746504,-0.00401945689371,-109.259146313,0.711062877722,-0.454023356058,0.536891400639,135.090043597
514,514,51.4,1,320.000579834,320.002655029,319.996185303,239.998291016,-0.450800559294,0.2798599809,0.847618573906,-95.9357241879,-0.527757346733,-0.849395153273,-0.000237837764639,-109.140059688,0.719896547227,-0.447444147003,0.530605971134,134.691210896
515,515,51.5,1,320.000579834,320.002655029,319.996185303,239.998291016,-0.446922312089,0.275057136138,0.851236758379,-93.7279372548,-0.520058325777,-0.854125669463,0.00294593853243,-109.02262246,0.727873467539,-0.441376157743,0.524773572724,134.264279007
516,516,51.6,1,320.000610352,320.002990723,319.996520996,239.997375488,-0.443203010634,0.270522874463,0.854627676685,-91.4353850631,-0.512992018393,-0.858374614492,0.00567540840044,-108.926479765,0.735126030303,-0.435901818748,0.519210288787,133.820067106
517,517,51.7,1,320.000610352,320.002990723,319.996520996,239.997375488,-0.439630345218,0.266690191667,0.857672140874,-88.9876303352,-0.506451055735,-0.86222674521,0.00850693770336,-108.895652226,0.74177657533,-0.430629053261,0.514126570777,133.328616188
518,518,51.8,1,320.000305176,320.002929688,319.996704102,239.997543335,-0.436143929691,0.263673960741,0.860380447837,-86.4305870008,-0.501076638936,-0.865330625157,0.0111853063704,-108.922318307,0.747462824833,-0.426238139533,0.509529561361,132.805075965
519,519,51.9,1,320.000305176,320.002929688,319.996704102,239.997543335,-0.433165546126,0.261260323723,0.862618486295,-83.7600535855,-0.496119584076,-0.868144422071,0.0138065464142,-108.989655074,0.752484530037,-0.421981404419,0.505666615844,132.227549501
520,520,52,1,320.000213623,320.002441406,319.996826172,239.998062134,-0.43045814887,0.259868594034,0.864392327538,-81.0021838911,-0.492184810511,-0.870333353741,0.0165519083024,-109.125871417,0.756610794513,-0.418315870128,0.502545459064,131.619524419
521,521,52.1,1,320.000213623,320.002441406,319.996826172,239.998062134,-0.427995999933,0.259368225926,0.865764140757,-78.3014407897,-0.489204967337,-0.871953486104,0.0193808669396,-109.293775673,0.759932841752,-0.415241184675,0.500076828673,131.030279137
522,522,52.2,1,320.000518799,320.002044678,319.997344971,239.998733521,-0.426197475675,0.259664178912,0.866562303541,-75.6474563046,-0.487042562909,-0.873099012991,0.0220829216561,-109.470812337,0.762328835636,-0.412641039772,0.498580102544,130.422956564
523,523,52.3,1,320.000518799,320.002044678,319.997344971,239.998733521,-0.424571075505,0.260857127785,0.867002284154,-73.0756528696,-0.485841765662,-0.873690529814,0.0249526922864,-109.664881848,0.764000772633,-0.410631729166,0.49767901545,129.832729755
524,524,52.4,1,320.000610352,320.002258301,319.997314453,239.998641968,-0.423336952992,0.262523967893,0.867102641279,-70.6178301172,-0.485337726194,-0.873890166367,0.0276273172958,-109.84132433,0.765005304403,-0.409141959971,0.497362785928,129.253291253
525,525,52.5,1,320.000610352,320.002258301,319.997314453,239.998641968,-0.422527363923,0.264756737478,0.86681860657,-68.1757927302,-0.485733957186,-0.873589819896,0.0300557716628,-110.009140303,0.765201378444,-0.40834384596,0.497716941538,128.677486482
526,526,52.6,1,320.000946045,320.002319336,319.997344971,239.998580933,-0.422288352823,0.267131551774,0.866206257838,-65.8032734039,-0.486555858432,-0.873061665911,0.0320425364559,-110.149238016,0.764811050976,-0.407926539422,0.498658194298,128.1018004
527,527,52.7,1,320.000946045,320.002319336,319.997344971,239.998580933,-0.422448510552,0.269627665732,0.865354365451,-63.4832959416,-0.488032484851,-0.872182059352,0.0335074480329,-110.248198548,0.763781087526,-0.408165869734,0.500039071595,127.544255457
528,528,52.8,1,320.00112915,320.002258301,319.997131348,239.998397827,-0.4228785784,0.272186861962,0.864342536328,-61.2156374097,-0.490052688789,-0.871008699024,0.0345283714484,-110.331163395,0.762248037152,-0.40897207533,0.501716823975,127.001275319
529,529,52.9,1,320.00112915,320.002258301,319.997131348,239.998397827,-0.424005397911,0.274482818443,0.863063499936,-58.9976129244,-0.49239135204,-0.869682488439,0.0346861029691,-110.374397963,0.760111951609,-0.410257908738,0.503903035651,126.467708131
530,530,53,1,320.00100708,320.001831055,319.997192383,239.998825073,-0.296472937627,0.268342093761,0.916567683246,-58.6079647637,-0.498052652049,-0.862320632238,0.0913601828131,-120.760538589,0.814891006848,-0.429413143642,0.38930322247,150.397431815
531,531,53.1,1,320.000854492,320.001953125,319.997436523,239.998687744,-0.298951517601,0.27085249306,0.915022905248,-56.4713111687,-0.499766853194,-0.861295613188,0.0916676559717,-120.757350609,0.812933627409,-0.429893933088,0.392848728802,149.67533828
532,532,53.2,1,320.000854492,320.001953125,319.997436523,239.998687744,-0.301477057779,0.270958254049,0.914162572082,-54.5222517317,-0.502777720941,-0.859817490996,0.0890418188419,-120.617768686,0.810139584861,-0.432776508997,0.395447020853,148.991176916
533,533,53.3,1,320.000854492,320.001953125,319.997436523,239.998687744,-0.304626299641,0.269881338717,0.913436850898,-52.6300527308,-0.505946283026,-0.858378209327,0.0848834992444,-120.429174695,0.806982760819,-0.436292233216,0.398030037782,148.338162416
534,534,53.4,1,320.000854492,320.001953125,319.997436523,239.998687744,-0.308913695357,0.268139811664,0.912509380895,-50.6831978346,-0.508926504435,-0.857123871059,0.0795768983074,-120.198055266,0.803471307456,-0.439817815762,0.401240759437,147.644565181
535,535,53.5,1,320.000823975,320.00189209,319.997711182,239.998840332,-0.31386800366,0.265015592293,0.911731107356,-48.8562788272,-0.512354115645,-0.855720804584,0.0723544385926,-119.959876764,0.799362331149,-0.444419442018,0.404365210046,146.963496794
536,536,53.6,1,320.000823975,320.00189209,319.997711182,239.998840332,-0.319078171225,0.260537979656,0.911212972803,-47.0909949883,-0.515057704421,-0.854759899712,0.0640396358496,-119.722008252,0.795553066592,-0.448893612118,0.406927319353,146.410145076
537,537,53.7,1,320.000823975,320.00189209,319.997711182,239.998840332,-0.324978577216,0.254186670575,0.910921544839,-45.403716096,-0.517267863197,-0.854130846649,0.0538001348209,-119.434502994,0.791721467471,-0.453706549771,0.409056823242,145.922488395
538,538,53.8,1,320.000915527,320.001922607,319.997711182,239.999008179,-0.330444857823,0.246938057918,0.910948841313,-43.7120891928,-0.519329212806,-0.853492889367,0.0429773955275,-119.158803021,0.788101113224,-0.458880685311,0.41027448371,145.361683169
539,539,53.9,1,320.000915527,320.001922607,319.997711182,239.999008179,-0.337459557619,0.237137835527,0.910981171009,-41.8469971576,-0.520614474121,-0.853290134247,0.0292662968608,-118.812674504,0.784271391999,-0.464393791687,0.411408300761,144.874750021
540,540,54,1,320.000915527,320.001922607,319.997711182,239.999008179,-0.345326485012,0.225327345211,0.911030848133,-39.885194334,-0.521100972443,-0.853387520414,0.0135468269663,-118.40886749,0.780514827065,-0.470060982748,0.412115611485,144.40257695
541,541,54.1,1,320.000946045,320.001831055,319.997680664,239.999008179,-0.357246398856,0.203497232407,0.911572206085,-37.8140490285,-0.518757267415,-0.854830605342,-0.0124713140937,-117.945118167,0.776701942838,-0.477340038729,0.4109508236,143.91398541
542,542,54.2,1,320.000946045,320.001831055,319.997680664,239.999008179,-0.368468356835,0.181947340266,0.911661250345,-35.6904232249,-0.515969195709,-0.85577506725,-0.0377468323408,-117.460380544,0.773309032076,-0.484297635388,0.409205255669,143.448456434
543,543,54.3,1,320.001159668,320.001831055,319.997528076,239.999130249,-0.381392650495,0.160564578054,0.910361830496,-33.4433858647,-0.512856839192,-0.856095195032,-0.0638661063239,-116.871014757,0.769101754414,-0.491243354477,0.408855057496,142.979127742
544,544,54.4,1,320.001159668,320.001831055,319.997528076,239.999130249,-0.392667149427,0.138909318456,0.909129644774,-31.1052830176,-0.509481929748,-0.855836464592,-0.0892866682973,-116.250950721,0.765663550798,-0.498245067333,0.406830652554,142.508751288
545,545,54.5,1,320.001190186,320.001983643,319.997344971,239.998886108,-0.403548507445,0.117535961978,0.907377484722,-28.7329654834,-0.505769366689,-0.855079768597,-0.114175028159,-115.577930471,0.762460457898,-0.504998897997,0.404512253416,142.017433187
546,546,54.6,1,320.001190186,320.001983643,319.997344971,239.998886108,-0.414629186796,0.0957715852477,0.904936705475,-26.1609390003,-0.5017666998,-0.853671011089,-0.139556382146,-114.842339653,0.759152696385,-0.511931253475,0.402011909384,141.536095238
547,547,54.7,1,320.00112915,320.002044678,319.997283936,239.998687744,-0.424939164932,0.0743460889084,0.902163713065,-23.5287420445,-0.497991006084,-0.851456656396,-0.164397445656,-114.09438929,0.755930991537,-0.519128328396,0.398840964159,141.047615999
548,548,54.8,1,320.00112915,320.002044678,319.997283936,239.998687744,-0.43561905263,0.0527748801415,0.898582691249,-20.8990145946,-0.49357290331,-0.84882527381,-0.189423978578,-113.309507545,0.752742871174,-0.526032761877,0.395812712439,140.545490344
549,549,54.9,1,320.001220703,320.001953125,319.997406006,239.998779297,-0.446395639719,0.0309784155854,0.894299318242,-18.2839275583,-0.48879758189,-0.84556631841,-0.214696355603,-112.533774337,0.749538429154,-0.532970861247,0.392599292261,139.979583497
550,550,55,1,320.001220703,320.001953125,319.997406006,239.998779297,-0.45698524534,0.00957578350243,0.889422728466,-15.7585618522,-0.48364241792,-0.841880387191,-0.239431462534,-111.72588505,0.746494807169,-0.539579204596,0.389358170375,139.290756494
551,551,55.1,1,320.001220703,320.002319336,319.997192383,239.99887085,-0.466969620244,-0.0117013193545,0.884195935805,-13.5366040593,-0.477711980336,-0.838104781732,-0.263384962899,-110.889281415,0.744130793351,-0.545383767601,0.385779611209,138.380400259
552,552,55.2,1,320.001220703,320.002319336,319.997192383,239.99887085,-0.477276282094,-0.0329667653236,0.878134695212,-11.2802188694,-0.4721222913,-0.833200750648,-0.287883745942,-109.960724008,0.741153083113,-0.551987048312,0.382102611725,137.334945128
553,553,55.3,1,320.001312256,320.002532959,319.997131348,239.999191284,-0.486394830731,-0.0543929347169,0.87204442392,-9.21778321533,-0.466304992645,-0.827880642196,-0.311726316039,-109.023905571,0.738904406857,-0.558260737406,0.377313167804,136.262815756
554,554,55.4,1,320.001312256,320.002532959,319.997131348,239.999191284,-0.496372222646,-0.0754567520121,0.864824198991,-7.05017481235,-0.460190764182,-0.82185028531,-0.335837116915,-108.098997384,0.736097192731,-0.564684325187,0.373219152431,135.217484039
555,555,55.5,1,320.001373291,320.002502441,319.997161865,239.999450684,-0.506411693051,-0.0964566664922,0.856879984963,-4.918274059,-0.453363656818,-0.815507256214,-0.359735054921,-107.209070716,0.73349068966,-0.570652281649,0.369252463269,134.167039641
556,556,55.6,1,320.001373291,320.002502441,319.997161865,239.999450684,-0.51614611066,-0.117133272636,0.84845329211,-2.77458207855,-0.446661969709,-0.808425804805,-0.383328583517,-106.357211356,0.730812066996,-0.576825376147,0.364946856633,133.139679871
557,557,55.7,1,320.001403809,320.002319336,319.997131348,239.999572754,-0.525884795139,-0.13747375041,0.839372474048,-0.601139671503,-0.439654969239,-0.800852778453,-0.406618168885,-105.580965615,0.72811310266,-0.582868591702,0.360715281826,132.143457508
558,558,55.8,1,320.001495361,320.002197266,319.99710083,239.999649048,-0.536039272703,-0.157301470344,0.829408310513,1.58364757588,-0.431979165114,-0.793003064732,-0.429581354616,-104.86904753,0.725297110864,-0.588559586409,0.35712982824,131.162379179
559,559,55.9,1,320.001495361,320.002197266,319.99710083,239.999649048,-0.545204523559,-0.177459679722,0.819304637827,3.70202962173,-0.424581941207,-0.784257183103,-0.452405621044,-104.19749846,0.72282930398,-0.594515544645,0.352234388559,130.190057837
560,560,56,1,320.001556396,320.002044678,319.99710083,239.999694824,-0.554938019593,-0.197249562412,0.808168549585,5.91554233199,-0.41671840387,-0.77489455694,-0.47527276116,-103.61934251,0.719992754329,-0.600525632886,0.347820928009,129.247863865
561,561,56.1,1,320.001434326,320.002258301,319.997039795,239.999328613,-0.56379751528,-0.210889273967,0.79853495596,8.07055569572,-0.41233969253,-0.765861387443,-0.493388602612,-103.08357577,0.715617453482,-0.607438926435,0.344832728904,128.320879589
562,562,56.2,1,320.001373291,320.002502441,319.99697876,239.99887085,-0.572398706886,-0.222584362167,0.789186873988,10.0735088262,-0.408122541424,-0.757431807172,-0.509640116813,-102.626410036,0.711193160497,-0.613802296511,0.342711291411,127.485530734
563,563,56.3,1,320.001373291,320.002502441,319.99697876,239.99887085,-0.580425091267,-0.232610103292,0.78038404217,11.8600160735,-0.404875825645,-0.749049931534,-0.524404200858,-102.222538929,0.706528328686,-0.620335989538,0.34058916725,126.723282898
564,564,56.4,1,320.001281738,320.002471924,319.997039795,239.998748779,-0.588394340865,-0.241059733606,0.771804576607,13.5425190269,-0.402262793821,-0.740748688502,-0.538029762365,-101.869954538,0.701410539089,-0.627041932662,0.3388829744,126.049805894
565,565,56.5,1,320.001281738,320.002471924,319.997039795,239.998748779,-0.595846417434,-0.247973258362,0.76385621027,14.9991657094,-0.40007529964,-0.733061426283,-0.550055178972,-101.552450035,0.696352497984,-0.633348409988,0.337584048968,125.451183413
566,566,56.6,1,320.001281738,320.002410889,319.997070312,239.998687744,-0.602830397792,-0.253367111359,0.756571621448,16.3156736197,-0.398721286029,-0.725681684757,-0.56072045484,-101.283606288,0.691098290814,-0.639680544718,0.336440118214,124.924959565
567,567,56.7,1,320.001281738,320.002410889,319.997070312,239.998687744,-0.609594387759,-0.257655179031,0.74967225581,17.4240161257,-0.39763791205,-0.71873100911,-0.570359384463,-101.035861486,0.685768746236,-0.645785990296,0.335680922043,124.490977448
568,568,56.8,1,320.001190186,320.002319336,319.997192383,239.998687744,-0.616124703191,-0.260712367138,0.743249225858,18.4112108804,-0.396836893385,-0.712364611545,-0.578841204707,-100.836498489,0.680375506736,-0.651587079245,0.33544514901,124.116290228
569,569,56.9,1,320.001190186,320.002319336,319.997192383,239.998687744,-0.622230262233,-0.262749258074,0.737422760798,19.1725044702,-0.396500007206,-0.706447921867,-0.586275598993,-100.65350601,0.674994255565,-0.657186549673,0.335393192958,123.821858493
570,570,57,1,320.001190186,320.002319336,319.997192383,239.998687744,-0.62791677108,-0.263836189359,0.732196007761,19.7594985125,-0.396670398255,-0.700930653698,-0.592746837912,-100.510499989,0.669606693324,-0.662636162529,0.335470106514,123.602054394
571,571,57.1,1,320.000976562,320.002319336,319.997375488,239.998474121,-0.633007196503,-0.264135937282,0.727690934265,20.20912326,-0.397461262096,-0.695754657766,-0.598289228827,-100.421729139,0.664324043151,-0.667950344587,0.335433902369,123.451413852
572,572,57.2,1,320.000976562,320.002319336,319.997375488,239.998474121,-0.6378736161,-0.263682560716,0.723594331831,20.4501624497,-0.398184663732,-0.691317108993,-0.602934182462,-100.361192892,0.65921637074,-0.672719972936,0.335978592415,123.371585704
573,573,57.3,1,320.000976562,320.002319336,319.997375488,239.998474121,-0.642303099604,-0.262591512784,0.720064181621,20.5183007242,-0.39912427031,-0.687451781811,-0.606720581928,-100.344404788,0.654329080119,-0.677093601432,0.336745764356,123.359085407
574,574,57.4,1,320.000976562,320.002319336,319.997375488,239.998474121,-0.646188786887,-0.260984596608,0.717166014278,20.5716214751,-0.400312243431,-0.68414965949,-0.609663309688,-100.333382717,0.649761617411,-0.681047930584,0.337614509146,123.353930474
575,575,57.5,1,320.000976562,320.002319336,319.997375488,239.998474121,-0.649662398134,-0.258990571021,0.714746565275,20.6112256622,-0.401611709993,-0.681356214883,-0.611932792745,-100.319748539,0.645481837737,-0.684600315923,0.338637866444,123.35001207
576,576,57.6,1,320.000976562,320.002319336,319.997375488,239.998474121,-0.652547219963,-0.256789689536,0.712910359769,20.6392861853,-0.403041646131,-0.679080854547,-0.613519864773,-100.311819059,0.641669351927,-0.687683247095,0.339635384585,123.353909899
577,577,57.7,1,320.000976562,320.002319336,319.997375488,239.998474121,-0.654979582442,-0.254287183876,0.711575557971,20.6534002841,-0.404442030193,-0.677473438623,-0.614374791291,-100.308956597,0.63830117562,-0.690194007564,0.340886845046,123.356283739
578,578,57.8,1,320.000976562,320.002319336,319.997375488,239.998474121,-0.656836998616,-0.251818458313,0.710740896039,20.7856727636,-0.405876631913,-0.676307803576,-0.614712871583,-100.271437937,0.635475661939,-0.692239278628,0.342016760127,123.312990673
579,579,57.9,1,320.000976562,320.002319336,319.997375488,239.998474121,-0.658179394026,-0.249298840683,0.710387199571,21.0367839213,-0.407221662713,-0.675749384689,-0.614437373952,-100.206630346,0.633222238,-0.693695075034,0.343244432113,123.215858516
580,580,58,1,320.000976562,320.002319336,319.997375488,239.998474121,-0.658907113128,-0.24692291173,0.710542392776,21.4074503571,-0.408496843714,-0.675712919053,-0.613630491176,-100.10623683,0.631642101941,-0.694579820242,0.344364818714,123.073052789
581,581,58.1,1,320.000579834,320.002624512,319.997375488,239.998245239,-0.658925987234,-0.24486541318,0.711236580032,21.9198437137,-0.409729860388,-0.676112095534,-0.61236743527,-99.9718744578,0.630823259601,-0.694919681475,0.345179158475,122.874129345
582,582,58.2,1,320.000579834,320.002624512,319.997375488,239.998245239,-0.658557989967,-0.242969063013,0.712227076338,22.5279392364,-0.410648867773,-0.677077398894,-0.610682981017,-99.805971888,0.630609927964,-0.694645398981,0.346119760238,122.635702667
583,583,58.3,1,320.000579834,320.002624512,319.997375488,239.998245239,-0.657683272849,-0.241191893704,0.71363799158,23.2560589243,-0.411440416689,-0.678548978472,-0.608512996845,-99.6148204285,0.631006732238,-0.693828331957,0.347034219702,122.348135944
584,584,58.4,1,320.000579834,320.00289917,319.997039795,239.998046875,-0.656484869099,-0.239629646714,0.715265859006,24.1385477421,-0.411844881525,-0.680550883121,-0.605998588319,-99.3760393254,0.631990039641,-0.692407486888,0.34808111396,122.021745916
585,585,58.5,1,320.000579834,320.00289917,319.997039795,239.998046875,-0.655009792435,-0.238355768712,0.717041630128,25.0989372141,-0.412263247216,-0.682531006807,-0.603481929922,-99.0841551125,0.633246545044,-0.690896484482,0.348799169897,121.651952829
586,586,58.6,1,320.000793457,320.002685547,319.997131348,239.998184204,-0.653466686667,-0.237415049148,0.718759614791,26.2397879173,-0.412026465649,-0.684985749528,-0.600856650582,-98.7535327984,0.634992504697,-0.688787788351,0.349794084566,121.241448609
587,587,58.7,1,320.000793457,320.002685547,319.997131348,239.998184204,-0.651623715157,-0.236437135915,0.720752394796,27.4478356639,-0.41206139624,-0.68742241515,-0.598043333612,-98.3647606825,0.636861004908,-0.686693457017,0.350514131694,120.798298108
588,588,58.8,1,320.000976562,320.002380371,319.997375488,239.998443604,-0.649841726001,-0.235741042585,0.722586944242,28.8130469243,-0.411910776521,-0.689743980796,-0.595468515659,-97.9078468592,0.638776364101,-0.684601637302,0.351120143071,120.337536186
589,589,58.9,1,320.000976562,320.002380371,319.997375488,239.998443604,-0.648043088205,-0.235219087554,0.724370165509,30.2590074142,-0.411452280185,-0.692240209515,-0.592883220762,-97.3804332536,0.640895605352,-0.682257629625,0.351820053237,119.850865929
590,590,59,1,320.001098633,320.002410889,319.997344971,239.998474121,-0.646332050201,-0.234980203008,0.725974644928,31.843460033,-0.410677416079,-0.6947380219,-0.590493980367,-96.7795514044,0.643116584148,-0.679796576279,0.352530387446,119.34105214
591,591,59.1,1,320.001068115,320.002471924,319.997314453,239.99861145,-0.644779042976,-0.234848719468,0.727396772541,33.5405928851,-0.409848863512,-0.697044649654,-0.588347402022,-96.0897213094,0.645200662443,-0.677476815362,0.353187301344,118.850867025
592,592,59.2,1,320.000976562,320.002502441,319.997253418,239.998474121,-0.6437067872,-0.234543876309,0.72844405564,35.3551135311,-0.409359868322,-0.698709695831,-0.586710541204,-95.3216888755,0.646580289152,-0.675865320192,0.353751323167,118.369457493
593,593,59.3,1,320.000915527,320.002532959,319.997253418,239.998458862,-0.642869878259,-0.234607782706,0.729162195894,37.3048079706,-0.408153065628,-0.700617843809,-0.585274048592,-94.4664644105,0.648173892289,-0.673864841961,0.354650222224,117.894224352
594,594,59.4,1,320.000915527,320.002563477,319.997192383,239.998596191,-0.64293598046,-0.234655283504,0.729088624897,39.3998141286,-0.406410013062,-0.702333013956,-0.584430696311,-93.5470818318,0.649202762096,-0.672060440312,0.356188908103,117.440895093
595,595,59.5,1,320.000946045,320.002502441,319.997161865,239.998718262,-0.642658456647,-0.234880342809,0.729260812509,41.5348030257,-0.405654084687,-0.703164122692,-0.583956316975,-92.5314656287,0.649949899359,-0.671112092813,0.356614199386,117.040971487
596,596,59.6,1,320.000946045,320.002471924,319.997161865,239.998809814,-0.643061773563,-0.235320762317,0.728763126265,43.8164238153,-0.404191694815,-0.703986386766,-0.583979658113,-91.4539068532,0.650461858393,-0.670094997795,0.357592036692,116.680267045
597,597,59.7,1,320.000915527,320.002532959,319.997131348,239.998764038,-0.644065059515,-0.235925233995,0.727680893714,46.2306009009,-0.402616884561,-0.704294030311,-0.584696128886,-90.3568828677,0.650445880437,-0.669558961431,0.358623693849,116.375137038
598,598,59.8,1,320.00088501,320.002593994,319.997070312,239.998840332,-0.643857389147,-0.239712387244,0.726626199529,50.4293776646,-0.389052146631,-0.715166676318,-0.580667764118,-93.5451098113,0.658852099976,-0.656562713292,0.367204730188,119.083549095
599,599,59.9,1,320.000915527,320.002563477,319.997131348,239.998703003,-0.646649373225,-0.240198370841,0.723981581777,52.5125252821,-0.385429650576,-0.716156671346,-0.581862188618,-92.6884057643,0.658246589482,-0.655304787661,0.370522688515,118.903463557
600,600,60,1,320.000915527,320.002563477,319.997131348,239.998703003,-0.64798330307,-0.242002592795,0.722185837595,54.4531437882,-0.383845605365,-0.715208685751,-0.584071131857,-91.9848771547,0.65786031206,-0.655676201266,0.370551654846,118.876226322
601,601,60.1,1,320.000946045,320.002532959,319.997131348,239.998718262,-0.651038049143,-0.244034913474,0.718746422304,56.4686751704,-0.383684068964,-0.711224957696,-0.589020878046,-91.3278247439,0.654932052805,-0.65924655521,0.369402200389,118.910634459
602,602,60.2,1,320.000946045,320.002532959,319.997131348,239.998718262,-0.654801382564,-0.245612130446,0.714779567958,58.5711287781,-0.381940663767,-0.708549219421,-0.593362733089,-90.7588340132,0.652193589936,-0.661538120622,0.370149748359,118.99120049
603,603,60.3,1,320.00100708,320.002410889,319.997192383,239.998764038,-0.659256556097,-0.247451307939,0.710034255119,60.6875768679,-0.38305476793,-0.702049589425,-0.600329425194,-90.2390726686,0.647031558743,-0.667753116194,0.368043391197,119.135503646
604,604,60.4,1,320.00100708,320.002410889,319.997192383,239.998764038,-0.664470532044,-0.248856550733,0.70466256407,62.8998317191,-0.381472227416,-0.697876662386,-0.606174153034,-89.8388762826,0.64261796719,-0.671594059871,0.368786614442,119.357379398
605,605,60.5,1,320.00100708,320.002349854,319.997253418,239.998886108,-0.671715078116,-0.249289341476,0.69760567519,65.2501286181,-0.381080820772,-0.691255065864,-0.613957524555,-89.5922749831,0.635276523941,-0.678248669843,0.369327063706,119.659204573
606,606,60.6,1,320.000976562,320.002166748,319.997467041,239.99899292,-0.679652550997,-0.24930036245,0.689870813417,67.6390275404,-0.38053934286,-0.684191554825,-0.622150885912,-89.48097311,0.627106225817,-0.685369422712,0.370143939507,120.047329337
607,607,60.7,1,320.000976562,320.002197266,319.997528076,239.998901367,-0.688696206132,-0.24888072861,0.680996269143,70.1046024117,-0.376181835322,-0.680278418979,-0.629053653869,-89.5058480226,0.619826397012,-0.689405291246,0.374880756999,120.527209911
608,608,60.8,1,320.000915527,320.002319336,319.997558594,239.998764038,-0.69677488006,-0.248853189039,0.672738327154,72.4488904744,-0.373278310492,-0.675084618275,-0.636336437025,-89.6477265877,0.612509648441,-0.694501870749,0.377490505964,121.105979126
609,609,60.9,1,320.000915527,320.002471924,319.997528076,239.998748779,-0.705076692548,-0.24933317938,0.663852260134,74.7662507845,-0.371093489983,-0.668001790519,-0.645029634634,-89.8791727468,0.604281788007,-0.70114661343,0.378466573371,121.745277021
610,610,61,1,320.000976562,320.002502441,319.997528076,239.99887085,-0.713325774503,-0.249549102479,0.654898148479,77.0584717324,-0.368160403309,-0.661705301482,-0.653149302553,-90.1775310245,0.596342399017,-0.70701579858,0.380137348458,122.424589799
611,611,61.1,1,320.001037598,320.002380371,319.997528076,239.998840332,-0.721284082162,-0.250035668516,0.64593454567,79.3005091999,-0.365008253992,-0.655355844423,-0.661269757132,-90.5669578104,0.588658005414,-0.712734790543,0.381432655933,123.179709428
