host_id,target_id,output,tested_points,valid_points,valid_fraction,rmse,mae_scalar,aepe
10,11,active,1572,1572,1.0,0.25167163247190727,0.16251025569114783,0.1625102556911478
10,11,active_nonfinal,1572,1572,1.0,0.25167163247190727,0.16251025569114783,0.1625102556911478
10,11,all,6674,6674,1.0,0.3414647057359913,0.16631578128872254,0.16631578128872238
10,11,all_final,763,763,1.0,0.26816151881117994,0.1655799298476484,0.16557992984764838
10,11,all_nonfinal,5911,5911,1.0,0.34980919795168863,0.16641076600358276,0.16641076600358262
10,11,immature,4055,4055,1.0,0.3585482693527382,0.16151348041708272,0.1615134804170826
10,11,immature_final,315,315,1.0,0.20952702324734493,0.16671266338312687,0.16671266338312693
10,11,immature_nonfinal,3740,3740,1.0,0.3683570538671964,0.16107558131700137,0.16107558131700128
10,11,marginalized,889,889,1.0,0.24367722857649504,0.15455969437000008,0.15455969436999994
10,11,marginalized_final,409,409,1.0,0.23164262582901615,0.14755223089664793,0.14755223089664793
10,11,marginalized_nonfinal,480,480,1.0,0.2534812651269076,0.1605306372045854,0.16053063720458532
10,11,outlier,158,158,1.0,0.8133462852216331,0.393573867014217,0.393573867014217
10,11,outlier_final,39,39,1.0,0.6996802400059945,0.34549064285491415,0.3454906428549142
10,11,outlier_nonfinal,119,119,1.0,0.8472870164350327,0.40933223459583723,0.40933223459583723
13,14,active,2020,2020,1.0,0.1375137606092492,0.07840243949802346,0.07840243949802343
13,14,active_nonfinal,2020,2020,1.0,0.1375137606092492,0.07840243949802346,0.07840243949802343
13,14,all,14398,14398,1.0,0.25348008356223484,0.08388119633411102,0.08388119633411098
13,14,all_final,531,531,1.0,0.18046919740406675,0.08690468835000459,0.08690468835000455
13,14,all_nonfinal,13867,13867,1.0,0.2558620137361904,0.08376541972342101,0.08376541972342097
13,14,immature,9782,9782,1.0,0.2706749949547516,0.07723261946524061,0.07723261946524054
13,14,immature_final,69,69,1.0,0.07715896785991534,0.054048028080433325,0.054048028080433366
13,14,immature_nonfinal,9713,9713,1.0,0.2715568548698484,0.07739732005265455,0.07739732005265448
13,14,marginalized,1952,1952,1.0,0.17592531722601412,0.09360361503454001,0.09360361503454019
13,14,marginalized_final,382,382,1.0,0.14527642997560908,0.07982818157519302,0.07982818157519304
13,14,marginalized_nonfinal,1570,1570,1.0,0.18260612646238888,0.09695534470426666,0.09695534470426681
13,14,outlier,644,644,1.0,0.41293640347615346,0.17258508831695543,0.1725850883169553
13,14,outlier_final,80,80,1.0,0.3320620166957789,0.14903387768223472,0.1490338776822347
13,14,outlier_nonfinal,564,564,1.0,0.4231580740571509,0.17592568557010738,0.1759256855701072
16,17,active,342,342,1.0,0.24067121278370462,0.19367482257878388,0.1936748225787838
16,17,active_nonfinal,342,342,1.0,0.24067121278370462,0.19367482257878388,0.1936748225787838
16,17,all,5331,5331,1.0,0.3252785456207178,0.13756343849062969,0.13756343849062966
16,17,all_final,691,691,1.0,0.19360725390220077,0.12893355465299636,0.12893355465299638
16,17,all_nonfinal,4640,4640,1.0,0.34055963284902097,0.13884862162248404,0.138848621622484
16,17,immature,4671,4671,1.0,0.33528625722407696,0.13063551349805955,0.13063551349805957
16,17,immature_final,549,549,1.0,0.17761203394731448,0.11595038102279921,0.11595038102279928
16,17,immature_nonfinal,4122,4122,1.0,0.35098131191703447,0.13259139358755914,0.1325913935875592
16,17,marginalized,268,268,1.0,0.223658422716342,0.17462087104357268,0.17462087104357268
16,17,marginalized_final,126,126,1.0,0.21833141201428408,0.17110031889286664,0.17110031889286667
16,17,marginalized_nonfinal,142,142,1.0,0.22828114375613903,0.17774474126180498,0.17774474126180495
16,17,outlier,50,50,1.0,0.3387489541069695,0.20234048564978313,0.20234048564978305
16,17,outlier_final,16,16,1.0,0.40126884139016616,0.2423554314501589,0.24235543145015884
16,17,outlier_nonfinal,34,34,1.0,0.30492408728859366,0.18350992292019458,0.18350992292019447
20,21,active,216,216,1.0,0.3482285747889264,0.25993052623255336,0.2599305262325534
20,21,active_nonfinal,216,216,1.0,0.3482285747889264,0.25993052623255336,0.2599305262325534
20,21,all,5172,5172,1.0,0.33387776917136475,0.17442190289341086,0.17442190289341092
20,21,all_final,626,626,1.0,0.2542861738883301,0.1914494668164067,0.1914494668164067
20,21,all_nonfinal,4546,4546,1.0,0.34339578430180223,0.17207714816050415,0.1720771481605042
20,21,immature,4716,4716,1.0,0.33482948898147846,0.1678298966583236,0.16782989665832357
20,21,immature_final,519,519,1.0,0.24048457761009204,0.18207820512068137,0.18207820512068137
20,21,immature_nonfinal,4197,4197,1.0,0.34470681073791287,0.16606795429664578,0.16606795429664575
20,21,marginalized,160,160,1.0,0.32034399596168445,0.22888191535018598,0.22888191535018607
20,21,marginalized_final,78,78,1.0,0.32391405133664253,0.23221054139480024,0.23221054139480024
20,21,marginalized_nonfinal,82,82,1.0,0.31691076940719254,0.22571566130774828,0.22571566130774837
20,21,outlier,80,80,1.0,0.2554129501568236,0.2232273625225499,0.22322736252254982
20,21,outlier_final,29,29,1.0,0.28033530551643815,0.24952950140146585,0.24952950140146585
20,21,outlier_nonfinal,51,51,1.0,0.24009039909323196,0.20827124433649963,0.20827124433649957
26,27,active,1592,1592,1.0,0.11532129093071103,0.09673312656341496,0.096733126563415
26,27,active_nonfinal,1592,1592,1.0,0.11532129093071103,0.09673312656341496,0.096733126563415
26,27,all,17628,17628,1.0,0.11112094242455256,0.08279120636679332,0.08279120636679335
26,27,all_final,400,400,1.0,0.12094667098609307,0.09372793765425422,0.09372793765425427
26,27,all_nonfinal,17228,17228,1.0,0.11088246636682095,0.0825372771518535,0.08253727715185352
26,27,immature,9791,9791,1.0,0.10158825600474987,0.07293882467293564,0.07293882467293565
26,27,immature_nonfinal,9791,9791,1.0,0.10158825600474987,0.07293882467293564,0.07293882467293565
26,27,marginalized,4621,4621,1.0,0.10378915978007355,0.08340307936667435,0.0834030793666744
26,27,marginalized_final,316,316,1.0,0.10420957861404034,0.08516932930029116,0.08516932930029121
26,27,marginalized_nonfinal,4305,4305,1.0,0.10375823265792901,0.08327343128792337,0.08327343128792344
26,27,outlier,1624,1624,1.0,0.16770147398232535,0.12678238067657638,0.12678238067657632
26,27,outlier_final,84,84,1.0,0.1697194402737413,0.125924607176306,0.125924607176306
26,27,outlier_nonfinal,1540,1540,1.0,0.16759070426480252,0.12682916832204574,0.12682916832204566
35,36,active,166,166,1.0,0.2713607252695408,0.22148379556439216,0.22148379556439224
35,36,active_nonfinal,166,166,1.0,0.2713607252695408,0.22148379556439216,0.22148379556439224
35,36,all,3812,3812,1.0,0.3717649177778983,0.16379871644059127,0.1637987164405912
35,36,all_final,643,643,1.0,0.25465489851299766,0.15982205104110403,0.15982205104110409
35,36,all_nonfinal,3169,3169,1.0,0.3912724558738006,0.16460559427330496,0.16460559427330496
35,36,immature,3380,3380,1.0,0.3838049337901149,0.15780664847205997,0.15780664847205994
35,36,immature_final,511,511,1.0,0.25574359552983417,0.14861745592664113,0.1486174559266411
35,36,immature_nonfinal,2869,2869,1.0,0.4023602385622016,0.15944334327537413,0.15944334327537413
35,36,marginalized,234,234,1.0,0.25154056967551025,0.20081710994599275,0.20081710994599267
35,36,marginalized_final,117,117,1.0,0.2515405696755103,0.20081710994599267,0.2008171099459926
35,36,marginalized_nonfinal,117,117,1.0,0.2515405696755103,0.20081710994599267,0.2008171099459926
35,36,outlier,32,32,1.0,0.24550729747931585,0.2267725451537627,0.22677254515376258
35,36,outlier_final,15,15,1.0,0.2412792930013662,0.22176379848234024,0.2217637984823401
35,36,outlier_nonfinal,17,17,1.0,0.2491783204183332,0.23119202751090015,0.23119202751090007
38,39,active,342,342,1.0,0.21967301685459084,0.11040780213021488,0.11040780213021488
38,39,active_nonfinal,342,342,1.0,0.21967301685459084,0.11040780213021488,0.11040780213021488
38,39,all,4908,4908,1.0,0.2800493706922628,0.0999478096307956,0.09994780963079569
38,39,all_final,596,596,1.0,0.27682064574849924,0.09849641035777482,0.09849641035777487
38,39,all_nonfinal,4312,4312,1.0,0.2804927180900382,0.10014842047650997,0.10014842047651006
38,39,immature,4103,4103,1.0,0.2837694875167965,0.09843122823375232,0.09843122823375229
38,39,immature_final,380,380,1.0,0.26653782405911997,0.09375655101266686,0.0937565510126668
38,39,immature_nonfinal,3723,3723,1.0,0.28546979780550463,0.09890836423805331,0.09890836423805326
38,39,marginalized,374,374,1.0,0.19102961531920157,0.09023586413607242,0.09023586413607246
38,39,marginalized_final,180,180,1.0,0.1920333070238531,0.08998312414273722,0.0899831241427373
38,39,marginalized_nonfinal,194,194,1.0,0.1900936154108478,0.09047036516081641,0.09047036516081644
38,39,outlier,89,89,1.0,0.5233489073867985,0.17048133381387723,0.17048133381387737
38,39,outlier_final,36,36,1.0,0.5782479393766748,0.19109469007576985,0.19109469007576999
38,39,outlier_nonfinal,53,53,1.0,0.4825097234457093,0.15647980880579923,0.15647980880579934
41,42,active,414,414,1.0,0.45685134377763303,0.1345205550286494,0.13452055502864946
41,42,active_nonfinal,414,414,1.0,0.45685134377763303,0.1345205550286494,0.13452055502864946
41,42,all,4948,4948,1.0,0.46863132640325944,0.12871776027067827,0.12871776027067816
41,42,all_final,620,620,1.0,0.3547045707936998,0.10893102265189578,0.10893102265189578
41,42,all_nonfinal,4328,4328,1.0,0.4827550846151554,0.1315522744397274,0.1315522744397273
41,42,immature,3917,3917,1.0,0.47973869816626524,0.12906232634513998,0.12906232634514
41,42,immature_final,321,321,1.0,0.30036577348366494,0.09610643952599426,0.09610643952599429
41,42,immature_nonfinal,3596,3596,1.0,0.49258517555543463,0.13200416162571446,0.1320041616257145
41,42,marginalized,515,515,1.0,0.29269581269221223,0.09904720212956952,0.09904720212956955
41,42,marginalized_final,252,252,1.0,0.2938290482171133,0.09787429067198612,0.09787429067198614
41,42,marginalized_nonfinal,263,263,1.0,0.29160584335483847,0.10017105645394603,0.10017105645394607
41,42,outlier,102,102,1.0,0.7318683360751195,0.2417404573216913,0.24174045732169144
41,42,outlier_final,47,47,1.0,0.761974853597296,0.25580310014873947,0.2558031001487396
41,42,outlier_nonfinal,55,55,1.0,0.7051230945335066,0.22972328981494106,0.22972328981494114
43,44,active,423,423,1.0,0.7343641182884282,0.17382117611569914,0.17382117611569922
43,44,active_nonfinal,423,423,1.0,0.7343641182884282,0.17382117611569914,0.17382117611569922
43,44,all,4873,4873,1.0,0.5666699827059112,0.1404708226898659,0.14047082268986608
43,44,all_final,609,609,1.0,0.3804837322423792,0.0982787765536936,0.09827877655369363
43,44,all_nonfinal,4264,4264,1.0,0.5884737798166869,0.14649684428858276,0.1464968442885829
43,44,immature,3711,3711,1.0,0.5602506758967979,0.13930458543310303,0.13930458543310306
43,44,immature_final,259,259,1.0,0.11017065353298715,0.057597081239304654,0.05759708123930463
43,44,immature_nonfinal,3452,3452,1.0,0.5801037014856028,0.14543501520894112,0.14543501520894117
43,44,marginalized,613,613,1.0,0.20837422960378368,0.09819613423862329,0.09819613423862335
43,44,marginalized_final,298,298,1.0,0.21093905694746964,0.09932481962848827,0.09932481962848833
43,44,marginalized_nonfinal,315,315,1.0,0.2059184168843258,0.09712836202852858,0.09712836202852865
43,44,outlier,126,126,1.0,1.0736554450064881,0.26852710031949656,0.26852710031949667
43,44,outlier_final,52,52,1.0,1.1747373405428787,0.2949102813640389,0.29491028136403896
43,44,outlier_nonfinal,74,74,1.0,0.9965096603644978,0.249987567693602,0.2499875676936021
45,46,active,1728,1728,1.0,0.30338840225935093,0.10571478037064196,0.10571478037064183
45,46,active_nonfinal,1728,1728,1.0,0.30338840225935093,0.10571478037064196,0.10571478037064183
45,46,all,9149,9149,1.0,0.5638693483145395,0.12500768064591863,0.12500768064591875
45,46,all_final,479,479,1.0,0.29755347478266425,0.11077577901848921,0.11077577901848946
45,46,all_nonfinal,8670,8670,1.0,0.5749983591241963,0.12579396448438923,0.12579396448438937
45,46,immature,5530,5530,1.0,0.6776158896884162,0.13136164541752524,0.1313616454175254
45,46,immature_final,6,6,1.0,0.025947872714560245,0.02089004714648442,0.020890047146484413
45,46,immature_nonfinal,5524,5524,1.0,0.677983253324081,0.13148163629182397,0.13148163629182413
45,46,marginalized,1319,1319,1.0,0.2483497137222915,0.10911737701321975,0.10911737701321966
45,46,marginalized_final,387,387,1.0,0.23742514697141823,0.10110051504365838,0.1011005150436585
45,46,marginalized_nonfinal,932,932,1.0,0.25274728120774187,0.11244626712289803,0.11244626712289797
45,46,outlier,572,572,1.0,0.47550754308936166,0.15850421382812954,0.1585042138281296
45,46,outlier_final,86,86,1.0,0.4893069955535324,0.16058556447769376,0.16058556447769395
45,46,outlier_nonfinal,486,486,1.0,0.47302374542306697,0.1581359089806759,0.15813590898067592
47,48,active,387,387,1.0,1.512222401275485,0.34445225459501105,0.3444522545950111
47,48,active_nonfinal,387,387,1.0,1.512222401275485,0.34445225459501105,0.3444522545950111
47,48,all,3778,3778,1.0,0.9459976547767456,0.2083148554962168,0.2083148554962169
47,48,all_final,634,634,1.0,0.8592389572945788,0.18438261236091263,0.18438261236091263
47,48,all_nonfinal,3144,3144,1.0,0.9625458944589589,0.21314088671370493,0.21314088671370487
47,48,immature,2703,2703,1.0,0.7677158054818374,0.17726135076738292,0.1772613507673828
47,48,immature_final,299,299,1.0,0.23803990119380414,0.10289938999307671,0.10289938999307663
47,48,immature_nonfinal,2404,2404,1.0,0.8097195375936411,0.18651019697017726,0.1865101969701772
47,48,marginalized,590,590,1.0,0.3017546899493707,0.13954109047872298,0.13954109047872293
47,48,marginalized_final,291,291,1.0,0.30349196983444754,0.14005807087250785,0.1400580708725079
47,48,marginalized_nonfinal,299,299,1.0,0.30005423406315107,0.1390379423362769,0.13903794233627687
47,48,outlier,98,98,1.0,2.9435857587663183,0.9412635411199234,0.9412635411199234
47,48,outlier_final,44,44,1.0,3.105462136727646,1.0312445455679282,1.0312445455679284
47,48,outlier_nonfinal,54,54,1.0,2.80478735592679,0.8679456856437711,0.8679456856437712
49,50,active,864,864,1.0,2.1154913697447877,0.3778734994659811,0.37787349946598137
49,50,active_nonfinal,864,864,1.0,2.1154913697447877,0.3778734994659811,0.37787349946598137
49,50,all,4804,4804,1.0,1.3770837484727902,0.2273233729643588,0.2273233729643586
49,50,all_final,595,595,1.0,1.4786414252420343,0.2280961441354797,0.22809614413547957
49,50,all_nonfinal,4209,4209,1.0,1.3621164495300455,0.2272141311380778,0.2272141311380776
49,50,immature,2941,2941,1.0,0.9483574486464736,0.1730986822337795,0.17309868223377955
49,50,immature_final,134,134,1.0,0.1611178387374858,0.08508226328176087,0.08508226328176087
49,50,immature_nonfinal,2807,2807,1.0,0.970091303087922,0.17730039229418929,0.1773003922941893
49,50,marginalized,786,786,1.0,0.2709843139371582,0.10575136343097523,0.10575136343097541
49,50,marginalized_final,376,376,1.0,0.2764566611109721,0.10747581135547665,0.10747581135547671
49,50,marginalized_nonfinal,410,410,1.0,0.26586677575517836,0.10416991850509108,0.10416991850509102
49,50,outlier,213,213,1.0,3.4536837289781332,0.8139670613891143,0.8139670613891139
49,50,outlier_final,85,85,1.0,3.8633737780195907,0.9871209107199446,0.987120910719944
49,50,outlier_nonfinal,128,128,1.0,3.152341052471675,0.69898208331786,0.6989820833178599
51,52,active,3040,3040,1.0,1.3286525891770558,0.2345022991380121,0.2345022991380122
51,52,active_nonfinal,3040,3040,1.0,1.3286525891770558,0.2345022991380121,0.2345022991380122
51,52,all,18419,18419,1.0,1.671697303838556,0.2751829721988154,0.2751829721988153
51,52,all_final,597,597,1.0,1.7501983346333112,0.2908701522163848,0.2908701522163848
51,52,all_nonfinal,17822,17822,1.0,1.6690037702549423,0.27465748423615755,0.2746574842361575
51,52,immature,6396,6396,1.0,1.3280234374384665,0.21748555040703166,0.2174855504070315
51,52,immature_nonfinal,6396,6396,1.0,1.3280234374384665,0.21748555040703166,0.2174855504070315
51,52,marginalized,6470,6470,1.0,0.21946503320504746,0.13695977198202508,0.13695977198202514
51,52,marginalized_final,461,461,1.0,0.21823386598979708,0.1376402306244922,0.13764023062449227
51,52,marginalized_nonfinal,6009,6009,1.0,0.21955920106998614,0.1369075683817294,0.1369075683817294
51,52,outlier,2513,2513,1.0,3.706005775031155,0.8271153483578799,0.8271153483578796
51,52,outlier_final,136,136,1.0,3.6448708404839385,0.8102745187889023,0.8102745187889023
51,52,outlier_nonfinal,2377,2377,1.0,3.709473136407856,0.828078896031998,0.8280788960319976
53,54,active,675,675,1.0,1.7653239334260569,0.31331365583789533,0.3133136558378953
53,54,active_nonfinal,675,675,1.0,1.7653239334260569,0.31331365583789533,0.3133136558378953
53,54,all,3763,3763,1.0,1.8913290259986901,0.32422342452055813,0.32422342452055813
53,54,all_final,653,653,1.0,1.6307623450170938,0.2775580359941848,0.277558035994185
53,54,all_nonfinal,3110,3110,1.0,1.9416027666826883,0.33402165561628816,0.33402165561628816
53,54,immature,2062,2062,1.0,1.8733422251514043,0.3132089877300831,0.31320898773008315
53,54,immature_final,154,154,1.0,0.19497761759949975,0.12745770281389077,0.12745770281389088
53,54,immature_nonfinal,1908,1908,1.0,1.9466887392963095,0.3282014918585386,0.32820149185853864
53,54,marginalized,841,841,1.0,0.20387620895005837,0.1209122255674508,0.12091222556745082
53,54,marginalized_final,412,412,1.0,0.20082578266676646,0.12037024324615614,0.12037024324615615
53,54,marginalized_nonfinal,429,429,1.0,0.206763396298622,0.12143273073382234,0.12143273073382231
53,54,outlier,185,185,1.0,4.699518166660857,1.4110373750195986,1.4110373750195986
53,54,outlier_final,87,87,1.0,4.4387376125619555,1.2876364488901988,1.2876364488901986
53,54,outlier_nonfinal,98,98,1.0,4.919457480217517,1.520587176787534,1.520587176787534
55,56,active,672,672,1.0,2.476400988240167,0.41860068097743325,0.4186006809774333
55,56,active_nonfinal,672,672,1.0,2.476400988240167,0.41860068097743325,0.4186006809774333
55,56,all,3659,3659,1.0,2.019132244570215,0.3544348117185724,0.3544348117185722
55,56,all_final,616,616,1.0,2.244840200776211,0.35723430636098324,0.35723430636098313
55,56,all_nonfinal,3043,3043,1.0,1.9702974686146153,0.3538681049490276,0.35386810494902743
55,56,immature,1906,1906,1.0,1.3652356236841654,0.2839141028977104,0.28391410289771046
55,56,immature_final,104,104,1.0,0.18986887760297488,0.1273101760851006,0.12731017608510062
55,56,immature_nonfinal,1802,1802,1.0,1.4033382935029202,0.29295228735304374,0.2929522873530438
55,56,marginalized,837,837,1.0,0.16596498374535534,0.1112053425507392,0.11120534255073922
55,56,marginalized_final,407,407,1.0,0.1662625938780999,0.1108478306011539,0.11084783060115382
55,56,marginalized_nonfinal,430,430,1.0,0.16568279983485948,0.11154373176813738,0.11154373176813734
55,56,outlier,244,244,1.0,5.439943977929366,1.5629433058336784,1.5629433058336775
55,56,outlier_final,105,105,1.0,5.424120217460667,1.5400095938175777,1.540009593817578
55,56,outlier_nonfinal,139,139,1.0,5.4518667279196,1.5802673328962,1.5802673328961994
57,58,active,3278,3278,1.0,0.8152068813506241,0.1442303037080702,0.14423030370807022
57,58,active_nonfinal,3278,3278,1.0,0.8152068813506241,0.1442303037080702,0.14423030370807022
57,58,all,20946,20946,1.0,1.0710844948673157,0.17451636985453234,0.1745163698545324
57,58,all_final,613,613,1.0,0.953117065190338,0.1573287564877333,0.15732875648773315
57,58,all_nonfinal,20333,20333,1.0,1.074439872728137,0.17503454262755408,0.1750345426275541
57,58,immature,5800,5800,1.0,1.2691535241316767,0.19817068213379221,0.19817068213379233
57,58,immature_nonfinal,5800,5800,1.0,1.2691535241316767,0.19817068213379221,0.19817068213379233
57,58,marginalized,8038,8038,1.0,0.1402852816375462,0.08826429574189286,0.08826429574189279
57,58,marginalized_final,440,440,1.0,0.1360037942313266,0.0849586959958926,0.08495869599589252
57,58,marginalized_nonfinal,7598,7598,1.0,0.1405292268109896,0.08845572294487261,0.08845572294487253
57,58,outlier,3830,3830,1.0,1.7957547436311556,0.3456330500962539,0.3456330500962541
57,58,outlier_final,173,173,1.0,1.7809690933658673,0.3413913380854782,0.3413913380854784
57,58,outlier_nonfinal,3657,3657,1.0,1.7964511869166595,0.3458337107956974,0.3458337107956977
59,60,active,923,923,1.0,2.166542806438702,0.290034102246248,0.29003410224624787
59,60,active_nonfinal,923,923,1.0,2.166542806438702,0.290034102246248,0.29003410224624787
59,60,all,3729,3729,1.0,1.9174505301452147,0.2790477049916109,0.2790477049916108
59,60,all_final,659,659,1.0,1.8134390875934971,0.22535143033306537,0.2253514303330652
59,60,all_nonfinal,3070,3070,1.0,1.9390502013829842,0.2905740388678266,0.29057403886782657
59,60,immature,1609,1609,1.0,1.770690583470134,0.3017823309980198,0.30178233099801965
59,60,immature_final,74,74,1.0,0.11785877208247549,0.08607540024448025,0.08607540024448045
59,60,immature_nonfinal,1535,1535,1.0,1.812684661698785,0.31218123189428154,0.3121812318942814
59,60,marginalized,1009,1009,1.0,0.1739584765681795,0.09284227202022337,0.09284227202022333
59,60,marginalized_final,500,500,1.0,0.17432121774278733,0.09278080260990965,0.09278080260990956
59,60,marginalized_nonfinal,509,509,1.0,0.1736014113207266,0.09290265454508956,0.09290265454508949
59,60,outlier,188,188,1.0,4.783794666151475,1.0299031515755959,1.0299031515755952
59,60,outlier_final,85,85,1.0,5.030425146619671,1.1264307254875732,1.1264307254875732
59,60,outlier_nonfinal,103,103,1.0,4.570251980951057,0.9502444740754197,0.9502444740754197
61,62,active,954,954,1.0,2.296624108894727,0.39540379196032244,0.3954037919603222
61,62,active_nonfinal,954,954,1.0,2.296624108894727,0.39540379196032244,0.3954037919603222
61,62,all,3795,3795,1.0,2.001582249117061,0.34888814936870727,0.3488881493687074
61,62,all_final,689,689,1.0,1.9143528486545438,0.3076668631076929,0.30766686310769287
61,62,all_nonfinal,3106,3106,1.0,2.0204219336086675,0.3580322144794091,0.3580322144794091
61,62,immature,1537,1537,1.0,1.82623553312029,0.3472395256796524,0.34723952567965227
61,62,immature_final,58,58,1.0,0.1979941720143837,0.12816350414263053,0.12816350414263064
61,62,immature_nonfinal,1479,1479,1.0,1.8612868013693942,0.3558307422105158,0.35583074221051586
61,62,marginalized,1065,1065,1.0,0.24405024426879401,0.11246415744457662,0.11246415744457651
61,62,marginalized_final,516,516,1.0,0.2474278948706238,0.11376266592089178,0.11376266592089174
61,62,marginalized_nonfinal,549,549,1.0,0.24083244010400193,0.11124370139033489,0.11124370139033483
61,62,outlier,239,239,1.0,4.565944338589616,1.227338203665256,1.2273382036652563
61,62,outlier_final,115,115,1.0,4.65426130742865,1.268238694136937,1.2682386941369368
61,62,outlier_nonfinal,124,124,1.0,4.482482521141824,1.1894062971794233,1.1894062971794235
63,64,active,1538,1538,1.0,1.7052298198927183,0.29507949985882415,0.2950794998588242
63,64,active_nonfinal,1538,1538,1.0,1.7052298198927183,0.29507949985882415,0.2950794998588242
63,64,all,4854,4854,1.0,2.094152669489798,0.3544072253830705,0.3544072253830703
63,64,all_final,682,682,1.0,1.4825424509767624,0.25420667682654025,0.25420667682654025
63,64,all_nonfinal,4172,4172,1.0,2.177860133412756,0.37078708495055673,0.37078708495055646
63,64,immature,1870,1870,1.0,2.7180740534015007,0.4871693724086662,0.4871693724086659
63,64,immature_final,16,16,1.0,0.14140019694256326,0.12086008429620929,0.12086008429620945
63,64,immature_nonfinal,1854,1854,1.0,2.7297457277461565,0.4903306176135201,0.49033061761351987
63,64,marginalized,1235,1235,1.0,0.23714044102803178,0.13861258306903768,0.1386125830690377
63,64,marginalized_final,581,581,1.0,0.24251908159191124,0.14078043658612513,0.14078043658612507
63,64,marginalized_nonfinal,654,654,1.0,0.23225771224961622,0.13668670708520297,0.13668670708520286
63,64,outlier,211,211,1.0,3.7264356932004694,0.8733039560762229,0.873303956076223
63,64,outlier_final,85,85,1.0,4.150829814278264,1.0546089245932058,1.0546089245932058
63,64,outlier_nonfinal,126,126,1.0,3.4104370098171186,0.7509950487433381,0.7509950487433384
65,66,active,6267,6267,1.0,1.1743037747327225,0.14129120266543516,0.14129120266543513
65,66,active_nonfinal,6267,6267,1.0,1.1743037747327225,0.14129120266543516,0.14129120266543513
65,66,all,23399,23399,1.0,1.9139338167024755,0.28286586985490497,0.282865869854905
65,66,all_final,713,713,1.0,1.8068833018569126,0.24182114480565664,0.24182114480565653
65,66,all_nonfinal,22686,22686,1.0,1.9172014341237609,0.28415586760506434,0.2841558676050644
65,66,immature,5414,5414,1.0,2.160443070761489,0.40755628897171886,0.40755628897171886
65,66,immature_nonfinal,5414,5414,1.0,2.160443070761489,0.40755628897171886,0.40755628897171886
65,66,marginalized,9810,9810,1.0,0.15663992843663585,0.08848464767037921,0.08848464767037927
65,66,marginalized_final,626,626,1.0,0.1479612972922349,0.08436520353017496,0.08436520353017471
65,66,marginalized_nonfinal,9184,9184,1.0,0.15721404186948557,0.08876543730798472,0.08876543730798477
65,66,outlier,1908,1908,1.0,5.198427821023451,1.3934813309703211,1.3934813309703213
65,66,outlier_final,87,87,1.0,5.1574264137525105,1.374779986626939,1.374779986626939
65,66,outlier_nonfinal,1821,1821,1.0,5.200378610951142,1.3943748054117675,1.3943748054117677
67,68,active,1304,1304,1.0,0.42480740896966557,0.13531647650371706,0.13531647650371698
67,68,active_nonfinal,1304,1304,1.0,0.42480740896966557,0.13531647650371706,0.13531647650371698
67,68,all,4147,4147,1.0,1.6368629854094239,0.3170871812376771,0.3170871812376765
67,68,all_final,792,792,1.0,0.3872630919172598,0.12098980904841182,0.12098980904841174
67,68,all_nonfinal,3355,3355,1.0,1.81008628421481,0.36337901991842236,0.36337901991842186
67,68,immature,1341,1341,1.0,2.8168132968238435,0.7131087820652849,0.7131087820652848
67,68,immature_final,45,45,1.0,0.14624544216371904,0.1135798122904828,0.11357981229048277
67,68,immature_nonfinal,1296,1296,1.0,2.8651694207452505,0.7339257601824658,0.7339257601824656
67,68,marginalized,1452,1452,1.0,0.1879687467743045,0.1067158093131611,0.10671580931316116
67,68,marginalized_final,723,723,1.0,0.18817805524786127,0.10670099833562242,0.1067009983356223
67,68,marginalized_nonfinal,729,729,1.0,0.1877609305482508,0.10673049838965035,0.10673049838965029
67,68,outlier,50,50,1.0,1.9206124622666259,0.5455524671909733,0.5455524671909733
67,68,outlier_final,24,24,1.0,1.9601636152422817,0.5653339756923084,0.5653339756923084
67,68,outlier_nonfinal,26,26,1.0,1.8833666454008622,0.5272926131897407,0.5272926131897407
68,69,active,1043,1043,1.0,0.4659886525759035,0.18138281948568022,0.18138281948568014
68,69,active_nonfinal,1043,1043,1.0,0.4659886525759035,0.18138281948568022,0.18138281948568014
68,69,all,3954,3954,1.0,2.137134003624192,0.4114816366635837,0.4114816366635837
68,69,all_final,740,740,1.0,0.5065184396340542,0.18301349901929628,0.18301349901929645
68,69,all_nonfinal,3214,3214,1.0,2.3579371310102064,0.46408475485175177,0.46408475485175177
68,69,immature,1573,1573,1.0,3.31849350217443,0.7458310297419048,0.7458310297419053
68,69,immature_final,77,77,1.0,0.21350816734472128,0.15493520115391188,0.15493520115391177
68,69,immature_nonfinal,1496,1496,1.0,3.4024796046473598,0.7762447856251098,0.7762447856251102
68,69,marginalized,1250,1250,1.0,0.21586249252380715,0.1509812776346562,0.15098127763465619
68,69,marginalized_final,621,621,1.0,0.21625195346129392,0.1511358268684477,0.15113582686844776
68,69,marginalized_nonfinal,629,629,1.0,0.21547729443330366,0.15082869405089722,0.15082869405089724
68,69,outlier,88,88,1.0,2.266447480809602,0.8624693615557694,0.8624693615557689
68,69,outlier_final,42,42,1.0,1.9352862388290357,0.7058245309552893,0.7058245309552893
68,69,outlier_nonfinal,46,46,1.0,2.531252608918278,1.0054929025388162,1.005492902538816
69,70,active,1084,1084,1.0,0.3297426062320193,0.1437231575783951,0.143723157578395
69,70,active_nonfinal,1084,1084,1.0,0.3297426062320193,0.1437231575783951,0.143723157578395
69,70,all,4031,4031,1.0,1.9177051527850377,0.3827097686524952,0.3827097686524951
69,70,all_final,746,746,1.0,0.2785240456395832,0.12925994121129458,0.1292599412112947
69,70,all_nonfinal,3285,3285,1.0,2.1201724583291,0.4402664113529931,0.44026641135299305
69,70,immature,1545,1545,1.0,3.0727337782059454,0.7768992525699316,0.7768992525699311
69,70,immature_final,53,53,1.0,0.14243799556146997,0.10473191174114868,0.10473191174114882
69,70,immature_nonfinal,1492,1492,1.0,3.1267183149227127,0.8007765106556722,0.8007765106556717
69,70,marginalized,1312,1312,1.0,0.20427641425780305,0.11323685210460208,0.11323685210460196
69,70,marginalized_final,651,651,1.0,0.20162008071779977,0.11266633503454243,0.11266633503454249
69,70,marginalized_nonfinal,661,661,1.0,0.20685922338570084,0.11379873805408584,0.11379873805408586
69,70,outlier,90,90,1.0,0.8455789087837668,0.4225675493494292,0.4225675493494294
69,70,outlier_final,42,42,1.0,0.8498257226560807,0.41741287413946987,0.4174128741394699
69,70,outlier_nonfinal,48,48,1.0,0.8418453727142892,0.42707789015814374,0.4270778901581436
70,71,active,1037,1037,1.0,0.8860394310785702,0.22223588727232993,0.22223588727232998
70,71,active_nonfinal,1037,1037,1.0,0.8860394310785702,0.22223588727232993,0.22223588727232998
70,71,all,3823,3823,1.0,2.0078434134790606,0.42235468189492503,0.4223546818949253
70,71,all_final,703,703,1.0,0.7583975391331954,0.1815652210397887,0.18156522103978867
70,71,all_nonfinal,3120,3120,1.0,2.193217574511693,0.4766094866965805,0.47660948669658076
70,71,immature,1437,1437,1.0,3.097822254402877,0.788278109115012,0.7882781091150123
70,71,immature_final,37,37,1.0,0.11613631141873498,0.07183862438220097,0.07183862438220083
70,71,immature_nonfinal,1400,1400,1.0,3.138434023257212,0.8072125812115226,0.807212581211523
70,71,marginalized,1218,1218,1.0,0.20611756856533697,0.10566780927419052,0.10566780927419052
70,71,marginalized_final,604,604,1.0,0.20663545204199427,0.10569629518030041,0.1056962951803004
70,71,marginalized_nonfinal,614,614,1.0,0.20560684692423323,0.10563978730791948,0.10563978730791944
70,71,outlier,131,131,1.0,2.402515991559704,0.9369793838829343,0.9369793838829338
70,71,outlier_final,62,62,1.0,2.469339463680456,0.9861574032246532,0.986157403224653
70,71,outlier_nonfinal,69,69,1.0,2.3408451550778633,0.8927904389671859,0.8927904389671858
71,72,active,1053,1053,1.0,0.7922460263949069,0.19957033961473336,0.19957033961473342
71,72,active_nonfinal,1053,1053,1.0,0.7922460263949069,0.19957033961473336,0.19957033961473342
71,72,all,3696,3696,1.0,2.6407741729093064,0.5572551780746701,0.557255178074671
71,72,all_final,690,690,1.0,0.6883172835433564,0.16902249798070493,0.16902249798070498
71,72,all_nonfinal,3006,3006,1.0,2.9095846746901066,0.646370463924582,0.6463704639245826
71,72,immature,1266,1266,1.0,4.395491648712885,1.276236808582353,1.2762368085823532
71,72,immature_final,10,10,1.0,0.15192067959451377,0.0898986494967117,0.08989864949671192
71,72,immature_nonfinal,1256,1256,1.0,4.412934113972599,1.2856821760909967,1.2856821760909969
71,72,marginalized,1249,1249,1.0,0.405338538329036,0.12298238162869142,0.12298238162869145
71,72,marginalized_final,619,619,1.0,0.4068961874133301,0.1230942317074863,0.12309423170748637
71,72,marginalized_nonfinal,630,630,1.0,0.4038022342240752,0.1228724844877798,0.12287248448777988
71,72,outlier,128,128,1.0,1.8730475979442043,0.626146689298204,0.626146689298204
71,72,outlier_final,61,61,1.0,1.9171078036588243,0.6480525849964799,0.6480525849964796
71,72,outlier_nonfinal,67,67,1.0,1.8320117510509184,0.6062025156027593,0.606202515602759
72,73,active,5140,5140,1.0,0.3521841117531825,0.11729776815678074,0.11729776815678057
72,73,active_nonfinal,5140,5140,1.0,0.3521841117531825,0.11729776815678074,0.11729776815678057
72,73,all,17914,17914,1.0,1.7037111734899988,0.3036041855807362,0.3036041855807362
72,73,all_final,711,711,1.0,0.4478492991712718,0.14086432899055168,0.14086432899055168
72,73,all_nonfinal,17203,17203,1.0,1.7361762636446048,0.3103302239482085,0.3103302239482085
72,73,immature,3355,3355,1.0,3.8206835637835987,1.0035741936196583,1.0035741936196587
72,73,immature_nonfinal,3355,3355,1.0,3.8206835637835987,1.0035741936196583,1.0035741936196587
72,73,marginalized,7991,7991,1.0,0.2010352931224648,0.10819823997909174,0.1081982399790919
72,73,marginalized_final,630,630,1.0,0.18709470023472835,0.10429022515637018,0.10429022515637024
72,73,marginalized_nonfinal,7361,7361,1.0,0.20218376701751106,0.10853271210764977,0.10853271210764993
72,73,outlier,1428,1428,1.0,1.2017231604657537,0.4231451658967875,0.42314516589678763
72,73,outlier_final,81,81,1.0,1.2199563155554722,0.4253295810341858,0.4253295810341857
72,73,outlier_nonfinal,1347,1347,1.0,1.200617908631043,0.42301380908451636,0.42301380908451625
73,74,active,1170,1170,1.0,1.3439925488555093,0.28016172776480774,0.2801617277648077
73,74,active_nonfinal,1170,1170,1.0,1.3439925488555093,0.28016172776480774,0.2801617277648077
73,74,all,3693,3693,1.0,2.9684671281539527,0.7068002855320963,0.7068002855320964
73,74,all_final,687,687,1.0,1.2897595228820056,0.2745104457756485,0.27451044577564865
73,74,all_nonfinal,3006,3006,1.0,3.2319490088168634,0.8055970652768337,0.8055970652768338
73,74,immature,1134,1134,1.0,4.9665133665896155,1.6491089702600228,1.6491089702600228
73,74,immature_final,9,9,1.0,0.060625376537144476,0.04489762774115036,0.044897627741150525
73,74,immature_nonfinal,1125,1125,1.0,4.986336897682223,1.661942661000174,1.661942661000174
73,74,marginalized,1279,1279,1.0,0.19568669218603355,0.1166063430959251,0.11660634309592521
73,74,marginalized_final,634,634,1.0,0.1955691389040321,0.11640985396961634,0.11640985396961634
73,74,marginalized_nonfinal,645,645,1.0,0.19580217190335808,0.11679948124488627,0.11679948124488627
73,74,outlier,110,110,1.0,4.678836947550528,2.3926831626422924,2.392683162642293
73,74,outlier_final,44,44,1.0,5.041934702796259,2.59956250412417,2.5995625041241697
73,74,outlier_nonfinal,66,66,1.0,4.4202324529485,2.254763601654374,2.2547636016543744
74,75,active,1113,1113,1.0,1.7345371325552983,0.32616673318220735,0.32616673318220735
74,75,active_nonfinal,1113,1113,1.0,1.7345371325552983,0.32616673318220735,0.32616673318220735
74,75,all,3430,3430,1.0,3.1550238017130927,0.7490676661198759,0.7490676661198766
74,75,all_final,639,639,1.0,1.6668570792934154,0.3033534756567885,0.30335347565678855
74,75,all_nonfinal,2791,2791,1.0,3.4054467351525135,0.8511140178597211,0.8511140178597217
74,75,immature,1024,1024,1.0,5.145282343623884,1.7587632503347719,1.7587632503347719
74,75,immature_final,7,7,1.0,0.14214615399864167,0.12305776982090144,0.12305776982090087
74,75,immature_nonfinal,1017,1017,1.0,5.162945970832648,1.7700217934651525,1.7700217934651525
74,75,marginalized,1218,1218,1.0,1.2322904975082176,0.1710142219945495,0.1710142219945497
74,75,marginalized_final,597,597,1.0,1.2445131356803487,0.17258662837393632,0.17258662837393637
74,75,marginalized_nonfinal,621,621,1.0,1.2204248315713608,0.1695025849438342,0.16950258494383422
74,75,outlier,75,75,1.0,4.946839521721853,2.626795067029375,2.6267950670293754
74,75,outlier_final,35,35,1.0,4.929858981656238,2.569921411905759,2.569921411905759
74,75,outlier_nonfinal,40,40,1.0,4.961649823293693,2.676559515262539,2.6765595152625394
75,76,active,1096,1096,1.0,1.4943365317269361,0.33896646476052994,0.3389664647605299
75,76,active_nonfinal,1096,1096,1.0,1.4943365317269361,0.33896646476052994,0.3389664647605299
75,76,all,3476,3476,1.0,3.439976271568017,0.8951915079636696,0.8951915079636702
75,76,all_final,635,635,1.0,1.3807707185081186,0.3097159155050954,0.3097159155050953
75,76,all_nonfinal,2841,2841,1.0,3.74863020862386,1.0260528248278697,1.0260528248278704
75,76,immature,1102,1102,1.0,5.736498033134605,2.128605093688632,2.128605093688633
75,76,immature_final,6,6,1.0,0.09749487406249288,0.08627328348040209,0.0862732834804022
75,76,immature_nonfinal,1096,1096,1.0,5.752174171661523,2.1397857422846625,2.139785742284664
75,76,marginalized,1181,1181,1.0,0.42201441480098767,0.18157030847351827,0.18157030847351804
75,76,marginalized_final,582,582,1.0,0.4246844680811117,0.1827097258466439,0.18270972584664377
75,76,marginalized_nonfinal,599,599,1.0,0.41940385805801317,0.18046322848827734,0.1804632284882772
75,76,outlier,97,97,1.0,4.774627339734047,1.8558875129080052,1.8558875129080055
75,76,outlier_final,47,47,1.0,4.850137950758218,1.910955451108648,1.9109554511086477
75,76,outlier_nonfinal,50,50,1.0,4.702541933866139,1.8041236509994016,1.8041236509994014
76,77,active,1025,1025,1.0,1.4527657064435486,0.3522887895360909,0.3522887895360906
76,77,active_nonfinal,1025,1025,1.0,1.4527657064435486,0.3522887895360909,0.3522887895360906
76,77,all,3345,3345,1.0,3.532613168499551,0.9480961957538333,0.9480961957538333
76,77,all_final,605,605,1.0,1.393480758047955,0.3434204673024056,0.3434204673024056
76,77,all_nonfinal,2740,2740,1.0,3.84786712311659,1.0816103620724853,1.0816103620724853
76,77,immature,1096,1096,1.0,5.813143186930692,2.15569994756959,2.1556999475695897
76,77,immature_final,3,3,1.0,0.23916812968852527,0.17273701145217402,0.17273701145217354
76,77,immature_nonfinal,1093,1093,1.0,5.821102015679553,2.1611426637711935,2.161142663771193
76,77,marginalized,1091,1091,1.0,0.27227474056168227,0.14475864238479563,0.14475864238479577
76,77,marginalized_final,541,541,1.0,0.27271347910012556,0.1448714277061334,0.14487142770613345
76,77,marginalized_nonfinal,550,550,1.0,0.2718424905684344,0.14464770264144333,0.14464770264144344
76,77,outlier,133,133,1.0,4.302951870468725,2.1782477003306675,2.1782477003306675
76,77,outlier_final,61,61,1.0,4.312343917084143,2.112716873681651,2.112716873681651
76,77,outlier_nonfinal,72,72,1.0,4.294978648780975,2.233766872908307,2.233766872908307
77,78,active,3479,3479,1.0,1.5089748587028706,0.31244891546096903,0.31244891546096915
77,78,active_nonfinal,3479,3479,1.0,1.5089748587028706,0.31244891546096903,0.31244891546096915
77,78,all,12785,12785,1.0,2.8980604920746753,0.7652920713469086,0.7652920713469088
77,78,all_final,607,607,1.0,1.7834175861594561,0.42939978597402206,0.4293997859740223
77,78,all_nonfinal,12178,12178,1.0,2.9425922750632107,0.782034280020037,0.7820342800200374
77,78,immature,2673,2673,1.0,5.276941464372274,2.0201657933772563,2.0201657933772568
77,78,immature_nonfinal,2673,2673,1.0,5.276941464372274,2.0201657933772563,2.0201657933772568
77,78,marginalized,5262,5262,1.0,1.0584701611287084,0.21713502234964768,0.21713502234964743
77,78,marginalized_final,509,509,1.0,0.9863112321565037,0.19677694132583573,0.1967769413258358
77,78,marginalized_nonfinal,4753,4753,1.0,1.06590814228704,0.21931517451483157,0.2193151745148313
77,78,outlier,1371,1371,1.0,3.735257152411523,1.571686142946982,1.5716861429469817
77,78,outlier_final,98,98,1.0,3.827199658327634,1.6376143566467452,1.6376143566467447
77,78,outlier_nonfinal,1273,1273,1.0,3.7280850982916265,1.5666107580745725,1.5666107580745723
78,79,active,826,826,1.0,2.616700592502617,0.4978721406425376,0.4978721406425376
78,79,active_nonfinal,826,826,1.0,2.616700592502617,0.4978721406425376,0.4978721406425376
78,79,all,2848,2848,1.0,7.100906479466061,2.8059929500924836,2.8059929500924836
78,79,all_final,462,462,1.0,2.471564904760103,0.46175989269281176,0.46175989269281204
78,79,all_nonfinal,2386,2386,1.0,7.681368182658952,3.2599056376526883,3.2599056376526874
78,79,immature,1085,1085,1.0,11.04253669779244,6.589826467015923,6.589826467015923
78,79,immature_final,1,1,1.0,0.17619052705518445,0.17619052705518445,0.1761905270551844
78,79,immature_nonfinal,1084,1084,1.0,11.047627648543232,6.59574310533692,6.59574310533692
78,79,marginalized,898,898,1.0,0.9181210442235134,0.23806022600506527,0.2380602260050653
78,79,marginalized_final,445,445,1.0,0.9221278299141108,0.23892787084495606,0.23892787084495623
78,79,marginalized_nonfinal,453,453,1.0,0.9141679194889848,0.23720790381135365,0.23720790381135382
78,79,outlier,39,39,1.0,11.196770571680265,5.550916257123542,5.550916257123542
78,79,outlier_final,16,16,1.0,12.358613284860933,6.677123585688655,6.677123585688655
78,79,outlier_nonfinal,23,23,1.0,10.31161021660853,4.767467680730422,4.767467680730422
79,80,active,850,850,1.0,3.256125143328379,0.8665185284166882,0.8665185284166883
79,80,active_nonfinal,850,850,1.0,3.256125143328379,0.8665185284166882,0.8665185284166883
79,80,all,2941,2941,1.0,9.39399875060266,4.3083791233367155,4.308379123336716
79,80,all_final,448,448,1.0,3.200333695583732,0.8518588128891015,0.8518588128891011
79,80,all_nonfinal,2493,2493,1.0,10.112614499171181,4.929526776397494,4.929526776397495
79,80,immature,1175,1175,1.0,14.32992740285822,9.494715149631816,9.494715149631816
79,80,immature_nonfinal,1175,1175,1.0,14.32992740285822,9.494715149631816,9.494715149631816
79,80,marginalized,847,847,1.0,2.9009137312790556,0.6697647953848801,0.6697647953848801
79,80,marginalized_final,417,417,1.0,2.9233234242560266,0.6773479633065395,0.6773479633065393
79,80,marginalized_nonfinal,430,430,1.0,2.8790149433752887,0.6624108860282938,0.6624108860282936
79,80,outlier,69,69,1.0,5.533536056177619,3.055379276386686,3.0553792763866867
79,80,outlier_final,31,31,1.0,5.749810508559127,3.1993112088867854,3.1993112088867863
79,80,outlier_nonfinal,38,38,1.0,5.350630856194187,2.937961120926078,2.937961120926078
80,81,active,746,746,1.0,4.755394701121612,1.2990176127591149,1.2990176127591149
80,81,active_nonfinal,746,746,1.0,4.755394701121612,1.2990176127591149,1.2990176127591149
80,81,all,2885,2885,1.0,10.656426223389364,5.47354907602987,5.4735490760298715
80,81,all_final,401,401,1.0,4.627648916571053,1.251120764582143,1.251120764582143
80,81,all_nonfinal,2484,2484,1.0,11.332897429593768,6.155189073167764,6.155189073167766
80,81,immature,1316,1316,1.0,14.932445640092624,10.483892615639604,10.483892615639608
80,81,immature_nonfinal,1316,1316,1.0,14.932445640092624,10.483892615639604,10.483892615639608
80,81,marginalized,730,730,1.0,3.935967672955126,0.8737826152700976,0.8737826152700976
80,81,marginalized_final,360,360,1.0,3.96207113184034,0.8799582623439985,0.8799582623439985
80,81,marginalized_nonfinal,370,370,1.0,3.910402466362432,0.8677738775765702,0.8677738775765701
80,81,outlier,93,93,1.0,8.032891694028809,4.166214558053283,4.166214558053281
80,81,outlier_final,41,41,1.0,8.462523087343946,4.510108589112194,4.510108589112194
80,81,outlier_nonfinal,52,52,1.0,7.677210627348169,3.895067341256834,3.8950673412568335
81,82,active,755,755,1.0,5.275370345477974,1.946917397321724,1.946917397321724
81,82,active_nonfinal,755,755,1.0,5.275370345477974,1.946917397321724,1.946917397321724
81,82,all,2916,2916,1.0,11.616892420732777,6.558705555079707,6.558705555079707
81,82,all_final,396,396,1.0,5.29194352937426,1.9525039234519055,1.952503923451905
81,82,all_nonfinal,2520,2520,1.0,12.319018989934808,7.282537240049798,7.282537240049798
81,82,immature,1356,1356,1.0,16.04491699389431,11.827568304289422,11.827568304289422
81,82,immature_nonfinal,1356,1356,1.0,16.04491699389431,11.827568304289422,11.827568304289422
81,82,marginalized,692,692,1.0,4.524622119269649,1.2598421162266982,1.2598421162266982
81,82,marginalized_final,344,344,1.0,4.537736526792293,1.2663513261736077,1.2663513261736075
81,82,marginalized_nonfinal,348,348,1.0,4.5116209859198735,1.253407724784926,1.2534077247849256
81,82,outlier,113,113,1.0,9.049885195195564,6.595304412293784,6.595304412293784
81,82,outlier_final,52,52,1.0,8.777731553128389,6.491667259292953,6.491667259292953
81,82,outlier_nonfinal,61,61,1.0,9.275582247506733,6.6836508378026895,6.6836508378026895
82,83,active,663,663,1.0,5.447753674055919,1.5518280881318562,1.5518280881318562
82,83,active_nonfinal,663,663,1.0,5.447753674055919,1.5518280881318562,1.5518280881318562
82,83,all,2836,2836,1.0,13.057707135328489,7.722602938521443,7.722602938521443
82,83,all_final,346,346,1.0,5.3350910703803684,1.5171282723275166,1.5171282723275166
82,83,all_nonfinal,2490,2490,1.0,13.792790612386263,8.584889779687344,8.584889779687344
82,83,immature,1469,1469,1.0,17.386322407371235,13.481769308260354,13.481769308260354
82,83,immature_nonfinal,1469,1469,1.0,17.386322407371235,13.481769308260354,13.481769308260354
82,83,marginalized,664,664,1.0,5.284635444125888,1.3967464793716673,1.3967464793716673
82,83,marginalized_final,327,327,1.0,5.324733999884934,1.414364377143796,1.414364377143796
82,83,marginalized_nonfinal,337,337,1.0,5.245433741417726,1.3796513678835798,1.3796513678835798
82,83,outlier,40,40,1.0,5.640778942914963,3.507028376953366,3.507028376953366
82,83,outlier_final,19,19,1.0,5.510291944146566,3.285748994699972,3.2857489946999725
82,83,outlier_nonfinal,21,21,1.0,5.756290366400046,3.7072335323254837,3.7072335323254837
83,84,active,579,579,1.0,6.581175947326505,2.2610857722826605,2.2610857722826596
83,84,active_nonfinal,579,579,1.0,6.581175947326505,2.2610857722826605,2.2610857722826596
83,84,all,2792,2792,1.0,13.568809965120133,8.539114313477011,8.53911431347701
83,84,all_final,300,300,1.0,6.5475559435661355,2.2270819779877304,2.2270819779877296
83,84,all_nonfinal,2492,2492,1.0,14.181539717585228,9.298989795277492,9.29898979527749
83,84,immature,1605,1605,1.0,16.98894361981688,13.204847813456533,13.204847813456531
83,84,immature_nonfinal,1605,1605,1.0,16.98894361981688,13.204847813456533,13.204847813456531
83,84,marginalized,539,539,1.0,5.92857209826895,1.8797380183952468,1.8797380183952468
83,84,marginalized_final,267,267,1.0,5.956193964267194,1.895137490332328,1.895137490332327
83,84,marginalized_nonfinal,272,272,1.0,5.901332244235549,1.864621624986422,1.8646216249864214
83,84,outlier,69,69,1.0,9.911353096086817,4.711289399469997,4.711289399469997
83,84,outlier_final,33,33,1.0,10.133934627393923,4.9128146508359976,4.912814650835997
83,84,outlier_nonfinal,36,36,1.0,9.702835595574168,4.526557919051168,4.526557919051166
84,85,active,1272,1272,1.0,10.349184578726728,4.789481986114453,4.789481986114453
84,85,active_nonfinal,1272,1272,1.0,10.349184578726728,4.789481986114453,4.789481986114453
84,85,all,9900,9900,1.0,14.277401799823847,9.61705480489453,9.61705480489453
84,85,all_final,281,281,1.0,8.72027830101479,3.3235091423732217,3.3235091423732217
84,85,all_nonfinal,9619,9619,1.0,14.407555423982819,9.800908254439014,9.800908254439014
84,85,immature,5433,5433,1.0,17.575070066408514,14.78550140381491,14.78550140381491
84,85,immature_nonfinal,5433,5433,1.0,17.575070066408514,14.78550140381491,14.78550140381491
84,85,marginalized,2538,2538,1.0,7.685540617277222,2.430396914344534,2.430396914344534
84,85,marginalized_final,230,230,1.0,8.56406991047402,3.1181174418578386,3.1181174418578386
84,85,marginalized_nonfinal,2308,2308,1.0,7.592424314052594,2.361863239592339,2.361863239592339
84,85,outlier,657,657,1.0,9.044455725758544,3.98576101458951,3.98576101458951
84,85,outlier_final,51,51,1.0,9.392526008259193,4.249785438815145,4.2497854388151435
84,85,outlier_nonfinal,606,606,1.0,9.014549576426294,3.9635411373031952,3.9635411373031952
85,86,active,456,456,1.0,9.268205486063927,4.291620863050356,4.291620863050356
85,86,active_nonfinal,456,456,1.0,9.268205486063927,4.291620863050356,4.291620863050356
85,86,all,2598,2598,1.0,15.724222286690104,11.089757055786608,11.089757055786606
85,86,all_final,244,244,1.0,9.286557281614732,4.173925959992142,4.173925959992141
85,86,all_nonfinal,2354,2354,1.0,16.24624569353215,11.806606158324351,11.806606158324351
85,86,immature,1638,1638,1.0,18.45908829404671,15.102700702712058,15.102700702712056
85,86,immature_nonfinal,1638,1638,1.0,18.45908829404671,15.102700702712058,15.102700702712056
85,86,marginalized,440,440,1.0,8.824872348136669,3.682861794900208,3.682861794900207
85,86,marginalized_final,217,217,1.0,8.885651786640553,3.732325920806363,3.732325920806362
85,86,marginalized_nonfinal,223,223,1.0,8.765323647432455,3.634728542336824,3.634728542336823
85,86,outlier,64,64,1.0,12.986211174006499,7.742605884128634,7.742605884128634
85,86,outlier_final,27,27,1.0,12.03298305765304,7.723081830485261,7.72308183048526
85,86,outlier_nonfinal,37,37,1.0,13.639831543504213,7.756853166517043,7.756853166517043
86,87,active,430,430,1.0,11.52380309533111,6.187147003555537,6.187147003555536
86,87,active_nonfinal,430,430,1.0,11.52380309533111,6.187147003555537,6.187147003555536
86,87,all,2441,2441,1.0,16.089475989324207,11.732674152563272,11.732674152563273
86,87,all_final,224,224,1.0,11.177357790925097,5.88892942991406,5.88892942991406
86,87,all_nonfinal,2217,2217,1.0,16.504665429164127,12.323111147544518,12.32311114754452
86,87,immature,1552,1552,1.0,18.28210546609738,15.031619313462157,15.031619313462157
86,87,immature_nonfinal,1552,1552,1.0,18.28210546609738,15.031619313462157,15.031619313462157
86,87,marginalized,392,392,1.0,9.586722962271498,4.4475386739416845,4.4475386739416845
86,87,marginalized_final,191,191,1.0,9.711307077355478,4.559257412001455,4.559257412001455
86,87,marginalized_nonfinal,201,201,1.0,9.466817970843993,4.341378082054043,4.341378082054042
86,87,outlier,67,67,1.0,17.295225712450492,13.5294934358164,13.529493435816402
86,87,outlier_final,33,33,1.0,17.383337220105275,13.584909897226424,13.584909897226428
86,87,outlier_nonfinal,34,34,1.0,17.209274301810236,13.475706870330198,13.475706870330198
87,88,active,327,327,1.0,12.804249636634044,7.326500197834864,7.326500197834863
87,88,active_nonfinal,327,327,1.0,12.804249636634044,7.326500197834864,7.326500197834863
87,88,all,2252,2252,1.0,16.040736623701918,11.84681451845467,11.84681451845467
87,88,all_final,173,173,1.0,12.454587611567934,6.952886717290783,6.952886717290783
87,88,all_nonfinal,2079,2079,1.0,16.303639158957644,12.254053339811746,12.254053339811746
87,88,immature,1566,1566,1.0,17.364115832248945,13.96831427690681,13.968314276906804
87,88,immature_nonfinal,1566,1566,1.0,17.364115832248945,13.96831427690681,13.968314276906804
87,88,marginalized,275,275,1.0,10.333277917467669,4.889460638069762,4.889460638069762
87,88,marginalized_final,133,133,1.0,10.50653743684813,5.047681007347154,5.047681007347154
87,88,marginalized_nonfinal,142,142,1.0,10.168322530378255,4.741268320366295,4.741268320366295
87,88,outlier,84,84,1.0,17.011180704394636,12.66998687812706,12.66998687812706
87,88,outlier_final,40,40,1.0,17.43106669861226,13.28769570285335,13.287695702853352
87,88,outlier_nonfinal,44,44,1.0,16.62026360581412,12.108433401103156,12.108433401103156
88,89,active,546,546,1.0,13.246053057740676,8.471888731970965,8.471888731970965
88,89,active_nonfinal,546,546,1.0,13.246053057740676,8.471888731970965,8.471888731970965
88,89,all,7394,7394,1.0,15.43632426074459,11.042033954318205,11.042033954318205
88,89,all_final,140,140,1.0,12.005218524605903,6.684769554736257,6.684769554736257
88,89,all_nonfinal,7254,7254,1.0,15.49507232768757,11.126127835754854,11.126127835754854
88,89,immature,4456,4456,1.0,17.328868508250306,13.91325715584891,13.91325715584891
88,89,immature_nonfinal,4456,4456,1.0,17.328868508250306,13.91325715584891,13.91325715584891
88,89,marginalized,1839,1839,1.0,11.02272690180307,5.567616172758492,5.567616172758491
88,89,marginalized_final,109,109,1.0,11.315038959473053,5.976024962808718,5.976024962808718
88,89,marginalized_nonfinal,1730,1730,1.0,11.004049523485564,5.54188405824087,5.5418840582408695
88,89,outlier,553,553,1.0,13.74745203083361,8.648874832562287,8.648874832562287
88,89,outlier_final,31,31,1.0,14.167496227413272,9.176806990868561,9.176806990868561
88,89,outlier_nonfinal,522,522,1.0,13.722102414447685,8.617522539636054,8.617522539636054
89,90,active,386,386,1.0,12.500635099002544,7.80197308343957,7.80197308343957
89,90,active_nonfinal,386,386,1.0,12.500635099002544,7.80197308343957,7.80197308343957
89,90,all,3793,3793,1.0,16.022316560687255,11.939077805260494,11.939077805260494
89,90,all_final,128,128,1.0,11.99045477748809,7.020779352128999,7.020779352128999
89,90,all_nonfinal,3665,3665,1.0,16.144942865309325,12.110849210990596,12.110849210990596
89,90,immature,3027,3027,1.0,16.88400113308098,13.174837107197092,13.174837107197089
89,90,immature_nonfinal,3027,3027,1.0,16.88400113308098,13.174837107197092,13.174837107197089
89,90,marginalized,318,318,1.0,12.021624762563196,6.3279218588533395,6.3279218588533395
89,90,marginalized_final,113,113,1.0,12.361586607716355,7.106374472311057,7.106374472311057
89,90,marginalized_nonfinal,205,205,1.0,11.830055118801827,5.898823588996153,5.898823588996154
89,90,outlier,62,62,1.0,8.554763818507569,6.142732750715262,6.142732750715261
89,90,outlier_final,15,15,1.0,8.699776578350184,6.375962780090818,6.375962780090818
89,90,outlier_nonfinal,47,47,1.0,8.507962878048122,6.068297634957106,6.068297634957105
90,91,active,517,517,1.0,12.873226140362522,8.326174106959305,8.326174106959305
90,91,active_nonfinal,517,517,1.0,12.873226140362522,8.326174106959305,8.326174106959305
90,91,all,4867,4867,1.0,14.35537244259785,10.376009845631213,10.376009845631213
90,91,all_final,132,132,1.0,12.224856665372755,7.794477605782066,7.794477605782066
90,91,all_nonfinal,4735,4735,1.0,14.410253641690318,10.447976531092685,10.447976531092685
90,91,immature,3813,3813,1.0,14.882656905545149,11.083253324305659,11.083253324305659
90,91,immature_nonfinal,3813,3813,1.0,14.882656905545149,11.083253324305659,11.083253324305659
90,91,marginalized,472,472,1.0,11.658394757001131,7.7198856314280455,7.719885631428045
90,91,marginalized_final,119,119,1.0,11.92031707927561,7.908233624508746,7.908233624508746
90,91,marginalized_nonfinal,353,353,1.0,11.568761577854163,7.656391548774771,7.65639154877477
90,91,outlier,65,65,1.0,11.495932351100482,4.479645565807809,4.479645565807809
90,91,outlier_final,13,13,1.0,14.722663720499968,6.753172511284013,6.753172511284013
90,91,outlier_nonfinal,52,52,1.0,10.535956008811771,3.9112638294387585,3.9112638294387585
91,92,active,369,369,1.0,9.572532562657251,6.372641527737529,6.372641527737526
91,92,active_nonfinal,369,369,1.0,9.572532562657251,6.372641527737529,6.372641527737526
91,92,all,3523,3523,1.0,11.817619635283869,8.543705859426487,8.543705859426485
91,92,all_final,143,143,1.0,8.951957192103427,5.843344248472708,5.843344248472707
91,92,all_nonfinal,3380,3380,1.0,11.923683503935981,8.657951927582221,8.657951927582218
91,92,immature,2810,2810,1.0,12.430935808260058,9.223420111562287,9.223420111562287
91,92,immature_nonfinal,2810,2810,1.0,12.430935808260058,9.223420111562287,9.223420111562287
91,92,marginalized,276,276,1.0,9.15540116000662,6.107611575991924,6.107611575991924
91,92,marginalized_final,124,124,1.0,9.500656242839767,6.394689838934633,6.3946898389346325
91,92,marginalized_nonfinal,152,152,1.0,8.863790945636444,5.873416150959712,5.873416150959712
91,92,outlier,68,68,1.0,3.5083940579635233,2.124407508243525,2.1244075082435256
91,92,outlier_final,19,19,1.0,3.749538293481545,2.2450888159843534,2.2450888159843534
91,92,outlier_nonfinal,49,49,1.0,3.410304469061826,2.0776127154460617,2.077612715446062
92,93,active,338,338,1.0,9.289129190174409,5.561200170055739,5.5612001700557405
92,93,active_nonfinal,338,338,1.0,9.289129190174409,5.561200170055739,5.5612001700557405
92,93,all,3389,3389,1.0,13.066976528479406,9.337451733873097,9.337451733873097
92,93,all_final,130,130,1.0,9.398769266004653,5.640363319316306,5.640363319316303
92,93,all_nonfinal,3259,3259,1.0,13.19216179771066,9.484926877749247,9.484926877749247
92,93,immature,2746,2746,1.0,13.769406596467798,10.186555192033394,10.186555192033394
92,93,immature_nonfinal,2746,2746,1.0,13.769406596467798,10.186555192033394,10.186555192033394
92,93,marginalized,279,279,1.0,10.082522969036953,6.144147893882821,6.144147893882822
92,93,marginalized_final,122,122,1.0,9.635470531758857,5.809713178557912,5.80971317855791
92,93,marginalized_nonfinal,157,157,1.0,10.416675294978377,6.404027099421928,6.4040270994219295
92,93,outlier,26,26,1.0,4.376196848311132,3.0169403423113814,3.016940342311382
92,93,outlier_final,8,8,1.0,4.430471392571921,3.057777965881801,3.057777965881802
92,93,outlier_nonfinal,18,18,1.0,4.351857560929778,2.998790287391195,2.9987902873911962
93,94,active,774,774,1.0,6.056170470843549,3.4409866134720093,3.4409866134720093
93,94,active_nonfinal,774,774,1.0,6.056170470843549,3.4409866134720093,3.4409866134720093
93,94,all,9021,9021,1.0,7.501589023562986,5.283915861175107,5.283915861175105
93,94,all_final,139,139,1.0,7.268520245544801,4.594695762460735,4.594695762460735
93,94,all_nonfinal,8882,8882,1.0,7.5051789427417805,5.294701899648568,5.294701899648567
93,94,immature,6648,6648,1.0,7.584103935652792,5.5411623242701,5.541162324270101
93,94,immature_nonfinal,6648,6648,1.0,7.584103935652792,5.5411623242701,5.541162324270101
93,94,marginalized,1360,1360,1.0,7.860416457047353,5.068556857718013,5.068556857718012
93,94,marginalized_final,122,122,1.0,7.235673541116037,4.478835993376216,4.478835993376217
93,94,marginalized_nonfinal,1238,1238,1.0,7.91931511394504,5.126671514785621,5.126671514785619
93,94,outlier,239,239,1.0,7.331113680820884,5.322162705394106,5.322162705394106
93,94,outlier_final,17,17,1.0,7.500024303510977,5.426159987655517,5.426159987655517
93,94,outlier_nonfinal,222,222,1.0,7.318018379642428,5.314198949545259,5.314198949545259
94,95,active,725,725,1.0,3.8433445340854515,1.618987738605262,1.618987738605262
94,95,active_nonfinal,725,725,1.0,3.8433445340854515,1.618987738605262,1.618987738605262
94,95,all,3479,3479,1.0,6.860255177193638,4.14245729229334,4.14245729229334
94,95,all_final,251,251,1.0,4.236277843723373,1.8674714781598514,1.8674714781598518
94,95,all_nonfinal,3228,3228,1.0,7.023329643754092,4.319353648968532,4.319353648968532
94,95,immature,2221,2221,1.0,7.977353323976795,5.444125494279041,5.44412549427904
94,95,immature_nonfinal,2221,2221,1.0,7.977353323976795,5.444125494279041,5.44412549427904
94,95,marginalized,481,481,1.0,3.898291057507991,1.7707580678821648,1.7707580678821644
94,95,marginalized_final,231,231,1.0,3.66301227054134,1.6092220731941986,1.609222073194199
94,95,marginalized_nonfinal,250,250,1.0,4.103715677171594,1.920017326973845,1.9200173269738445
94,95,outlier,52,52,1.0,9.170785171519054,5.667412614512927,5.667412614512926
94,95,outlier_final,20,20,1.0,8.381465676506393,4.850252105513137,4.85025210551314
94,95,outlier_nonfinal,32,32,1.0,9.631316590786831,6.178137932637795,6.178137932637795
95,96,active,1511,1511,1.0,3.128686870559372,1.3207066518140815,1.3207066518140815
95,96,active_nonfinal,1511,1511,1.0,3.128686870559372,1.3207066518140815,1.3207066518140815
95,96,all,6426,6426,1.0,6.313324429351997,3.5014049028456173,3.501404902845616
95,96,all_final,284,284,1.0,4.252803585664953,1.960369383252214,1.9603693832522149
95,96,all_nonfinal,6142,6142,1.0,6.392555706079859,3.5726608597919736,3.5726608597919722
95,96,immature,3864,3864,1.0,7.390385801789656,4.585066728622316,4.585066728622316
95,96,immature_nonfinal,3864,3864,1.0,7.390385801789656,4.585066728622316,4.585066728622316
95,96,marginalized,921,921,1.0,5.3604360480410564,2.5840937519630858,2.5840937519630853
95,96,marginalized_final,262,262,1.0,4.141591761987322,1.8609198432502183,1.8609198432502192
95,96,marginalized_nonfinal,659,659,1.0,5.773971994785295,2.8716075062616753,2.8716075062616753
95,96,outlier,130,130,1.0,5.427689073777936,3.136861306462913,3.1368613064629143
95,96,outlier_final,22,22,1.0,5.4040856574432405,3.1447229960032574,3.1447229960032583
95,96,outlier_nonfinal,108,108,1.0,5.432484604095591,3.1352598511861767,3.135259851186177
96,97,active,795,795,1.0,2.249276957498461,1.0403652028052457,1.0403652028052461
96,97,active_nonfinal,795,795,1.0,2.249276957498461,1.0403652028052457,1.0403652028052461
96,97,all,3971,3971,1.0,6.17928024952787,3.2633714134417393,3.2633714134417393
96,97,all_final,241,241,1.0,2.817600595256007,1.2851442336314878,1.2851442336314878
96,97,all_nonfinal,3730,3730,1.0,6.335428015498892,3.391187164201598,3.391187164201598
96,97,immature,2526,2526,1.0,7.449605523135051,4.4081805654911355,4.408180565491136
96,97,immature_nonfinal,2526,2526,1.0,7.449605523135051,4.4081805654911355,4.408180565491136
96,97,marginalized,468,468,1.0,2.5231679640415567,1.1109626269998494,1.1109626269998492
96,97,marginalized_final,195,195,1.0,2.084917713792985,0.9824730361888461,0.982473036188846
96,97,marginalized_nonfinal,273,273,1.0,2.794436041513017,1.2027409061505665,1.2027409061505658
96,97,outlier,182,182,1.0,4.939558975941359,2.619576531211224,2.6195765312112242
96,97,outlier_final,46,46,1.0,4.8130855494166465,2.56820691844269,2.568206918442689
96,97,outlier_nonfinal,136,136,1.0,4.981610113783466,2.6369515472946996,2.6369515472947005
98,99,active,524,524,1.0,2.526805687299384,0.9523839338077197,0.9523839338077196
98,99,active_nonfinal,524,524,1.0,2.526805687299384,0.9523839338077197,0.9523839338077196
98,99,all,2370,2370,1.0,5.73866440842171,2.7922436896226213,2.7922436896226213
98,99,all_final,292,292,1.0,2.6188625629441034,1.0183444922459073,1.0183444922459073
98,99,all_nonfinal,2078,2078,1.0,6.049475719935921,3.0415115267900914,3.0415115267900914
98,99,immature,1197,1197,1.0,7.645250137034137,4.52286723758008,4.522867237580082
98,99,immature_nonfinal,1197,1197,1.0,7.645250137034137,4.52286723758008,4.522867237580082
98,99,marginalized,505,505,1.0,2.3836269638483034,0.8332468878878159,0.8332468878878163
98,99,marginalized_final,246,246,1.0,2.4101158760507246,0.8403168177767019,0.8403168177767018
98,99,marginalized_nonfinal,259,259,1.0,2.358192111544548,0.8265318193447053,0.8265318193447053
98,99,outlier,144,144,1.0,3.6037725108536107,1.9715736203032068,1.9715736203032077
98,99,outlier_final,46,46,1.0,3.5316420870724747,1.9704055339725266,1.9704055339725262
98,99,outlier_nonfinal,98,98,1.0,3.637136376948779,1.9721219057237305,1.9721219057237307
101,102,active,380,380,1.0,1.4208555068429631,0.8274512564171445,0.8274512564171445
101,102,active_nonfinal,380,380,1.0,1.4208555068429631,0.8274512564171445,0.8274512564171445
101,102,all,5004,5004,1.0,4.206694347521778,2.072448559166875,2.072448559166876
101,102,all_final,75,75,1.0,1.76919519657321,1.052417286322978,1.0524172863229782
101,102,all_nonfinal,4929,4929,1.0,4.232956179376226,2.0879694245479445,2.0879694245479454
101,102,immature,3951,3951,1.0,4.6480956900695745,2.346631900277099,2.3466319002771
101,102,immature_nonfinal,3951,3951,1.0,4.6480956900695745,2.346631900277099,2.3466319002771
101,102,marginalized,451,451,1.0,1.2885588703967727,0.8228615670331733,0.822861567033173
101,102,marginalized_final,55,55,1.0,1.2001405946195849,0.754897260705551,0.754897260705551
101,102,marginalized_nonfinal,396,396,1.0,1.3003637869985252,0.8323010540231206,0.8323010540231205
101,102,outlier,222,222,1.0,2.747352350339673,1.862377963539528,1.8623779635395277
101,102,outlier_final,20,20,1.0,2.788685296796388,1.870597356770903,1.8705973567709027
101,102,outlier_nonfinal,202,202,1.0,2.743226096651072,1.861564162229491,1.8615641622294907
104,105,active,161,161,1.0,1.937532422344252,0.9600366671763667,0.9600366671763662
104,105,active_nonfinal,161,161,1.0,1.937532422344252,0.9600366671763667,0.9600366671763662
104,105,all,2215,2215,1.0,6.589102479406843,3.6213254461498177,3.6213254461498177
104,105,all_final,85,85,1.0,1.9833766601433893,0.9951998355553787,0.9951998355553786
104,105,all_nonfinal,2130,2130,1.0,6.707597464706283,3.7261238860092205,3.7261238860092205
104,105,immature,1875,1875,1.0,7.11406797761659,4.104668740131447,4.104668740131447
104,105,immature_nonfinal,1875,1875,1.0,7.11406797761659,4.104668740131447,4.104668740131447
104,105,marginalized,166,166,1.0,1.9214889562261992,0.9550998959351533,0.955099895935153
104,105,marginalized_final,80,80,1.0,1.9568463669910068,0.9839088353565287,0.9839088353565287
104,105,marginalized_nonfinal,86,86,1.0,1.8880039661615906,0.9283008825199197,0.9283008825199194
104,105,outlier,13,13,1.0,2.0767825266799576,0.9130376411352891,0.9130376411352888
104,105,outlier_final,5,5,1.0,2.3677726512340294,1.1758558387369784,1.1758558387369782
104,105,outlier_nonfinal,8,8,1.0,1.8720842990148152,0.7487762676342333,0.7487762676342332
106,107,active,379,379,1.0,4.268551760487645,1.7180484159658898,1.7180484159658898
106,107,active_nonfinal,379,379,1.0,4.268551760487645,1.7180484159658898,1.7180484159658898
106,107,all,3970,3970,1.0,7.531991196754535,4.930944433479252,4.930944433479251
106,107,all_final,124,124,1.0,4.132661043940693,1.6684648353620775,1.6684648353620777
106,107,all_nonfinal,3846,3846,1.0,7.616385175194475,5.036130983184539,5.036130983184538
106,107,immature,3222,3222,1.0,8.116471928515981,5.68649757993864,5.6864975799386395
106,107,immature_nonfinal,3222,3222,1.0,8.116471928515981,5.68649757993864,5.6864975799386395
106,107,marginalized,226,226,1.0,2.9157255179327364,1.1879616526577614,1.187961652657761
106,107,marginalized_final,86,86,1.0,3.1173257049748315,1.246794653115638,1.246794653115638
106,107,marginalized_nonfinal,140,140,1.0,2.784658244614234,1.1518213809479223,1.151821380947922
106,107,outlier,143,143,1.0,5.379745685437217,2.3380036027876585,2.338003602787659
106,107,outlier_final,38,38,1.0,5.808474173073359,2.62277103728823,2.62277103728823
106,107,outlier_nonfinal,105,105,1.0,5.215909504934833,2.2349449122064997,2.2349449122064997
108,109,active,221,221,1.0,3.8256563589924393,1.5458189851686412,1.5458189851686415
108,109,active_nonfinal,221,221,1.0,3.8256563589924393,1.5458189851686412,1.5458189851686415
108,109,all,2488,2488,1.0,8.915638085783696,6.1213555746847925,6.121355574684794
108,109,all_final,119,119,1.0,3.746405936995947,1.5365841535013975,1.5365841535013982
108,109,all_nonfinal,2369,2369,1.0,9.098156443218528,6.351658571358845,6.351658571358847
108,109,immature,2013,2013,1.0,9.743358567711748,7.20346977486772,7.20346977486772
108,109,immature_nonfinal,2013,2013,1.0,9.743358567711748,7.20346977486772,7.20346977486772
108,109,marginalized,195,195,1.0,3.6856714759178826,1.4926426005929898,1.4926426005929894
108,109,marginalized_final,95,95,1.0,3.7316669669810736,1.5158589549318708,1.5158589549318713
108,109,marginalized_nonfinal,100,100,1.0,3.6414376708293164,1.4705870639710517,1.4705870639710519
108,109,outlier,59,59,1.0,3.6454040383470847,1.638249324900898,1.6382493249008971
108,109,outlier_final,24,24,1.0,3.8041873444642937,1.618621397839109,1.6186213978391086
108,109,outlier_nonfinal,35,35,1.0,3.5324013407404053,1.6517084748861244,1.6517084748861242
110,111,active,263,263,1.0,6.695411107708803,3.6331226177574654,3.633122617757465
110,111,active_nonfinal,263,263,1.0,6.695411107708803,3.6331226177574654,3.633122617757465
110,111,all,3154,3154,1.0,9.49396466471775,7.03197827768895,7.03197827768895
110,111,all_final,104,104,1.0,6.40765671417636,3.4644119838137546,3.464411983813756
110,111,all_nonfinal,3050,3050,1.0,9.581691945943843,7.153626439840763,7.153626439840763
110,111,immature,2632,2632,1.0,9.995031562470155,7.745946308643437,7.74594630864344
110,111,immature_nonfinal,2632,2632,1.0,9.995031562470155,7.745946308643437,7.74594630864344
110,111,marginalized,216,216,1.0,6.064862757487403,3.1013043618717755,3.1013043618717755
110,111,marginalized_final,89,89,1.0,6.403787771852094,3.3937743820193687,3.39377438201937
110,111,marginalized_nonfinal,127,127,1.0,5.815589090146658,2.896345056414012,2.896345056414012
110,111,outlier,43,43,1.0,6.125582233602185,3.863623554579115,3.863623554579115
110,111,outlier_final,15,15,1.0,6.430564559682985,3.883528421127106,3.8835284211271075
110,111,outlier_nonfinal,28,28,1.0,5.955778025170825,3.85296023321412,3.85296023321412
112,113,active,200,200,1.0,5.498697931483521,2.06981181839008,2.0698118183900793
112,113,active_nonfinal,200,200,1.0,5.498697931483521,2.06981181839008,2.0698118183900793
112,113,all,3168,3168,1.0,12.66582114438595,9.373796047382292,9.373796047382294
112,113,all_final,81,81,1.0,5.205787275217644,1.9712789040863716,1.9712789040863716
112,113,all_nonfinal,3087,3087,1.0,12.80317504600107,9.568031191083934,9.568031191083934
112,113,immature,2759,2759,1.0,13.42759990216746,10.477129520188457,10.477129520188456
112,113,immature_nonfinal,2759,2759,1.0,13.42759990216746,10.477129520188457,10.477129520188456
112,113,marginalized,135,135,1.0,3.140179791641616,1.4122665639393055,1.4122665639393053
112,113,marginalized_final,54,54,1.0,3.0974244866373395,1.440951734363264,1.4409517343632632
112,113,marginalized_nonfinal,81,81,1.0,3.1683628116284672,1.3931431169899986,1.3931431169899982
112,113,outlier,74,74,1.0,6.7712610521831325,2.5022592175312957,2.5022592175312965
112,113,outlier_final,27,27,1.0,7.881153885289428,3.0319332435325883,3.031933243532588
112,113,outlier_nonfinal,47,47,1.0,6.042154054933049,2.1979783940837465,2.197978394083746
114,115,active,345,345,1.0,12.809942636356302,8.119181803706134,8.119181803706134
114,115,active_nonfinal,345,345,1.0,12.809942636356302,8.119181803706134,8.119181803706134
114,115,all,7639,7639,1.0,14.228502167522011,11.019483621201772,11.019483621201772
114,115,all_final,85,85,1.0,10.72519161145513,5.6186279928894205,5.6186279928894205
114,115,all_nonfinal,7554,7554,1.0,14.263027641987277,11.080255758930992,11.080255758930992
114,115,immature,6158,6158,1.0,15.009679698191976,12.335023520049303,12.335023520049303
114,115,immature_nonfinal,6158,6158,1.0,15.009679698191976,12.335023520049303,12.335023520049303
114,115,marginalized,903,903,1.0,9.105167554748016,4.2784711932836075,4.278471193283605
114,115,marginalized_final,70,70,1.0,10.56888520906303,5.2912603840762955,5.291260384076295
114,115,marginalized_nonfinal,833,833,1.0,8.97129525333608,4.193362857922876,4.1933628579228746
114,115,outlier,233,233,1.0,10.90414927810155,6.670314747136112,6.670314747136115
114,115,outlier_final,15,15,1.0,11.426384859443361,7.1463435006840115,7.1463435006840115
114,115,outlier_nonfinal,218,218,1.0,10.867292859029636,6.637560475103,6.637560475103003
116,117,active,413,413,1.0,10.650623200798218,7.904277093240058,7.90427709324006
116,117,active_nonfinal,413,413,1.0,10.650623200798218,7.904277093240058,7.90427709324006
116,117,all,6431,6431,1.0,11.497698994184292,8.697419516181334,8.697419516181334
116,117,all_final,101,101,1.0,8.222744784290423,5.3785596019041995,5.3785596019041995
116,117,all_nonfinal,6330,6330,1.0,11.542424450284232,8.750374468999976,8.750374468999976
116,117,immature,5110,5110,1.0,12.229140701736252,9.588604287482216,9.58860428748222
116,117,immature_nonfinal,5110,5110,1.0,12.229140701736252,9.588604287482216,9.58860428748222
116,117,marginalized,747,747,1.0,6.034088827921131,3.7724272283137865,3.7724272283137865
116,117,marginalized_final,86,86,1.0,8.058208789600389,5.2801950035160266,5.2801950035160266
116,117,marginalized_nonfinal,661,661,1.0,5.718305878100519,3.5762577447019974,3.5762577447019983
116,117,outlier,161,161,1.0,8.597956426966029,5.297313170618864,5.297313170618865
116,117,outlier_final,15,15,1.0,9.108896842907365,5.942516632663063,5.942516632663061
116,117,outlier_nonfinal,146,146,1.0,8.543731814523088,5.231025143696517,5.231025143696517
118,119,active,32,32,1.0,18.824514819486122,15.502860295774697,15.502860295774699
118,119,active_nonfinal,32,32,1.0,18.824514819486122,15.502860295774697,15.502860295774699
118,119,all,1839,1839,1.0,22.980318708438027,17.399295127209946,17.399295127209946
118,119,all_final,15,15,1.0,19.265505275478162,14.70171294881851,14.701712948818512
118,119,all_nonfinal,1824,1824,1.0,23.008381836574678,17.42147919117698,17.42147919117698
118,119,immature,1775,1775,1.0,23.149890835722168,17.53806852370067,17.53806852370067
118,119,immature_final,2,2,1.0,25.4176016596958,19.53226716453476,19.532267164534755
118,119,immature_nonfinal,1773,1773,1.0,23.147207340392587,17.535819004647276,17.535819004647276
118,119,marginalized,30,30,1.0,14.841825515355383,10.281515862117784,10.281515862117784
118,119,marginalized_final,12,12,1.0,16.56456417783242,12.509467323513936,12.50946732351394
118,119,marginalized_nonfinal,18,18,1.0,13.572390483848851,8.796214887853685,8.796214887853687
118,119,outlier,2,2,1.0,31.347552021040904,31.347552021040904,31.3475520210409
118,119,outlier_final,1,1,1.0,31.347552021040904,31.347552021040904,31.3475520210409
118,119,outlier_nonfinal,1,1,1.0,31.347552021040904,31.347552021040904,31.3475520210409
120,121,active,96,96,1.0,15.201363684359551,11.197084569618653,11.197084569618653
120,121,active_nonfinal,96,96,1.0,15.201363684359551,11.197084569618653,11.197084569618653
120,121,all,2470,2470,1.0,14.421706415469732,10.435891747166387,10.435891747166387
120,121,all_final,34,34,1.0,14.48698861911182,10.362652580223836,10.362652580223838
120,121,all_nonfinal,2436,2436,1.0,14.420793160526342,10.436913968708277,10.436913968708277
120,121,immature,2274,2274,1.0,14.46252053789462,10.499226949794371,10.49922694979437
120,121,immature_final,1,1,1.0,15.587062295480258,15.587062295480258,15.587062295480257
120,121,immature_nonfinal,2273,2273,1.0,14.46200655539619,10.496988570847744,10.496988570847742
120,121,marginalized,42,42,1.0,13.456178354138615,9.130691885546314,9.130691885546316
120,121,marginalized_final,19,19,1.0,14.107680955116283,9.782630728486982,9.782630728486984
120,121,marginalized_nonfinal,23,23,1.0,12.893173675878892,8.592133710943154,8.592133710943155
120,121,outlier,58,58,1.0,11.959479569729972,7.6379543757282455,7.637954375728245
120,121,outlier_final,14,14,1.0,14.907365022532884,10.77665297077696,10.77665297077696
120,121,outlier_nonfinal,44,44,1.0,10.854908132393822,6.6392775500309265,6.6392775500309265
122,123,active,169,169,1.0,10.253838128033566,7.031798167250263,7.0317981672502645
122,123,active_nonfinal,169,169,1.0,10.253838128033566,7.031798167250263,7.0317981672502645
122,123,all,5468,5468,1.0,14.14082064580131,10.22345652213994,10.22345652213994
122,123,all_final,33,33,1.0,10.238999847869428,7.385760633046265,7.385760633046264
122,123,all_nonfinal,5435,5435,1.0,14.161228358696722,10.24068632238651,10.24068632238651
122,123,immature,4840,4840,1.0,14.566675284099778,10.59496828608236,10.59496828608236
122,123,immature_nonfinal,4840,4840,1.0,14.566675284099778,10.59496828608236,10.59496828608236
122,123,marginalized,323,323,1.0,8.648403801692501,5.795248257070081,5.795248257070081
122,123,marginalized_final,23,23,1.0,8.451195148081919,5.546509997568579,5.546509997568578
122,123,marginalized_nonfinal,300,300,1.0,8.663337855492074,5.814318190298531,5.814318190298531
122,123,outlier,136,136,1.0,13.416124632040805,11.48510794943893,11.485107949438929
122,123,outlier_final,10,10,1.0,13.479253700713398,11.616037094644938,11.61603709464494
122,123,outlier_nonfinal,126,126,1.0,13.411101660443785,11.474716747438455,11.474716747438453
124,125,active,242,242,1.0,7.297811826626165,3.814998281154009,3.814998281154009
124,125,active_nonfinal,242,242,1.0,7.297811826626165,3.814998281154009,3.814998281154009
124,125,all,2328,2328,1.0,11.063332908958834,7.031022658190204,7.0310226581902056
124,125,all_final,86,86,1.0,8.031708725413772,4.382013620961409,4.38201362096141
124,125,all_nonfinal,2242,2242,1.0,11.163237709189083,7.132634958458572,7.132634958458573
124,125,immature,1906,1906,1.0,11.722931917883237,7.709322665483966,7.709322665483966
124,125,immature_final,3,3,1.0,17.47907179009314,13.632171925832898,13.6321719258329
124,125,immature_nonfinal,1903,1903,1.0,11.711624336491713,7.699985541058823,7.699985541058823
124,125,marginalized,150,150,1.0,3.3282090532699105,2.024939278602017,2.024939278602016
124,125,marginalized_final,70,70,1.0,3.3434562707537996,1.9852455056100298,1.9852455056100298
124,125,marginalized_nonfinal,80,80,1.0,3.3148102074801464,2.0596713299700053,2.059671329970005
124,125,outlier,30,30,1.0,16.787778047178612,14.909375734159633,14.909375734159633
124,125,outlier_final,13,13,1.0,17.2061143737417,15.15303617172926,15.15303617172926
124,125,outlier_nonfinal,17,17,1.0,16.460701719890164,14.723047164253446,14.723047164253446
125,126,active,214,214,1.0,9.635459522557573,5.111898414589924,5.111898414589924
125,126,active_nonfinal,214,214,1.0,9.635459522557573,5.111898414589924,5.111898414589924
125,126,all,2295,2295,1.0,13.199934156222607,8.786521617699682,8.786521617699679
125,126,all_final,77,77,1.0,9.92675001754976,5.517040916816347,5.517040916816347
125,126,all_nonfinal,2218,2218,1.0,13.29910473966109,8.900024779993652,8.900024779993648
125,126,immature,1916,1916,1.0,13.780327727469592,9.470070873796494,9.470070873796493
125,126,immature_final,1,1,1.0,22.413682258925178,22.413682258925178,22.413682258925174
125,126,immature_nonfinal,1915,1915,1.0,13.774405960935729,9.46331180779904,9.463311807799037
125,126,marginalized,107,107,1.0,3.7784694859946577,2.1920147499654217,2.1920147499654226
125,126,marginalized_final,53,53,1.0,3.7856172074327428,2.185115583381224,2.1851155833812244
125,126,marginalized_nonfinal,54,54,1.0,3.771440957235306,2.1987861542054676,2.1987861542054685
125,126,outlier,58,58,1.0,15.886181521338642,11.929646197554382,11.929646197554382
125,126,outlier_final,23,23,1.0,16.584038224007582,12.460319235509942,12.460319235509942
125,126,outlier_nonfinal,35,35,1.0,15.410392435277945,11.580918201183588,11.580918201183588
126,127,active,242,242,1.0,12.585585527713263,7.563159202179206,7.563159202179206
126,127,active_nonfinal,242,242,1.0,12.585585527713263,7.563159202179206,7.563159202179206
126,127,all,2402,2402,1.0,15.26505331376263,10.722134147984438,10.722134147984438
126,127,all_final,89,89,1.0,12.778470420781375,7.850770653057864,7.850770653057864
126,127,all_nonfinal,2313,2313,1.0,15.352688143406143,10.832618951723509,10.832618951723509
126,127,immature,1959,1959,1.0,15.768019148261093,11.364468173499768,11.364468173499764
126,127,immature_nonfinal,1959,1959,1.0,15.768019148261093,11.364468173499768,11.364468173499764
126,127,marginalized,130,130,1.0,6.517601519617845,3.589002228042707,3.589002228042707
126,127,marginalized_final,61,61,1.0,6.66992664679215,3.637718486518653,3.637718486518653
126,127,marginalized_nonfinal,69,69,1.0,6.37990917433347,3.545934231419045,3.545934231419045
126,127,outlier,71,71,1.0,20.139349064417065,16.82701767605131,16.82701767605131
126,127,outlier_final,28,28,1.0,20.54523324133758,17.029205730161138,17.029205730161138
126,127,outlier_nonfinal,43,43,1.0,19.870595888866855,16.69536033849141,16.69536033849141
127,128,active,669,669,1.0,10.530335421578389,6.473664599465509,6.4736645994655095
127,128,active_nonfinal,669,669,1.0,10.530335421578389,6.473664599465509,6.4736645994655095
127,128,all,4558,4558,1.0,13.644801998297556,9.410146259411933,9.410146259411931
127,128,all_final,120,120,1.0,10.48061154908369,6.319850990705843,6.319850990705843
127,128,all_nonfinal,4438,4438,1.0,13.720230479345545,9.493705392409847,9.493705392409844
127,128,immature,3257,3257,1.0,14.829094609239192,10.757290693566505,10.757290693566503
127,128,immature_final,2,2,1.0,24.4975327571416,24.1190295144065,24.1190295144065
127,128,immature_nonfinal,3255,3255,1.0,14.821215215676265,10.749080715796405,10.749080715796403
127,128,marginalized,470,470,1.0,6.279282170072378,3.6704906175620864,3.670490617562086
127,128,marginalized_final,94,94,1.0,7.683045068294193,4.427318220941101,4.4273182209411
127,128,marginalized_nonfinal,376,376,1.0,5.8761752300179175,3.4812837167173343,3.4812837167173343
127,128,outlier,162,162,1.0,15.649408846351411,11.104559593560873,11.104559593560873
127,128,outlier_final,24,24,1.0,16.370940880801292,12.249006128642703,12.249006128642703
127,128,outlier_nonfinal,138,138,1.0,15.520501314455444,10.90552541354664,10.90552541354664
128,129,active,260,260,1.0,7.459892371831731,4.382737554194088,4.382737554194088
128,129,active_nonfinal,260,260,1.0,7.459892371831731,4.382737554194088,4.382737554194088
128,129,all,2130,2130,1.0,12.534209080260725,8.465698546252858,8.46569854625286
128,129,all_final,134,134,1.0,7.614630926435171,4.418010124386212,4.4180101243862095
128,129,all_nonfinal,1996,1996,1.0,12.796913714390172,8.73743714772087,8.73743714772087
128,129,immature,1602,1602,1.0,13.836105576296955,9.852315787561432,9.852315787561434
128,129,immature_final,2,2,1.0,23.128852315826975,22.332280594407976,22.332280594407976
128,129,immature_nonfinal,1600,1600,1.0,13.820580126337845,9.836715831552874,9.836715831552874
128,129,marginalized,232,232,1.0,6.7771311137544314,3.962110711108827,3.962110711108827
128,129,marginalized_final,114,114,1.0,6.809102548075104,3.9688202990367403,3.9688202990367385
128,129,marginalized_nonfinal,118,118,1.0,6.746099555246551,3.9556285668394824,3.9556285668394815
128,129,outlier,36,36,1.0,8.864095180002165,5.272404521597125,5.272404521597126
128,129,outlier_final,18,18,1.0,8.864095180002165,5.272404521597126,5.272404521597126
128,129,outlier_nonfinal,18,18,1.0,8.864095180002165,5.272404521597126,5.272404521597126
129,130,active,390,390,1.0,6.836737018295854,3.56640906461188,3.56640906461188
129,130,active_nonfinal,390,390,1.0,6.836737018295854,3.56640906461188,3.56640906461188
129,130,all,2933,2933,1.0,12.615684809407343,8.240813145259866,8.240813145259866
129,130,all_final,138,138,1.0,6.791011627149902,3.567902960260153,3.5679029602601524
129,130,all_nonfinal,2795,2795,1.0,12.834976100517224,8.471532861012976,8.471532861012976
129,130,immature,2246,2246,1.0,13.923237537776792,9.67316704894019,9.673167048940186
129,130,immature_nonfinal,2246,2246,1.0,13.923237537776792,9.67316704894019,9.673167048940186
129,130,marginalized,251,251,1.0,5.119330131942388,2.9971112642648743,2.9971112642648743
129,130,marginalized_final,118,118,1.0,5.112390042523844,2.946742795390753,2.946742795390752
129,130,marginalized_nonfinal,133,133,1.0,5.125479637353657,3.0417990787547002,3.0417990787546993
129,130,outlier,46,46,1.0,11.972996661518154,6.547767404311927,6.547767404311927
129,130,outlier_final,20,20,1.0,12.806543251865259,7.232747932989613,7.232747932989613
129,130,outlier_nonfinal,26,26,1.0,11.290007248364903,6.0208593053290915,6.0208593053290915
130,131,active,424,424,1.0,6.85398368953471,4.058866128139746,4.058866128139745
130,131,active_nonfinal,424,424,1.0,6.85398368953471,4.058866128139746,4.058866128139745
130,131,all,3055,3055,1.0,12.27580148990092,8.305597330875838,8.305597330875838
130,131,all_final,149,149,1.0,6.535944666033045,3.908621067434083,3.908621067434083
130,131,all_nonfinal,2906,2906,1.0,12.499264685206503,8.531044496482448,8.531044496482448
130,131,immature,2316,2316,1.0,13.582313249937451,9.687015951440417,9.687015951440417
130,131,immature_final,1,1,1.0,8.442433213963795,8.442433213963795,8.442433213963795
130,131,immature_nonfinal,2315,2315,1.0,13.584113282617956,9.687553568173668,9.687553568173668
130,131,marginalized,292,292,1.0,6.079813424330331,3.4846337580764697,3.4846337580764697
130,131,marginalized_final,138,138,1.0,6.154525977579905,3.527651651702861,3.527651651702861
130,131,marginalized_nonfinal,154,154,1.0,6.012074490708473,3.44608525599568,3.44608525599568
130,131,outlier,23,23,1.0,10.233004207356991,8.695591591307606,8.695591591307604
130,131,outlier_final,10,10,1.0,10.327644596740225,8.71261778987199,8.71261778987199
130,131,outlier_nonfinal,13,13,1.0,10.159604013759969,8.682494515488848,8.682494515488846
131,132,active,779,779,1.0,6.692547121160751,3.7692654332031297,3.7692654332031297
131,132,active_nonfinal,779,779,1.0,6.692547121160751,3.7692654332031297,3.7692654332031297
131,132,all,8822,8822,1.0,8.91167922538533,6.146214316690381,6.146214316690381
131,132,all_final,148,148,1.0,6.343506595723086,3.710526498657667,3.710526498657668
131,132,all_nonfinal,8674,8674,1.0,8.949106091401454,6.187773204985147,6.187773204985147
131,132,immature,6153,6153,1.0,9.81918152103777,7.201963504639752,7.201963504639752
131,132,immature_nonfinal,6153,6153,1.0,9.81918152103777,7.201963504639752,7.201963504639752
131,132,marginalized,1504,1504,1.0,5.079349798494074,2.9373264220724793,2.9373264220724793
131,132,marginalized_final,122,122,1.0,5.398161620552289,3.033912279042676,3.033912279042677
131,132,marginalized_nonfinal,1382,1382,1.0,5.050239106627443,2.9288000294890035,2.9288000294890035
131,132,outlier,386,386,1.0,9.341219051634704,6.617162037647097,6.617162037647097
131,132,outlier_final,26,26,1.0,9.60855603111848,6.885408606081858,6.885408606081858
131,132,outlier_nonfinal,360,360,1.0,9.321614525001499,6.597788674371255,6.597788674371255
132,133,active,323,323,1.0,4.594535979986102,2.7944009384213606,2.79440093842136
132,133,active_nonfinal,323,323,1.0,4.594535979986102,2.7944009384213606,2.79440093842136
132,133,all,3288,3288,1.0,8.87006676468185,6.22990467445965,6.229904674459649
132,133,all_final,125,125,1.0,4.498315597257501,2.7950545403155385,2.795054540315538
132,133,all_nonfinal,3163,3163,1.0,8.999318239858024,6.365648040494426,6.365648040494424
132,133,immature,2665,2665,1.0,9.611877652066548,7.041690350970831,7.041690350970833
132,133,immature_nonfinal,2665,2665,1.0,9.611877652066548,7.041690350970831,7.041690350970833
132,133,marginalized,244,244,1.0,4.200135634287218,2.4726403679688365,2.472640367968836
132,133,marginalized_final,105,105,1.0,4.348779874156025,2.561811161726058,2.5618111617260566
132,133,marginalized_nonfinal,139,139,1.0,4.084265235265784,2.405281135274532,2.4052811352745325
132,133,outlier,56,56,1.0,4.921017429559712,3.784036274848694,3.7840362748486926
132,133,outlier_final,20,20,1.0,5.213479309494247,4.019582277910312,4.019582277910314
132,133,outlier_nonfinal,36,36,1.0,4.750765353963783,3.6531773842589064,3.653177384258905
133,134,active,441,441,1.0,5.0176461025614545,2.839026443270182,2.839026443270182
133,134,active_nonfinal,441,441,1.0,5.0176461025614545,2.839026443270182,2.839026443270182
133,134,all,4111,4111,1.0,8.75865936251783,6.156600454628782,6.156600454628782
133,134,all_final,133,133,1.0,5.428704614289231,3.0036494619893785,3.0036494619893785
133,134,all_nonfinal,3978,3978,1.0,8.848369357426506,6.26201585986283,6.26201585986283
133,134,immature,3320,3320,1.0,9.423996819537937,6.938022282235808,6.938022282235808
133,134,immature_final,1,1,1.0,23.31721452942,23.31721452942,23.31721452942
133,134,immature_nonfinal,3319,3319,1.0,9.416722491988976,6.93308730415591,6.93308730415591
133,134,marginalized,301,301,1.0,4.00123037291996,2.2181328629146218,2.218132862914621
133,134,marginalized_final,117,117,1.0,4.342677041998103,2.3854853382728,2.3854853382728
133,134,marginalized_nonfinal,184,184,1.0,3.768056858814706,2.11171851717056,2.111718517170559
133,134,outlier,49,49,1.0,9.683675324034626,7.2628946680928195,7.262894668092822
133,134,outlier_final,15,15,1.0,8.829660866627892,6.471091955816648,6.471091955816648
133,134,outlier_nonfinal,34,34,1.0,10.037373039252207,7.6122193940970115,7.612219394097013
134,135,active,745,745,1.0,5.682852355622083,3.1302237508482276,3.1302237508482276
134,135,active_nonfinal,745,745,1.0,5.682852355622083,3.1302237508482276,3.1302237508482276
134,135,all,6863,6863,1.0,9.677848016533048,6.639563754744762,6.639563754744765
134,135,all_final,143,143,1.0,6.305335888957251,3.5694552411698823,3.569455241169882
134,135,all_nonfinal,6720,6720,1.0,9.736929469012091,6.704894932935417,6.704894932935421
134,135,immature,5289,5289,1.0,10.47369267455465,7.556680632170871,7.556680632170873
134,135,immature_nonfinal,5289,5289,1.0,10.47369267455465,7.556680632170871,7.556680632170873
134,135,marginalized,613,613,1.0,5.067977608181323,2.865715324997565,2.8657153249975647
134,135,marginalized_final,116,116,1.0,4.819210953063598,2.6993413838362623,2.699341383836262
134,135,marginalized_nonfinal,497,497,1.0,5.124301837968303,2.9045470698158953,2.9045470698158944
134,135,outlier,216,216,1.0,10.273014445962914,6.996953688223386,6.996953688223389
134,135,outlier_final,27,27,1.0,10.525475528631185,7.307722183788398,7.307722183788396
134,135,outlier_nonfinal,189,189,1.0,10.236440308677954,6.9525581888569565,6.952558188856958
135,136,active,382,382,1.0,6.818778834778467,4.181255830970937,4.181255830970937
135,136,active_nonfinal,382,382,1.0,6.818778834778467,4.181255830970937,4.181255830970937
135,136,all,3162,3162,1.0,9.53082691352702,6.552198404939916,6.552198404939918
135,136,all_final,138,138,1.0,6.735411127359708,4.128562565005509,4.128562565005509
135,136,all_nonfinal,3024,3024,1.0,9.639072699407787,6.66280083414327,6.662800834143272
135,136,immature,2475,2475,1.0,10.17685256447273,7.225063437025443,7.225063437025445
135,136,immature_nonfinal,2475,2475,1.0,10.17685256447273,7.225063437025443,7.225063437025445
135,136,marginalized,253,253,1.0,5.47251829593483,3.2974027748670833,3.2974027748670824
135,136,marginalized_final,116,116,1.0,5.625891031513099,3.3527379670601873,3.3527379670601873
135,136,marginalized_nonfinal,137,137,1.0,5.33921185722131,3.2505496194335053,3.2505496194335053
135,136,outlier,52,52,1.0,10.33624881131987,7.779552313649284,7.779552313649284
135,136,outlier_final,22,22,1.0,10.848124918218714,8.219274081444475,8.219274081444475
135,136,outlier_nonfinal,30,30,1.0,9.944140888225729,7.45708968393281,7.45708968393281
136,137,active,340,340,1.0,7.014774004422196,3.5274185671570915,3.5274185671570915
136,137,active_nonfinal,340,340,1.0,7.014774004422196,3.5274185671570915,3.5274185671570915
136,137,all,3141,3141,1.0,10.245406203101034,7.00255158386076,7.002551583860759
136,137,all_final,119,119,1.0,7.0984002806233795,3.588761397001192,3.588761397001191
136,137,all_nonfinal,3022,3022,1.0,10.349765002535177,7.136979456870785,7.136979456870783
136,137,immature,2543,2543,1.0,10.84401131509115,7.794198266141406,7.794198266141406
136,137,immature_nonfinal,2543,2543,1.0,10.84401131509115,7.794198266141406,7.794198266141406
136,137,marginalized,203,203,1.0,4.6603897539146315,2.271289423817422,2.2712894238174215
136,137,marginalized_final,98,98,1.0,4.680216827697902,2.259995596648307,2.259995596648307
136,137,marginalized_nonfinal,105,105,1.0,4.641808076842828,2.281830329175264,2.2818303291752637
136,137,outlier,55,55,1.0,13.162097579069078,9.344986695285547,9.344986695285545
136,137,outlier_final,21,21,1.0,13.539102105721865,9.789668465314648,9.789668465314648
136,137,outlier_nonfinal,34,34,1.0,12.923748881350491,9.070330307914631,9.07033030791463
137,138,active,822,822,1.0,7.814219151875447,4.621277736631839,4.621277736631839
137,138,active_nonfinal,822,822,1.0,7.814219151875447,4.621277736631839,4.621277736631839
137,138,all,9007,9007,1.0,10.36892060786381,7.091662522260553,7.0916625222605525
137,138,all_final,143,143,1.0,6.781691797032102,3.880405309947625,3.880405309947624
137,138,all_nonfinal,8864,8864,1.0,10.416671621847879,7.143468679905041,7.14346867990504
137,138,immature,6279,6279,1.0,11.59130420864781,8.504806578347242,8.504806578347242
137,138,immature_nonfinal,6279,6279,1.0,11.59130420864781,8.504806578347242,8.504806578347242
137,138,marginalized,1576,1576,1.0,5.7255591011057785,3.0842004037485258,3.084200403748526
137,138,marginalized_final,122,122,1.0,6.393812657329162,3.5398594366737997,3.5398594366737983
137,138,marginalized_nonfinal,1454,1454,1.0,5.66590541997652,3.0459676650849166,3.045967665084917
137,138,outlier,330,330,1.0,8.32844749267197,5.495556656786307,5.495556656786307
137,138,outlier_final,21,21,1.0,8.699478974118128,5.858814668966993,5.858814668966993
137,138,outlier_nonfinal,309,309,1.0,8.302630065959201,5.470869219065291,5.470869219065291
138,139,active,324,324,1.0,8.600854434336776,5.122787590585161,5.122787590585161
138,139,active_nonfinal,324,324,1.0,8.600854434336776,5.122787590585161,5.122787590585161
138,139,all,3326,3326,1.0,10.102441508406924,7.071653416596556,7.071653416596553
138,139,all_final,119,119,1.0,8.144019299059355,4.785996315712397,4.785996315712397
138,139,all_nonfinal,3207,3207,1.0,10.167855830701177,7.156465763027868,7.1564657630278665
138,139,immature,2731,2731,1.0,10.472246564489248,7.56710058000764,7.567100580007638
138,139,immature_nonfinal,2731,2731,1.0,10.472246564489248,7.56710058000764,7.567100580007638
138,139,marginalized,228,228,1.0,7.899846566397616,4.429604607273746,4.429604607273747
138,139,marginalized_final,105,105,1.0,8.20661856972366,4.667041630303346,4.667041630303346
138,139,marginalized_nonfinal,123,123,1.0,7.6282133037482875,4.226914465663117,4.226914465663117
138,139,outlier,43,43,1.0,6.378411391763866,4.2984779021236275,4.298477902123628
138,139,outlier_final,14,14,1.0,7.658231865276483,5.678156456280287,5.678156456280286
138,139,outlier_nonfinal,29,29,1.0,5.657885728902887,3.632426186323861,3.6324261863238614
139,140,active,238,238,1.0,7.100410243808229,4.051209521255096,4.051209521255095
139,140,active_nonfinal,238,238,1.0,7.100410243808229,4.051209521255096,4.051209521255095
139,140,all,2954,2954,1.0,11.14533544747409,8.212928738470069,8.212928738470069
139,140,all_final,89,89,1.0,6.6929600074741895,3.8262732376422304,3.826273237642231
139,140,all_nonfinal,2865,2865,1.0,11.25547587642007,8.349198315982694,8.349198315982694
139,140,immature,2510,2510,1.0,11.752321928589604,8.981819047670681,8.981819047670681
139,140,immature_nonfinal,2510,2510,1.0,11.752321928589604,8.981819047670681,8.981819047670681
139,140,marginalized,177,177,1.0,5.819171766836475,3.092097745023673,3.092097745023673
139,140,marginalized_final,78,78,1.0,6.140084664644509,3.2439979983904266,3.243997998390427
139,140,marginalized_nonfinal,99,99,1.0,5.553285162449201,2.972418757522592,2.972418757522592
139,140,outlier,29,29,1.0,8.856972877249703,7.0736729951468345,7.073672995146834
139,140,outlier_final,11,11,1.0,9.752242726417268,7.955134025064117,7.955134025064115
139,140,outlier_nonfinal,18,18,1.0,8.262245012899292,6.5350023657529395,6.535002365752939
140,141,active,300,300,1.0,11.189070924970864,7.666163754543384,7.666163754543384
140,141,active_nonfinal,300,300,1.0,11.189070924970864,7.666163754543384,7.666163754543384
140,141,all,4569,4569,1.0,11.848876753230659,8.963279396950712,8.963279396950712
140,141,all_final,57,57,1.0,11.24278478953026,7.706614569294891,7.706614569294891
140,141,all_nonfinal,4512,4512,1.0,11.856335324237596,8.979154816980932,8.979154816980932
140,141,immature,3887,3887,1.0,11.973645642184641,9.206840719943276,9.206840719943276
140,141,immature_nonfinal,3887,3887,1.0,11.973645642184641,9.206840719943276,9.206840719943276
140,141,marginalized,218,218,1.0,7.878954920747269,5.195912950004124,5.195912950004123
140,141,marginalized_final,38,38,1.0,9.19531337554911,6.281862156822835,6.281862156822835
140,141,marginalized_nonfinal,180,180,1.0,7.57185759293273,4.966657006342393,4.966657006342392
140,141,outlier,164,164,1.0,14.207744673796817,10.571192297464913,10.571192297464913
140,141,outlier_final,19,19,1.0,14.494587035234025,10.556119394239003,10.556119394239001
140,141,outlier_nonfinal,145,145,1.0,14.169728154566107,10.573167367542792,10.573167367542792
142,143,active,94,94,1.0,12.483008782132119,9.747356713212772,9.747356713212772
142,143,active_nonfinal,94,94,1.0,12.483008782132119,9.747356713212772,9.747356713212772
142,143,all,2554,2554,1.0,12.837139849156602,9.94786719114816,9.94786719114816
142,143,all_final,39,39,1.0,12.47343830927233,9.54732565553898,9.54732565553898
142,143,all_nonfinal,2515,2515,1.0,12.84269865537819,9.954078372018444,9.954078372018442
142,143,immature,2361,2361,1.0,12.873849495709248,9.987413675760113,9.987413675760111
142,143,immature_nonfinal,2361,2361,1.0,12.873849495709248,9.987413675760113,9.987413675760111
142,143,marginalized,54,54,1.0,10.54681013912148,7.921463563635399,7.921463563635398
142,143,marginalized_final,25,25,1.0,10.906314504169211,8.363474998934855,8.363474998934855
142,143,marginalized_nonfinal,29,29,1.0,10.226754331215796,7.540419222860008,7.540419222860007
142,143,outlier,45,45,1.0,14.080860614105848,10.723523427655028,10.723523427655028
142,143,outlier_final,14,14,1.0,14.866519107802965,11.661344685189206,11.661344685189206
142,143,outlier_nonfinal,31,31,1.0,13.71129877635311,10.299991246833141,10.299991246833141
144,145,active,112,112,1.0,7.019705711494276,4.1049533597280945,4.1049533597280945
144,145,active_nonfinal,112,112,1.0,7.019705711494276,4.1049533597280945,4.1049533597280945
144,145,all,2486,2486,1.0,7.9792586840115485,5.689427225907026,5.689427225907026
144,145,all_final,48,48,1.0,6.214706861719482,3.579954151173592,3.579954151173592
144,145,all_nonfinal,2438,2438,1.0,8.010098706805957,5.730959099404649,5.730959099404649
144,145,immature,2257,2257,1.0,8.121715753360405,5.893289108216337,5.893289108216337
144,145,immature_final,2,2,1.0,2.2025921788981258,1.8118189633645079,1.8118189633645079
144,145,immature_nonfinal,2255,2255,1.0,8.125051820928284,5.896909037391372,5.896909037391372
144,145,marginalized,73,73,1.0,5.787945454254104,3.4314060869624967,3.4314060869624967
144,145,marginalized_final,35,35,1.0,5.873683467883842,3.4920261886874764,3.4920261886874764
144,145,marginalized_nonfinal,38,38,1.0,5.707836963823686,3.3755717827421194,3.3755717827421194
144,145,outlier,44,44,1.0,5.718315696318349,3.0117078573359026,3.0117078573359026
144,145,outlier_final,11,11,1.0,7.607864170811253,4.18120406595834,4.181204065958341
144,145,outlier_nonfinal,33,33,1.0,4.9300757387532315,2.6218757877950902,2.6218757877950902
146,147,active,568,568,1.0,7.123344177009737,3.445490450234948,3.445490450234948
146,147,active_nonfinal,568,568,1.0,7.123344177009737,3.445490450234948,3.445490450234948
146,147,all,5769,5769,1.0,9.795066086029664,6.48951437515999,6.48951437515999
146,147,all_final,79,79,1.0,7.624709922401824,3.836801852744581,3.836801852744581
146,147,all_nonfinal,5690,5690,1.0,9.821824368464249,6.526344654469447,6.526344654469447
146,147,immature,4266,4266,1.0,10.461287948233867,7.42842384955956,7.428423849559564
146,147,immature_nonfinal,4266,4266,1.0,10.461287948233867,7.42842384955956,7.428423849559564
146,147,marginalized,734,734,1.0,6.367902306451113,3.14401847777214,3.14401847777214
146,147,marginalized_final,66,66,1.0,6.395805107585672,3.0973559635102346,3.0973559635102355
146,147,marginalized_nonfinal,668,668,1.0,6.365138803225278,3.148628845947718,3.148628845947718
146,147,outlier,201,201,1.0,11.812563806418384,7.381115172431667,7.381115172431666
146,147,outlier_final,13,13,1.0,12.066937009743741,7.5909117519343345,7.5909117519343345
146,147,outlier_nonfinal,188,188,1.0,11.794771381588202,7.366607962146909,7.366607962146907
148,149,active,158,158,1.0,4.178208643598498,2.1632829375964784,2.1632829375964766
148,149,active_nonfinal,158,158,1.0,4.178208643598498,2.1632829375964784,2.1632829375964766
148,149,all,2207,2207,1.0,9.208897028865671,6.49266434322459,6.49266434322459
148,149,all_final,82,82,1.0,4.487606887949302,2.314515300968472,2.3145153009684725
148,149,all_nonfinal,2125,2125,1.0,9.343398698620685,6.653891741561063,6.653891741561063
148,149,immature,1886,1886,1.0,9.815993640603569,7.234087383054284,7.234087383054284
148,149,immature_final,2,2,1.0,12.491078177460558,9.325319308485607,9.325319308485607
148,149,immature_nonfinal,1884,1884,1.0,9.812766363114932,7.231867391626013,7.231867391626013
148,149,marginalized,115,115,1.0,4.106133967568289,2.070594605743351,2.070594605743351
148,149,marginalized_final,56,56,1.0,4.158706020240278,2.110490311333243,2.1104903113332427
148,149,marginalized_nonfinal,59,59,1.0,4.055604733774532,2.0327274953529444,2.032727495352944
148,149,outlier,48,48,1.0,3.930657317996389,2.20633994282425,2.2063399428242496
148,149,outlier_final,24,24,1.0,3.930657317996388,2.206339942824249,2.2063399428242483
148,149,outlier_nonfinal,24,24,1.0,3.930657317996388,2.206339942824249,2.2063399428242483
150,151,active,402,402,1.0,5.31649957247019,2.460421995253399,2.4604219952533994
150,151,active_nonfinal,402,402,1.0,5.31649957247019,2.460421995253399,2.4604219952533994
150,151,all,3227,3227,1.0,8.302921629207368,5.5599671182340344,5.559967118234035
150,151,all_final,140,140,1.0,5.3564602188524155,2.559302627960499,2.559302627960499
150,151,all_nonfinal,3087,3087,1.0,8.412119897132655,5.696051675616054,5.696051675616055
150,151,immature,2529,2529,1.0,8.952721709598114,6.396543312939442,6.396543312939443
150,151,immature_nonfinal,2529,2529,1.0,8.952721709598114,6.396543312939442,6.396543312939443
150,151,marginalized,236,236,1.0,5.567170607669663,2.5169306336776747,2.5169306336776742
150,151,marginalized_final,116,116,1.0,5.603870363036131,2.5164808857076584,2.5164808857076575
150,151,marginalized_nonfinal,120,120,1.0,5.531462728770856,2.5173653900486936,2.5173653900486928
150,151,outlier,60,60,1.0,4.252599723201589,3.0345096746271003,3.0345096746271
150,151,outlier_final,24,24,1.0,3.9478007451295003,2.7662743821825617,2.7662743821825617
150,151,outlier_nonfinal,36,36,1.0,4.444200737379787,3.2133332029234616,3.2133332029234616
152,153,active,464,464,1.0,3.928738516259499,1.707897893827492,1.7078978938274922
152,153,active_nonfinal,464,464,1.0,3.928738516259499,1.707897893827492,1.7078978938274922
152,153,all,3337,3337,1.0,6.2063201985176555,3.8446791458339535,3.8446791458339535
152,153,all_final,164,164,1.0,3.9794348462190627,1.7244843799746443,1.7244843799746437
152,153,all_nonfinal,3173,3173,1.0,6.30006197220519,3.954263747662169,3.954263747662169
152,153,immature,2520,2520,1.0,6.779000261886182,4.533653765492702,4.533653765492703
152,153,immature_nonfinal,2520,2520,1.0,6.779000261886182,4.533653765492702,4.533653765492703
152,153,marginalized,275,275,1.0,3.838755435228808,1.5722789794948675,1.5722789794948675
152,153,marginalized_final,135,135,1.0,3.8572352327712607,1.5659871608078775,1.565987160807877
152,153,marginalized_nonfinal,140,140,1.0,3.820850983780908,1.578346090371607,1.5783460903716064
152,153,outlier,78,78,1.0,4.407862580248727,2.308275365503124,2.308275365503124
152,153,outlier_final,29,29,1.0,4.504872023532628,2.4623162623026937,2.4623162623026937
152,153,outlier_nonfinal,49,49,1.0,4.349429731684143,2.2171083041319495,2.2171083041319495
154,155,active,972,972,1.0,3.6374496322199894,1.5522746714745859,1.5522746714745863
154,155,active_nonfinal,972,972,1.0,3.6374496322199894,1.5522746714745859,1.5522746714745863
154,155,all,7179,7179,1.0,5.348519204977408,3.1820869452577023,3.182086945257703
154,155,all_final,168,168,1.0,3.697520536890416,1.6198783938146468,1.6198783938146473
154,155,all_nonfinal,7011,7011,1.0,5.381870984748413,3.2195211253521885,3.219521125352189
154,155,immature,4830,4830,1.0,5.9977709531029575,3.9475614321130563,3.947561432113057
154,155,immature_nonfinal,4830,4830,1.0,5.9977709531029575,3.9475614321130563,3.947561432113057
154,155,marginalized,1096,1096,1.0,3.486086593189034,1.5495595314879613,1.5495595314879613
154,155,marginalized_final,142,142,1.0,3.5049648403157505,1.5275170941866776,1.5275170941866778
154,155,marginalized_nonfinal,954,954,1.0,3.4832678755051667,1.5528404812749454,1.5528404812749454
154,155,outlier,281,281,1.0,4.398450012450055,2.029723258772031,2.029723258772031
154,155,outlier_final,26,26,1.0,4.609355089044404,2.124313184090479,2.124313184090479
154,155,outlier_nonfinal,255,255,1.0,4.376375012213252,2.0200787957983852,2.0200787957983852
156,157,active,493,493,1.0,2.047178586016293,0.8329040668535334,0.832904066853533
156,157,active_nonfinal,493,493,1.0,2.047178586016293,0.8329040668535334,0.832904066853533
156,157,all,3400,3400,1.0,5.431910388494169,3.1536616819990324,3.1536616819990333
156,157,all_final,172,172,1.0,2.086617776978207,0.8859280485606044,0.8859280485606045
156,157,all_nonfinal,3228,3228,1.0,5.553901921323514,3.2744950726283415,3.274495072628343
156,157,immature,2535,2535,1.0,6.170224325693423,3.9244217719733685,3.9244217719733707
156,157,immature_nonfinal,2535,2535,1.0,6.170224325693423,3.9244217719733685,3.9244217719733707
156,157,marginalized,320,320,1.0,2.0791213052634854,0.8595685981027483,0.8595685981027483
156,157,marginalized_final,154,154,1.0,2.073355453235207,0.8258625124955925,0.8258625124955925
156,157,marginalized_nonfinal,166,166,1.0,2.0844560874717963,0.890838099208182,0.8908380992081819
156,157,outlier,52,52,1.0,2.624296985894022,1.6991705863949973,1.6991705863949973
156,157,outlier_final,18,18,1.0,2.19681395381012,1.3998220793390415,1.3998220793390417
156,157,outlier_nonfinal,34,34,1.0,2.8245392908619533,1.8576492077775622,1.8576492077775622
158,159,active,482,482,1.0,1.631191503726887,0.6991947691135575,0.6991947691135574
158,159,active_nonfinal,482,482,1.0,1.631191503726887,0.6991947691135575,0.6991947691135574
158,159,all,3453,3453,1.0,5.406440541368811,3.098283559936144,3.098283559936143
158,159,all_final,176,176,1.0,1.5604119409049302,0.7015597494294183,0.7015597494294183
158,159,all_nonfinal,3277,3277,1.0,5.537931084486585,3.2270059861336304,3.2270059861336304
158,159,immature,2578,2578,1.0,6.1885669158244045,3.9103410228696016,3.9103410228696025
158,159,immature_nonfinal,2578,2578,1.0,6.1885669158244045,3.9103410228696016,3.9103410228696025
158,159,marginalized,339,339,1.0,1.5918341091299941,0.6967989176126094,0.6967989176126091
158,159,marginalized_final,159,159,1.0,1.6115837904890598,0.6937499272720073,0.6937499272720073
158,159,marginalized_nonfinal,180,180,1.0,1.574182466510678,0.6994921924134748,0.6994921924134745
158,159,outlier,54,54,1.0,1.0104107787192573,0.8201345133006698,0.8201345133006698
158,159,outlier_final,17,17,1.0,0.9574680755581989,0.7746045566663793,0.7746045566663797
158,159,outlier_nonfinal,37,37,1.0,1.033827183627797,0.8410536825650738,0.8410536825650734
160,161,active,535,535,1.0,4.136886862543153,1.4312977533969422,1.431297753396943
160,161,active_nonfinal,535,535,1.0,4.136886862543153,1.4312977533969422,1.431297753396943
160,161,all,3463,3463,1.0,5.657368572684781,3.1808329439213434,3.1808329439213425
160,161,all_final,186,186,1.0,4.1474513982042005,1.4591502183860183,1.4591502183860183
160,161,all_nonfinal,3277,3277,1.0,5.731152526025954,3.2785543314555405,3.2785543314555405
160,161,immature,2533,2533,1.0,6.132270002927586,3.825491270515677,3.825491270515677
160,161,immature_nonfinal,2533,2533,1.0,6.132270002927586,3.825491270515677,3.825491270515677
160,161,marginalized,324,324,1.0,3.662264154166253,1.1864575685486292,1.1864575685486292
160,161,marginalized_final,155,155,1.0,3.7370471168355612,1.209895582687337,1.209895582687337
160,161,marginalized_nonfinal,169,169,1.0,3.5923078004612963,1.1649611650486313,1.164961165048631
160,161,outlier,71,71,1.0,5.415042321446162,2.466176708538951,2.466176708538952
160,161,outlier_final,31,31,1.0,5.777587111896358,2.705423396879422,2.705423396879422
160,161,outlier_nonfinal,40,40,1.0,5.116430932433973,2.280760525075086,2.280760525075086
162,163,active,904,904,1.0,2.251168029939392,0.9712009237377689,0.9712009237377691
162,163,active_nonfinal,904,904,1.0,2.251168029939392,0.9712009237377689,0.9712009237377691
162,163,all,12877,12877,1.0,4.931726338479821,2.350677719750774,2.350677719750773
162,163,all_final,167,167,1.0,2.218839507182358,0.9323864447562032,0.9323864447562037
162,163,all_nonfinal,12710,12710,1.0,4.9575002705449345,2.3693130181712374,2.369313018171236
162,163,immature,6033,6033,1.0,6.804264419060042,3.9560677830302406,3.9560677830302393
162,163,immature_nonfinal,6033,6033,1.0,6.804264419060042,3.9560677830302406,3.9560677830302393
162,163,marginalized,4657,4657,1.0,2.3522334290464277,0.8946914043561581,0.8946914043561583
162,163,marginalized_final,133,133,1.0,2.341030907499584,0.9000941931560608,0.9000941931560612
162,163,marginalized_nonfinal,4524,4524,1.0,2.352561962127874,0.894532569053244,0.8945325690532442
162,163,outlier,1283,1283,1.0,1.6585028122888907,1.0585943546873287,1.0585943546873289
162,163,outlier_final,34,34,1.0,1.6564128790433719,1.0587061348391125,1.0587061348391122
162,163,outlier_nonfinal,1249,1249,1.0,1.6585596671664726,1.0585913118329164,1.0585913118329167
164,165,active,594,594,1.0,1.9887567437910834,0.8984946347658087,0.8984946347658083
164,165,active_nonfinal,594,594,1.0,1.9887567437910834,0.8984946347658087,0.8984946347658083
164,165,all,3519,3519,1.0,5.788814049681733,3.109628071851679,3.109628071851679
164,165,all_final,214,214,1.0,1.9579509698691095,0.9051429351807592,0.9051429351807594
164,165,all_nonfinal,3305,3305,1.0,5.952474432835585,3.2523693182200835,3.2523693182200835
164,165,immature,2447,2447,1.0,6.822003462445725,4.08199482029683,4.08199482029683
164,165,immature_nonfinal,2447,2447,1.0,6.822003462445725,4.08199482029683,4.08199482029683
164,165,marginalized,403,403,1.0,1.4190966638226887,0.7700564002961566,0.770056400296157
164,165,marginalized_final,188,188,1.0,1.4503836835982251,0.7928875603309835,0.7928875603309837
164,165,marginalized_nonfinal,215,215,1.0,1.3911621886604357,0.7500924091959347,0.7500924091959348
164,165,outlier,75,75,1.0,3.424083815482618,1.4680175627929044,1.4680175627929044
164,165,outlier_final,26,26,1.0,4.042586739063823,1.7168356456329816,1.716835645632981
164,165,outlier_nonfinal,49,49,1.0,3.045307705522863,1.3359916412859247,1.3359916412859245
166,167,active,681,681,1.0,1.3947416930377845,0.8076509583962959,0.807650958396296
166,167,active_nonfinal,681,681,1.0,1.3947416930377845,0.8076509583962959,0.807650958396296
166,167,all,3445,3445,1.0,5.175413130678928,2.8259299070855497,2.82592990708555
166,167,all_final,244,244,1.0,1.3991487864574925,0.8117929588144858,0.811792958814486
166,167,all_nonfinal,3201,3201,1.0,5.355127454699075,2.97945987127741,2.9794598712774105
166,167,immature,2219,2219,1.0,6.3650403029817495,3.9396009345249716,3.9396009345249716
166,167,immature_nonfinal,2219,2219,1.0,6.3650403029817495,3.9396009345249716,3.9396009345249716
166,167,marginalized,464,464,1.0,1.4003219718955584,0.7808430957279577,0.7808430957279577
166,167,marginalized_final,212,212,1.0,1.4127006569079632,0.7863290005661707,0.7863290005661708
166,167,marginalized_nonfinal,252,252,1.0,1.3898227690907146,0.7762279694354925,0.7762279694354924
166,167,outlier,81,81,1.0,1.3118114956677667,1.0004019396687982,1.000401939668798
166,167,outlier_final,32,32,1.0,1.3058201534801708,0.9804916822095712,0.9804916822095712
166,167,outlier_nonfinal,49,49,1.0,1.3157094824631972,1.0134045567850283,1.013404556785028
168,169,active,680,680,1.0,2.578912321626911,0.8173025385577413,0.8173025385577416
168,169,active_nonfinal,680,680,1.0,2.578912321626911,0.8173025385577413,0.8173025385577416
168,169,all,3438,3438,1.0,5.5724965159826105,2.8771023919,2.8771023919000003
168,169,all_final,254,254,1.0,2.5130278613547867,0.8200022638961463,0.8200022638961463
168,169,all_nonfinal,3184,3184,1.0,5.746835320888766,3.0412052287445306,3.0412052287445315
168,169,immature,2170,2170,1.0,6.748242034819603,4.082126826750532,4.082126826750533
168,169,immature_nonfinal,2170,2170,1.0,6.748242034819603,4.082126826750532,4.082126826750533
168,169,marginalized,472,472,1.0,1.7752999946111196,0.6339769808551378,0.6339769808551375
168,169,marginalized_final,213,213,1.0,1.8051379785255175,0.6337891198423294,0.6337891198423294
168,169,marginalized_nonfinal,259,259,1.0,1.7503803100997952,0.6341314765915378,0.6341314765915373
168,169,outlier,116,116,1.0,4.078936964087921,1.536723690695535,1.5367236906955344
168,169,outlier_final,41,41,1.0,4.711229628812418,1.787402256175735,1.7874022561757337
168,169,outlier_nonfinal,75,75,1.0,3.687733241583371,1.3996860748996938,1.3996860748996933
171,172,active,726,726,1.0,1.5919716551699008,0.5848431752838632,0.5848431752838632
171,172,active_nonfinal,726,726,1.0,1.5919716551699008,0.5848431752838632,0.5848431752838632
171,172,all,3251,3251,1.0,4.910197676600544,2.3591789165601313,2.3591789165601313
171,172,all_final,266,266,1.0,1.6116330147384264,0.596473618320538,0.5964736183205382
171,172,all_nonfinal,2985,2985,1.0,5.101674635486095,2.5162575126511633,2.5162575126511633
171,172,immature,1919,1919,1.0,6.248665341712555,3.5846398457156865,3.5846398457156874
171,172,immature_nonfinal,1919,1919,1.0,6.248665341712555,3.5846398457156865,3.5846398457156874
171,172,marginalized,465,465,1.0,0.689882470486803,0.45012650371141943,0.4501265037114195
171,172,marginalized_final,217,217,1.0,0.6914781391818974,0.44331663453252074,0.44331663453252074
171,172,marginalized_nonfinal,248,248,1.0,0.6884832266937781,0.4560851392429563,0.4560851392429562
171,172,outlier,141,141,1.0,3.1415221763293015,1.1124952079906696,1.11249520799067
171,172,outlier_final,49,49,1.0,3.4615709582592036,1.27474026081033,1.2747402608103298
171,172,outlier_nonfinal,92,92,1.0,2.956956760248113,1.0260820820323722,1.0260820820323728
174,175,active,1230,1230,1.0,1.1223457187089634,0.46931049838686545,0.4693104983868656
174,175,active_nonfinal,1230,1230,1.0,1.1223457187089634,0.46931049838686545,0.4693104983868656
174,175,all,7045,7045,1.0,4.943371436726439,2.0234428788606134,2.0234428788606134
174,175,all_final,262,262,1.0,1.6332327804992546,0.5818377879930426,0.5818377879930429
174,175,all_nonfinal,6783,6783,1.0,5.027702086826966,2.079126283520396,2.079126283520396
174,175,immature,3881,3881,1.0,6.496621595294892,3.2072799093285957,3.2072799093285957
174,175,immature_nonfinal,3881,3881,1.0,6.496621595294892,3.2072799093285957,3.2072799093285957
174,175,marginalized,1432,1432,1.0,0.5193717282617774,0.35107959803024913,0.35107959803024924
174,175,marginalized_final,211,211,1.0,0.628561662468428,0.38320947743458583,0.38320947743458583
174,175,marginalized_nonfinal,1221,1221,1.0,0.49808293634001877,0.3455272601479274,0.3455272601479275
174,175,outlier,502,502,1.0,3.5763183437887074,1.4496092750470455,1.449609275047046
174,175,outlier_final,51,51,1.0,3.4740149697265967,1.4036137395192072,1.403613739519207
174,175,outlier_nonfinal,451,451,1.0,3.5877034305287534,1.4548105440313472,1.454810544031348
179,180,active,684,684,1.0,0.5896035353317238,0.4426191654894303,0.44261916548943026
179,180,active_nonfinal,684,684,1.0,0.5896035353317238,0.4426191654894303,0.44261916548943026
179,180,all,3683,3683,1.0,4.693971885987473,2.147094882331366,2.1470948823313663
179,180,all_final,228,228,1.0,1.149980100950887,0.5152999461482985,0.5152999461482984
179,180,all_nonfinal,3455,3455,1.0,4.837366309177662,2.254779179133027,2.2547791791330276
179,180,immature,2309,2309,1.0,5.8622890622715635,3.1230827552838134,3.1230827552838134
179,180,immature_nonfinal,2309,2309,1.0,5.8622890622715635,3.1230827552838134,3.1230827552838134
179,180,marginalized,524,524,1.0,0.615387844726918,0.46995518543925746,0.46995518543925746
179,180,marginalized_final,190,190,1.0,0.6187483022714901,0.47048607252940156,0.47048607252940156
179,180,marginalized_nonfinal,334,334,1.0,0.613467993026239,0.4696531838011518,0.46965318380115184
179,180,outlier,166,166,1.0,2.862927711668807,0.8888213452479454,0.8888213452479454
179,180,outlier_final,38,38,1.0,2.4536662543383545,0.7393693142427825,0.7393693142427824
179,180,outlier_nonfinal,128,128,1.0,2.973603632800092,0.9331899169526038,0.9331899169526039
183,184,active,499,499,1.0,4.037553958642758,1.536751639743216,1.5367516397432157
183,184,active_nonfinal,499,499,1.0,4.037553958642758,1.536751639743216,1.5367516397432157
183,184,all,4097,4097,1.0,6.8889840721767746,4.270616797280464,4.270616797280464
183,184,all_final,146,146,1.0,3.620085145374464,1.381913178294881,1.3819131782948813
183,184,all_nonfinal,3951,3951,1.0,6.980511426150792,4.377362109447484,4.377362109447484
183,184,immature,3074,3074,1.0,7.675457909206175,5.235194804066227,5.235194804066227
183,184,immature_nonfinal,3074,3074,1.0,7.675457909206175,5.235194804066227,5.235194804066227
183,184,marginalized,443,443,1.0,3.024065449625485,1.1017562411778072,1.1017562411778072
183,184,marginalized_final,131,131,1.0,3.458130668391963,1.2729371912123237,1.272937191212324
183,184,marginalized_nonfinal,312,312,1.0,2.8219816274944516,1.0298821884389557,1.0298821884389557
183,184,outlier,81,81,1.0,3.7720571311467093,1.8371741689488506,1.8371741689488508
183,184,outlier_final,15,15,1.0,4.807958207305296,2.3336367988158835,2.3336367988158835
183,184,outlier_nonfinal,66,66,1.0,3.494052702945693,1.7243417530699798,1.72434175306998
186,187,active,347,347,1.0,4.289279470860865,2.278991946191391,2.2789919461913897
186,187,active_nonfinal,347,347,1.0,4.289279470860865,2.278991946191391,2.2789919461913897
186,187,all,3178,3178,1.0,8.002493534641056,5.500373104616266,5.500373104616266
186,187,all_final,134,134,1.0,4.010644785779103,2.105604119658679,2.1056041196586794
186,187,all_nonfinal,3044,3044,1.0,8.133321264292041,5.649814314860787,5.649814314860787
186,187,immature,2508,2508,1.0,8.766787080905083,6.409847227162098,6.409847227162098
186,187,immature_nonfinal,2508,2508,1.0,8.766787080905083,6.409847227162098,6.409847227162098
186,187,marginalized,242,242,1.0,4.011397757240268,2.135390408600502,2.135390408600503
186,187,marginalized_final,107,107,1.0,4.236436949241874,2.2567526755522858,2.256752675552286
186,187,marginalized_nonfinal,135,135,1.0,3.823635953633691,2.0391995747942735,2.0391995747942744
186,187,outlier,81,81,1.0,2.4454394066337826,1.1940024263980105,1.1940024263980102
186,187,outlier_final,27,27,1.0,2.950548005766116,1.5066079907469796,1.5066079907469796
186,187,outlier_nonfinal,54,54,1.0,2.14881224636097,1.037699644223526,1.037699644223526
188,189,active,253,253,1.0,6.235019870708482,3.7495971540127813,3.7495971540127795
188,189,active_nonfinal,253,253,1.0,6.235019870708482,3.7495971540127813,3.7495971540127795
188,189,all,3377,3377,1.0,9.712581274526901,7.0016802972382886,7.0016802972382886
188,189,all_final,82,82,1.0,5.637083751067307,3.164027776738761,3.1640277767387612
188,189,all_nonfinal,3295,3295,1.0,9.792397738177893,7.097184851617942,7.097184851617942
188,189,immature,2882,2882,1.0,10.252689747640595,7.664429870814891,7.664429870814891
188,189,immature_nonfinal,2882,2882,1.0,10.252689747640595,7.664429870814891,7.664429870814891
188,189,marginalized,146,146,1.0,5.148652753204735,2.8476696857262107,2.8476696857262116
188,189,marginalized_final,59,59,1.0,5.640670252619819,3.234904395912091,3.2349043959120913
188,189,marginalized_nonfinal,87,87,1.0,4.786291226401167,2.585062238588659,2.5850622385886597
188,189,outlier,96,96,1.0,4.462691314423228,1.9935377292073266,1.9935377292073266
188,189,outlier_final,23,23,1.0,5.627873143436968,2.9822138405984777,2.9822138405984786
188,189,outlier_nonfinal,73,73,1.0,4.026319116750211,1.682037036577238,1.682037036577238
190,191,active,385,385,1.0,7.536589935120405,3.455069133224101,3.455069133224101
190,191,active_nonfinal,385,385,1.0,7.536589935120405,3.455069133224101,3.455069133224101
190,191,all,6222,6222,1.0,12.061852533619248,8.740867225685301,8.7408672256853
190,191,all_final,59,59,1.0,5.9347026651271735,2.52916222806065,2.5291622280606507
190,191,all_nonfinal,6163,6163,1.0,12.105532075649263,8.80033349127996,8.80033349127996
190,191,immature,5332,5332,1.0,12.758330449986824,9.749342379363283,9.749342379363283
190,191,immature_nonfinal,5332,5332,1.0,12.758330449986824,9.749342379363283,9.749342379363283
190,191,marginalized,472,472,1.0,4.633758389510352,1.848349810095192,1.8483498100951923
190,191,marginalized_final,56,56,1.0,4.85465213025645,2.1636248727509915,2.1636248727509924
190,191,marginalized_nonfinal,416,416,1.0,4.6032132606316685,1.8059089362761414,1.8059089362761418
190,191,outlier,33,33,1.0,12.68394144233752,6.047260145236182,6.047260145236183
190,191,outlier_final,3,3,1.0,15.897932764561896,9.352526193840932,9.352526193840934
190,191,outlier_nonfinal,30,30,1.0,12.316500352992275,5.716733540375706,5.716733540375707
192,193,active,155,155,1.0,5.79117316197907,3.065666268584943,3.065666268584944
192,193,active_nonfinal,155,155,1.0,5.79117316197907,3.065666268584943,3.065666268584944
192,193,all,2486,2486,1.0,8.388850731251024,5.675141541369861,5.675141541369861
192,193,all_final,53,53,1.0,5.7383472035243805,3.0258892280658496,3.0258892280658487
192,193,all_nonfinal,2433,2433,1.0,8.437327391873295,5.732852339810104,5.732852339810104
192,193,immature,2220,2220,1.0,8.653892525526002,5.995231814587505,5.995231814587505
192,193,immature_nonfinal,2220,2220,1.0,8.653892525526002,5.995231814587505,5.995231814587505
192,193,marginalized,90,90,1.0,4.0991690246033174,2.245875824615938,2.2458758246159376
192,193,marginalized_final,44,44,1.0,4.144129721734438,2.282806006721069,2.282806006721068
192,193,marginalized_nonfinal,46,46,1.0,4.055696776246259,2.2105513026023345,2.210551302602334
192,193,outlier,21,21,1.0,9.711833355031498,5.794292743576583,5.794292743576581
192,193,outlier_final,9,9,1.0,10.485808540168474,6.65874053241811,6.6587405324181095
192,193,outlier_nonfinal,12,12,1.0,9.088198495688049,5.145956901945437,5.1459569019454365
194,195,active,412,412,1.0,4.44473585753593,1.7878677098750675,1.787867709875068
194,195,active_nonfinal,412,412,1.0,4.44473585753593,1.7878677098750675,1.787867709875068
194,195,all,4039,4039,1.0,7.68753688517439,4.910434605123265,4.910434605123266
194,195,all_final,90,90,1.0,4.407322063320102,1.8014735443490106,1.801473544349011
194,195,all_nonfinal,3949,3949,1.0,7.7461223074248435,4.981289630565069,4.98128963056507
194,195,immature,3412,3412,1.0,8.15007979170364,5.481346239465306,5.481346239465304
194,195,immature_nonfinal,3412,3412,1.0,8.15007979170364,5.481346239465306,5.481346239465304
194,195,marginalized,167,167,1.0,3.549847368816483,1.3879204264806653,1.387920426480666
194,195,marginalized_final,79,79,1.0,3.6234851958107615,1.3858333233027627,1.385833323302763
194,195,marginalized_nonfinal,88,88,1.0,3.4824145504749713,1.389794075924465,1.389794075924465
194,195,outlier,48,48,1.0,6.1507809142166945,3.3855790280511076,3.3855790280511084
194,195,outlier_final,11,11,1.0,8.039459203363538,4.786526040953881,4.786526040953881
194,195,outlier_nonfinal,37,37,1.0,5.464823960264558,2.969081267458391,2.969081267458392
196,197,active,381,381,1.0,3.823810467176356,1.4849344173182328,1.4849344173182322
196,197,active_nonfinal,381,381,1.0,3.823810467176356,1.4849344173182328,1.4849344173182322
196,197,all,3234,3234,1.0,7.363271445140893,4.423173860833958,4.423173860833957
196,197,all_final,132,132,1.0,3.8114418029581225,1.4511003677810486,1.4511003677810486
196,197,all_nonfinal,3102,3102,1.0,7.477080405197225,4.549645073304297,4.549645073304295
196,197,immature,2574,2574,1.0,8.026106178733057,5.182683215779899,5.182683215779897
196,197,immature_nonfinal,2574,2574,1.0,8.026106178733057,5.182683215779899,5.182683215779897
196,197,marginalized,259,259,1.0,3.7185967739749115,1.368720848348212,1.3687208483482123
196,197,marginalized_final,126,126,1.0,3.7695391293131206,1.400058432637289,1.4000584326372887
196,197,marginalized_nonfinal,133,133,1.0,3.6696833245046743,1.3390326106006647,1.3390326106006647
196,197,outlier,20,20,1.0,4.330713478122301,2.202947789956937,2.2029477899569376
196,197,outlier_final,6,6,1.0,4.604130687277396,2.522981005800004,2.5229810058000037
196,197,outlier_nonfinal,14,14,1.0,4.208099912911378,2.0657906974527656,2.065790697452766
198,199,active,1594,1594,1.0,2.5186372869550486,1.0436640223270377,1.0436640223270381
198,199,active_nonfinal,1594,1594,1.0,2.5186372869550486,1.0436640223270377,1.0436640223270381
198,199,all,10567,10567,1.0,6.162214053838026,3.4820023814032357,3.4820023814032357
198,199,all_final,161,161,1.0,3.1944618242748186,1.358269236343435,1.3582692363434348
198,199,all_nonfinal,10406,10406,1.0,6.1969757754402455,3.514860447553017,3.514860447553017
198,199,immature,7827,7827,1.0,6.898989122288658,4.227694391655525,4.227694391655525
198,199,immature_nonfinal,7827,7827,1.0,6.898989122288658,4.227694391655525,4.227694391655525
198,199,marginalized,990,990,1.0,3.1725482553620514,1.4934271248278206,1.4934271248278201
198,199,marginalized_final,149,149,1.0,2.6147216253509593,1.1873900192191196,1.1873900192191191
198,199,marginalized_nonfinal,841,841,1.0,3.2614443523788186,1.5476477297454145,1.5476477297454143
198,199,outlier,156,156,1.0,7.446023480907207,3.6029606130217746,3.6029606130217755
198,199,outlier_final,12,12,1.0,7.212603519147376,3.4800195156370193,3.4800195156370193
198,199,outlier_nonfinal,144,144,1.0,7.465145702376154,3.6132057044705044,3.6132057044705053
200,201,active,694,694,1.0,2.2650288186172847,1.1571970169262427,1.1571970169262422
200,201,active_nonfinal,694,694,1.0,2.2650288186172847,1.1571970169262427,1.1571970169262422
200,201,all,4001,4001,1.0,5.598640431157894,3.2573908714676203,3.2573908714676203
200,201,all_final,237,237,1.0,2.3064463498319965,1.158988994119703,1.158988994119703
200,201,all_nonfinal,3764,3764,1.0,5.743121279966801,3.3895166007267727,3.3895166007267727
200,201,immature,2812,2812,1.0,6.513586559670347,4.148084140279194,4.148084140279194
200,201,immature_nonfinal,2812,2812,1.0,6.513586559670347,4.148084140279194,4.148084140279194
200,201,marginalized,434,434,1.0,1.560482934520375,0.9471383862522532,0.9471383862522533
200,201,marginalized_final,213,213,1.0,1.573299274828363,0.9577921200920161,0.9577921200920161
200,201,marginalized_nonfinal,221,221,1.0,1.548030121267908,0.9368703079361028,0.9368703079361028
200,201,outlier,61,61,1.0,4.940549754716766,2.528778440927293,2.528778440927293
200,201,outlier_final,24,24,1.0,5.5284680656936604,2.944611251115426,2.9446112511154268
200,201,outlier_nonfinal,37,37,1.0,4.5184783522394,2.2590490505349923,2.2590490505349923
202,203,active,962,962,1.0,1.8480805033434464,0.8251346566373479,0.8251346566373479
202,203,active_nonfinal,962,962,1.0,1.8480805033434464,0.8251346566373479,0.8251346566373479
202,203,all,4339,4339,1.0,5.16778299843983,2.4980539970240914,2.4980539970240914
202,203,all_final,335,335,1.0,2.0712543163207586,0.9101875749925001,0.9101875749925005
202,203,all_nonfinal,4004,4004,1.0,5.346160881701176,2.6309049589073528,2.6309049589073528
202,203,immature,2664,2664,1.0,6.414019648571267,3.5285293350243614,3.5285293350243614
202,203,immature_nonfinal,2664,2664,1.0,6.414019648571267,3.5285293350243614,3.5285293350243614
202,203,marginalized,644,644,1.0,2.013209355941641,0.8352202082469644,0.8352202082469645
202,203,marginalized_final,306,306,1.0,2.024816930422419,0.8387620211441584,0.8387620211441587
202,203,marginalized_nonfinal,338,338,1.0,2.002642698163885,0.8320137149140006,0.8320137149140011
202,203,outlier,69,69,1.0,2.3635937551617063,1.5564172577751243,1.556417257775124
202,203,outlier_final,29,29,1.0,2.509411637567305,1.6638503155991424,1.6638503155991422
202,203,outlier_nonfinal,40,40,1.0,2.2519794020224255,1.4785282908527113,1.478528290852711
204,205,active,1478,1478,1.0,1.8337684841799327,0.6657153316548926,0.6657153316548926
204,205,active_nonfinal,1478,1478,1.0,1.8337684841799327,0.6657153316548926,0.6657153316548926
204,205,all,5307,5307,1.0,4.188701047354953,1.6590620357869368,1.6590620357869368
204,205,all_final,422,422,1.0,1.8412666152122381,0.68992736552,0.6899273655199998
204,205,all_nonfinal,4885,4885,1.0,4.332207176074427,1.7427825743442835,1.7427825743442835
204,205,immature,2775,2775,1.0,5.53880063049981,2.5656896787861467,2.5656896787861467
204,205,immature_nonfinal,2775,2775,1.0,5.53880063049981,2.5656896787861467,2.5656896787861467
204,205,marginalized,851,851,1.0,1.7523325240399699,0.5952121563351018,0.5952121563351019
204,205,marginalized_final,356,356,1.0,1.898038484246186,0.6231863247193106,0.6231863247193103
204,205,marginalized_nonfinal,495,495,1.0,1.6395563095600143,0.5750933604870662,0.5750933604870664
204,205,outlier,203,203,1.0,1.3983215040512118,0.9576382269092887,0.9576382269092889
204,205,outlier_final,66,66,1.0,1.4983983801228868,1.0499244946873534,1.0499244946873534
204,205,outlier_nonfinal,137,137,1.0,1.3474589934793866,0.9131791490016083,0.9131791490016086
209,210,active,974,974,1.0,0.7401299137490447,0.6378554528801618,0.6378554528801618
209,210,active_nonfinal,974,974,1.0,0.7401299137490447,0.6378554528801618,0.6378554528801618
209,210,all,3210,3210,1.0,3.0411413479831535,0.8196925190569883,0.8196925190569883
209,210,all_final,501,501,1.0,0.7437499365154537,0.6387178716691043,0.6387178716691043
209,210,all_nonfinal,2709,2709,1.0,3.2949439714187987,0.8531618060046928,0.8531618060046928
209,210,immature,1208,1208,1.0,4.863868617106308,1.118102190617307,1.1181021906173072
209,210,immature_nonfinal,1208,1208,1.0,4.863868617106308,1.118102190617307,1.1181021906173072
209,210,marginalized,925,925,1.0,0.7219784628196603,0.6209915665391157,0.6209915665391157
209,210,marginalized_final,455,455,1.0,0.7187654119114703,0.6194921003510316,0.6194921003510316
209,210,marginalized_nonfinal,470,470,1.0,0.7250754059367788,0.6224431774233246,0.6224431774233246
209,210,outlier,103,103,1.0,0.9562658271792647,0.8238556286725413,0.8238556286725413
209,210,outlier_final,46,46,1.0,0.9563444508911833,0.8288858270978636,0.8288858270978636
209,210,outlier_nonfinal,57,57,1.0,0.9562023717505668,0.8197961702942111,0.8197961702942111
216,217,active,2123,2123,1.0,0.8368752740231774,0.6430049792011044,0.6430049792011044
216,217,active_nonfinal,2123,2123,1.0,0.8368752740231774,0.6430049792011044,0.6430049792011044
216,217,all,6996,6996,1.0,2.581298231631968,1.1579977567201358,1.1579977567201358
216,217,all_final,418,418,1.0,1.0133829616376158,0.7031805416053672,0.7031805416053675
216,217,all_nonfinal,6578,6578,1.0,2.6497643125880876,1.1868991851053543,1.1868991851053543
216,217,immature,3655,3655,1.0,3.438213754519942,1.5757932032173154,1.5757932032173159
216,217,immature_nonfinal,3655,3655,1.0,3.438213754519942,1.5757932032173154,1.5757932032173159
216,217,marginalized,810,810,1.0,0.8295155057446687,0.6640413198765115,0.6640413198765115
216,217,marginalized_final,330,330,1.0,0.8123085917648809,0.6420234558702244,0.6420234558702245
216,217,marginalized_nonfinal,480,480,1.0,0.8411410989879686,0.6791786013808346,0.6791786013808344
216,217,outlier,408,408,1.0,1.828375878652595,1.0756252654676923,1.075625265467693
216,217,outlier_final,88,88,1.0,1.5503448638920168,0.9325196131121529,0.9325196131121527
216,217,outlier_nonfinal,320,320,1.0,1.8977066084395875,1.114979319865466,1.114979319865467
219,220,active,683,683,1.0,1.1813121467393268,0.563618613642615,0.563618613642615
219,220,active_nonfinal,683,683,1.0,1.1813121467393268,0.563618613642615,0.563618613642615
219,220,all,3031,3031,1.0,4.040546185932568,1.7710153675073408,1.771015367507341
219,220,all_final,346,346,1.0,1.2372648212987172,0.5976045266927147,0.5976045266927146
219,220,all_nonfinal,2685,2685,1.0,4.269962719845058,1.9222258520220001,1.9222258520220001
219,220,immature,1652,1652,1.0,5.352577121142694,2.752878190809409,2.752878190809409
219,220,immature_nonfinal,1652,1652,1.0,5.352577121142694,2.752878190809409,2.752878190809409
219,220,marginalized,600,600,1.0,1.0974959932982653,0.4986798909059223,0.4986798909059223
219,220,marginalized_final,300,300,1.0,1.0974959932982653,0.49867989090592174,0.4986798909059216
219,220,marginalized_nonfinal,300,300,1.0,1.0974959932982653,0.49867989090592174,0.4986798909059216
219,220,outlier,96,96,1.0,2.2323096028352136,1.4170141670432719,1.4170141670432719
219,220,outlier_final,46,46,1.0,1.9128623542172627,1.242765194867451,1.2427651948674512
219,220,outlier_nonfinal,50,50,1.0,2.49026842679674,1.5773232214450272,1.5773232214450268
221,222,active,790,790,1.0,2.0895313943231195,0.7820654796382108,0.7820654796382108
221,222,active_nonfinal,790,790,1.0,2.0895313943231195,0.7820654796382108,0.7820654796382108
221,222,all,3790,3790,1.0,4.652175920838923,2.2682670421565994,2.2682670421565994
221,222,all_final,283,283,1.0,2.143328792193696,0.8214272601528966,0.8214272601528966
221,222,all_nonfinal,3507,3507,1.0,4.797761267557435,2.385020865454872,2.385020865454872
221,222,immature,2375,2375,1.0,5.645257868296131,3.1372785062699666,3.1372785062699666
221,222,immature_nonfinal,2375,2375,1.0,5.645257868296131,3.1372785062699666,3.1372785062699666
221,222,marginalized,452,452,1.0,1.970423353681634,0.6621531901933114,0.6621531901933116
221,222,marginalized_final,218,218,1.0,2.003885491732387,0.6724794685619115,0.6724794685619115
221,222,marginalized_nonfinal,234,234,1.0,1.9387296298467394,0.6525329821405131,0.6525329821405131
221,222,outlier,173,173,1.0,2.5592302742094786,1.3212177254379738,1.3212177254379738
221,222,outlier_final,65,65,1.0,2.55605002416645,1.3209752381041986,1.3209752381041988
221,222,outlier_nonfinal,108,108,1.0,2.5611424100095723,1.321363666888856,1.321363666888856
223,224,active,2102,2102,1.0,3.17421083454023,1.371176948513409,1.371176948513409
223,224,active_nonfinal,2102,2102,1.0,3.17421083454023,1.371176948513409,1.371176948513409
223,224,all,9643,9643,1.0,5.773265384100279,2.92039585354641,2.920395853546411
223,224,all_final,195,195,1.0,4.128785845524742,1.867174920380502,1.8671749203805004
223,224,all_nonfinal,9448,9448,1.0,5.802299337953294,2.9421335844913044,2.9421335844913052
223,224,immature,6332,6332,1.0,6.475186353661207,3.4821504433068067,3.4821504433068067
223,224,immature_final,1,1,1.0,3.1337035050311073,3.1337035050311073,3.133703505031107
223,224,immature_nonfinal,6331,6331,1.0,6.475577955514415,3.482205481521666,3.482205481521666
223,224,marginalized,971,971,1.0,5.039701712777816,2.4268558509521414,2.4268558509521414
223,224,marginalized_final,175,175,1.0,3.825171823761279,1.6779969131211405,1.67799691312114
223,224,marginalized_nonfinal,796,796,1.0,5.26931058982784,2.591491923967751,2.5914919239677516
223,224,outlier,238,238,1.0,6.50713761688875,3.6710488726031354,3.6710488726031354
223,224,outlier_final,19,19,1.0,6.298415180635823,3.5429445354193168,3.5429445354193168
223,224,outlier_nonfinal,219,219,1.0,6.524931207228464,3.682162947518627,3.682162947518627
225,226,active,582,582,1.0,3.391889609119245,1.6139166223300472,1.6139166223300467
225,226,active_nonfinal,582,582,1.0,3.391889609119245,1.6139166223300472,1.6139166223300467
225,226,all,3764,3764,1.0,5.791602570507213,3.5001687543389535,3.5001687543389535
225,226,all_final,198,198,1.0,4.08208110160174,1.8040694619855508,1.8040694619855508
225,226,all_nonfinal,3566,3566,1.0,5.871956391074655,3.5943436449407398,3.5943436449407398
225,226,immature,2779,2779,1.0,6.326419682822892,4.1258891918381755,4.1258891918381755
225,226,immature_final,1,1,1.0,16.139137527371766,16.139137527371766,16.139137527371766
225,226,immature_nonfinal,2778,2778,1.0,6.320144856640845,4.121564768391259,4.121564768391259
225,226,marginalized,365,365,1.0,3.3672794585941945,1.537754794932059,1.5377547949320587
225,226,marginalized_final,182,182,1.0,3.3717597347527883,1.540357801047932,1.540357801047932
225,226,marginalized_nonfinal,183,183,1.0,3.362817744597788,1.53516601289332,1.5351660128933198
225,226,outlier,38,38,1.0,10.5063752565984,5.479188233347773,5.479188233347772
225,226,outlier_final,15,15,1.0,8.040579152538088,4.048099743669575,4.048099743669574
225,226,outlier_nonfinal,23,23,1.0,11.841021736558819,6.4125068135726835,6.412506813572681
227,228,active,673,673,1.0,5.557702700044846,3.28645552802004,3.2864555280200403
227,228,active_nonfinal,673,673,1.0,5.557702700044846,3.28645552802004,3.2864555280200403
227,228,all,3988,3988,1.0,6.457487380959009,4.4396659132412895,4.4396659132412895
227,228,all_final,234,234,1.0,5.727472714562782,3.4273936645783105,3.427393664578311
227,228,all_nonfinal,3754,3754,1.0,6.500277862935124,4.5027643965090425,4.5027643965090425
227,228,immature,2818,2818,1.0,6.735461783915732,4.86157531781086,4.86157531781086
227,228,immature_nonfinal,2818,2818,1.0,6.735461783915732,4.86157531781086,4.86157531781086
227,228,marginalized,401,401,1.0,5.790835741989459,3.4609350039753317,3.4609350039753326
227,228,marginalized_final,199,199,1.0,5.691732236738742,3.4026945081909803,3.4026945081909803
227,228,marginalized_nonfinal,202,202,1.0,5.886836237742759,3.5183105419014984,3.5183105419014984
227,228,outlier,96,96,1.0,6.629189712366494,4.227592806913277,4.227592806913278
227,228,outlier_final,35,35,1.0,5.926587719245339,3.5678260108948376,3.5678260108948385
227,228,outlier_nonfinal,61,61,1.0,7.000556803964501,4.6061475259402505,4.606147525940251
228,229,active,1476,1476,1.0,5.43170728556646,3.117975763610711,3.1179757636107106
228,229,active_nonfinal,1476,1476,1.0,5.43170728556646,3.117975763610711,3.1179757636107106
228,229,all,7776,7776,1.0,6.614058836698113,4.49830574865975,4.49830574865975
228,229,all_final,224,224,1.0,5.5300147588970905,3.2466682378383394,3.2466682378383394
228,229,all_nonfinal,7552,7552,1.0,6.643512099276687,4.5354305900824095,4.5354305900824095
228,229,immature,5536,5536,1.0,6.99293786271836,5.001351214895055,5.001351214895055
228,229,immature_nonfinal,5536,5536,1.0,6.99293786271836,5.001351214895055,5.001351214895055
228,229,marginalized,495,495,1.0,5.5910427879980364,3.375167649954652,3.375167649954652
228,229,marginalized_final,183,183,1.0,5.326865215540684,3.097995305837024,3.097995305837024
228,229,marginalized_nonfinal,312,312,1.0,5.740339071284945,3.53773989025442,3.53773989025442
228,229,outlier,269,269,1.0,6.226679728384658,3.786263799635904,3.786263799635903
228,229,outlier_final,41,41,1.0,6.358100155036482,3.9102571782344575,3.9102571782344575
228,229,outlier_nonfinal,228,228,1.0,6.2027517370746015,3.763966744712481,3.7639667447124796
229,230,active,361,361,1.0,6.4234425197362945,3.926870908440996,3.926870908440996
229,230,active_nonfinal,361,361,1.0,6.4234425197362945,3.926870908440996,3.926870908440996
229,230,all,2646,2646,1.0,7.551541535936446,5.2813856447965515,5.2813856447965515
229,230,all_final,185,185,1.0,6.551659803772309,4.041543240099131,4.041543240099131
229,230,all_nonfinal,2461,2461,1.0,7.621406026672728,5.374587938526343,5.374587938526343
229,230,immature,1908,1908,1.0,7.905368218527821,5.762036818820952,5.762036818820952
229,230,immature_nonfinal,1908,1908,1.0,7.905368218527821,5.762036818820952,5.762036818820952
229,230,marginalized,296,296,1.0,6.070987198150003,3.7412231755327996,3.7412231755327996
229,230,marginalized_final,148,148,1.0,6.070987198150001,3.741223175532797,3.741223175532797
229,230,marginalized_nonfinal,148,148,1.0,6.070987198150001,3.741223175532797,3.741223175532797
229,230,outlier,81,81,1.0,8.49496988637813,5.624416147115837,5.624416147115838
229,230,outlier_final,37,37,1.0,8.1971756527126,5.242823498364466,5.242823498364466
229,230,outlier_nonfinal,44,44,1.0,8.737535409988691,5.945300874474946,5.945300874474947
230,231,active,612,612,1.0,7.061325653215559,4.620580668978474,4.620580668978474
230,231,active_nonfinal,612,612,1.0,7.061325653215559,4.620580668978474,4.620580668978474
230,231,all,3689,3689,1.0,8.050607662569213,5.7430569199520445,5.7430569199520445
230,231,all_final,211,211,1.0,7.13140251116107,4.697688044044205,4.697688044044204
230,231,all_nonfinal,3478,3478,1.0,8.103018918414389,5.806476365845253,5.806476365845253
230,231,immature,2635,2635,1.0,8.381386922842093,6.155314888732238,6.155314888732238
230,231,immature_nonfinal,2635,2635,1.0,8.381386922842093,6.155314888732238,6.155314888732238
230,231,marginalized,357,357,1.0,7.032349132366437,4.64040473890434,4.64040473890434
230,231,marginalized_final,176,176,1.0,6.978638482838324,4.583162208798466,4.583162208798466
230,231,marginalized_nonfinal,181,181,1.0,7.084185569837564,4.696065983648173,4.696065983648173
230,231,outlier,85,85,1.0,8.274106411198142,5.676028055177151,5.67602805517715
230,231,outlier_final,35,35,1.0,7.854681482541433,5.273589386994191,5.27358938699419
230,231,outlier_nonfinal,50,50,1.0,8.555478239232793,5.957735122905222,5.957735122905221
231,232,active,555,555,1.0,6.688174783771427,4.283317147367296,4.283317147367297
231,232,active_nonfinal,555,555,1.0,6.688174783771427,4.283317147367296,4.283317147367297
231,232,all,3534,3534,1.0,8.390099244070436,5.980083561795807,5.980083561795807
231,232,all_final,196,196,1.0,6.838950188275167,4.463598385615743,4.463598385615742
231,232,all_nonfinal,3338,3338,1.0,8.472356693728383,6.0691282276230325,6.0691282276230325
231,232,immature,2554,2554,1.0,8.905276793507323,6.552734266243324,6.552734266243324
231,232,immature_nonfinal,2554,2554,1.0,8.905276793507323,6.552734266243324,6.552734266243324
231,232,marginalized,336,336,1.0,6.851477372194616,4.438395963867489,4.438395963867488
231,232,marginalized_final,164,164,1.0,6.674249561989799,4.275081860265414,4.275081860265413
231,232,marginalized_nonfinal,172,172,1.0,7.016294071522981,4.594114062650856,4.594114062650854
231,232,outlier,89,89,1.0,7.953814243665934,5.948201469130342,5.948201469130342
231,232,outlier_final,32,32,1.0,7.627424601095517,5.429745578036182,5.429745578036183
231,232,outlier_nonfinal,57,57,1.0,8.131310437504998,6.23926442553408,6.23926442553408
232,233,active,1262,1262,1.0,7.992379566027576,4.322072983824373,4.322072983824373
232,233,active_nonfinal,1262,1262,1.0,7.992379566027576,4.322072983824373,4.322072983824373
232,233,all,9759,9759,1.0,9.969760337336124,6.9012383877777275,6.901238387777727
232,233,all_final,206,206,1.0,8.309538124093608,4.6740713406936285,4.6740713406936285
232,233,all_nonfinal,9553,9553,1.0,10.002526485636318,6.949264810021985,6.949264810021983
232,233,immature,5841,5841,1.0,10.945559133398708,8.398751022630906,8.398751022630906
232,233,immature_nonfinal,5841,5841,1.0,10.945559133398708,8.398751022630906,8.398751022630906
232,233,marginalized,2113,2113,1.0,8.44682242778244,4.827691979849839,4.827691979849839
232,233,marginalized_final,172,172,1.0,8.148031122665705,4.569707461335328,4.569707461335329
232,233,marginalized_nonfinal,1941,1941,1.0,8.472791345230302,4.850553050011866,4.850553050011866
232,233,outlier,543,543,1.0,8.45853934515742,4.85582218071225,4.85582218071225
232,233,outlier_final,34,34,1.0,9.082667054385448,5.2020297892120855,5.2020297892120855
232,233,outlier_nonfinal,509,509,1.0,8.415199962321898,4.832696328671005,4.832696328671005
233,234,active,363,363,1.0,9.194420767392232,5.746524235048344,5.746524235048344
233,234,active_nonfinal,363,363,1.0,9.194420767392232,5.746524235048344,5.746524235048344
233,234,all,2396,2396,1.0,10.825574455489999,7.8402271082602555,7.8402271082602555
233,234,all_final,189,189,1.0,9.437797056801148,5.986427238958392,5.986427238958392
233,234,all_nonfinal,2207,2207,1.0,10.936235806707806,7.998980246138851,7.998980246138851
233,234,immature,1644,1644,1.0,11.421305813279044,8.70854641007241,8.70854641007241
233,234,immature_nonfinal,1644,1644,1.0,11.421305813279044,8.70854641007241,8.70854641007241
233,234,marginalized,329,329,1.0,9.421582291380561,5.954942719435121,5.95494271943512
233,234,marginalized_final,161,161,1.0,9.394992279085145,5.877393379422351,5.877393379422351
233,234,marginalized_nonfinal,168,168,1.0,9.446994157732185,6.029260836947369,6.029260836947368
233,234,outlier,60,60,1.0,10.3680843553465,7.052823353597417,7.052823353597417
233,234,outlier_final,28,28,1.0,9.68025206866075,6.613371931290611,6.6133719312906125
233,234,outlier_nonfinal,32,32,1.0,10.934501801659948,7.437343348115867,7.437343348115867
234,235,active,280,280,1.0,18.440337029187948,14.524486373609188,14.524486373609184
234,235,active_nonfinal,280,280,1.0,18.440337029187948,14.524486373609188,14.524486373609184
234,235,all,3007,3007,1.0,18.45475150552678,15.05361051167694,15.05361051167694
234,235,all_final,109,109,1.0,19.00290400274615,14.84806460148101,14.84806460148101
234,235,all_nonfinal,2898,2898,1.0,18.433816247811816,15.0613415345242,15.0613415345242
234,235,immature,2461,2461,1.0,18.331172033125206,15.098654626849267,15.098654626849267
234,235,immature_nonfinal,2461,2461,1.0,18.331172033125206,15.098654626849267,15.098654626849267
234,235,marginalized,190,190,1.0,20.02755557981669,15.463036193165483,15.463036193165483
234,235,marginalized_final,83,83,1.0,18.954960563771348,14.702094417528107,14.702094417528107
234,235,marginalized_nonfinal,107,107,1.0,20.821549918439736,16.05329943968794,16.05329943968794
234,235,outlier,76,76,1.0,18.396482052413415,14.52085145558413,14.520851455584136
234,235,outlier_final,26,26,1.0,19.155151256098492,15.314046342561438,15.314046342561438
234,235,outlier_nonfinal,50,50,1.0,17.98933385871646,14.108390114355934,14.108390114355936
235,236,active,311,311,1.0,15.098485530220248,12.121879116496496,12.121879116496492
235,236,active_nonfinal,311,311,1.0,15.098485530220248,12.121879116496496,12.121879116496492
235,236,all,2871,2871,1.0,16.426321956324347,13.394906276150175,13.394906276150175
235,236,all_final,112,112,1.0,15.809206505532776,12.711083094646241,12.711083094646238
235,236,all_nonfinal,2759,2759,1.0,16.450884459746142,13.422665680401158,13.422665680401158
235,236,immature,2306,2306,1.0,16.566738002075812,13.564430341882462,13.564430341882462
235,236,immature_nonfinal,2306,2306,1.0,16.566738002075812,13.564430341882462,13.564430341882462
235,236,marginalized,176,176,1.0,16.22633072117492,13.071636853582971,13.071636853582971
235,236,marginalized_final,79,79,1.0,15.23402680207186,12.273596225337903,12.2735962253379
235,236,marginalized_nonfinal,97,97,1.0,16.99173240154221,13.721587468339264,13.721587468339264
235,236,outlier,78,78,1.0,17.734097263022726,14.188295628015098,14.188295628015094
235,236,outlier_final,33,33,1.0,17.107771512048988,13.758400145414685,13.758400145414685
235,236,outlier_nonfinal,45,45,1.0,18.179693876960407,14.503552315255405,14.503552315255403
236,237,active,503,503,1.0,15.08413895263251,11.625510115050268,11.625510115050265
236,237,active_nonfinal,503,503,1.0,15.08413895263251,11.625510115050268,11.625510115050265
236,237,all,4838,4838,1.0,16.27041801932001,12.920504744819228,12.920504744819224
236,237,all_final,131,131,1.0,15.754272711826454,12.064849532779819,12.064849532779819
236,237,all_nonfinal,4707,4707,1.0,16.284548819908366,12.944318391043405,12.944318391043401
236,237,immature,3393,3393,1.0,16.4708445693576,13.270373833652409,13.270373833652409
236,237,immature_nonfinal,3393,3393,1.0,16.4708445693576,13.270373833652409,13.270373833652409
236,237,marginalized,539,539,1.0,18.884006465321153,15.04113099630409,15.041130996304089
236,237,marginalized_final,79,79,1.0,17.95740905787312,14.111240627456171,14.111240627456176
236,237,marginalized_nonfinal,460,460,1.0,19.038602532097322,15.200829559649707,15.200829559649705
236,237,outlier,403,403,1.0,11.53326178318227,8.754894151302105,8.75489415130211
236,237,outlier_final,52,52,1.0,11.634503205176522,8.955909215867665,8.955909215867663
236,237,outlier_nonfinal,351,351,1.0,11.518187371567887,8.725114141736837,8.72511414173684
237,238,active,196,196,1.0,13.983801358510746,10.227425654080132,10.227425654080132
237,238,active_nonfinal,196,196,1.0,13.983801358510746,10.227425654080132,10.227425654080132
237,238,all,1774,1774,1.0,15.907982284151286,12.682663112277947,12.682663112277945
237,238,all_final,107,107,1.0,14.492069302981069,10.645875243434265,10.645875243434265
237,238,all_nonfinal,1667,1667,1.0,15.9945853812183,12.813398746330906,12.813398746330904
237,238,immature,1349,1349,1.0,16.355343376394416,13.343831518371326,13.343831518371326
237,238,immature_nonfinal,1349,1349,1.0,16.355343376394416,13.343831518371326,13.343831518371326
237,238,marginalized,165,165,1.0,14.600247090131145,10.798638551464238,10.798638551464238
237,238,marginalized_final,79,79,1.0,14.156303352262883,10.39735015394717,10.39735015394717
237,238,marginalized_nonfinal,86,86,1.0,14.996479217354862,11.167263939881078,11.16726393988108
237,238,outlier,64,64,1.0,15.094398698181772,11.122888339170428,11.122888339170428
237,238,outlier_final,28,28,1.0,15.399993893221895,11.347071031629989,11.347071031629989
237,238,outlier_nonfinal,36,36,1.0,14.852367075003542,10.948524022812997,10.948524022812997
238,239,active,399,399,1.0,14.478134564001568,11.196730380780538,11.196730380780538
238,239,active_nonfinal,399,399,1.0,14.478134564001568,11.196730380780538,11.196730380780538
238,239,all,10937,10937,1.0,14.512375362010497,11.13732349260127,11.13732349260127
238,239,all_final,115,115,1.0,15.139355832461534,11.541240978028783,11.541240978028783
238,239,all_nonfinal,10822,10822,1.0,14.505567233242786,11.133031262807878,11.133031262807878
238,239,immature,3692,3692,1.0,13.208149551842174,10.354020511561883,10.354020511561885
238,239,immature_nonfinal,3692,3692,1.0,13.208149551842174,10.354020511561883,10.354020511561885
238,239,marginalized,3254,3254,1.0,15.161661366962976,11.276895330988228,11.276895330988223
238,239,marginalized_final,55,55,1.0,15.113056139728949,11.257479309466644,11.257479309466644
238,239,marginalized_nonfinal,3199,3199,1.0,15.162495668012077,11.277229148176003,11.277229148175998
238,239,outlier,3592,3592,1.0,15.179778664737023,11.80939601362101,11.80939601362101
238,239,outlier_final,60,60,1.0,15.163423813008118,11.80135584087741,11.801355840877411
238,239,outlier_nonfinal,3532,3532,1.0,15.180056341267841,11.809532596396952,11.809532596396952
239,240,active,256,256,1.0,14.473393320884819,10.591532881466843,10.591532881466847
239,240,active_nonfinal,256,256,1.0,14.473393320884819,10.591532881466843,10.591532881466847
239,240,all,1850,1850,1.0,13.805693483994803,10.584471371055468,10.584471371055468
239,240,all_final,134,134,1.0,14.825174053236342,10.79232504361723,10.792325043617227
239,240,all_nonfinal,1716,1716,1.0,13.722896023724278,10.568240373314634,10.568240373314634
239,240,immature,1314,1314,1.0,13.385573170324074,10.511948611431032,10.511948611431032
239,240,immature_nonfinal,1314,1314,1.0,13.385573170324074,10.511948611431032,10.511948611431032
239,240,marginalized,166,166,1.0,13.511391142772782,10.223860746694434,10.223860746694434
239,240,marginalized_final,82,82,1.0,13.482234646742853,10.185063008729998,10.185063008729996
239,240,marginalized_nonfinal,84,84,1.0,13.539792875794742,10.261734728993046,10.261734728993046
239,240,outlier,114,114,1.0,17.075546685319033,11.92963385460943,11.92963385460943
239,240,outlier_final,52,52,1.0,16.72521236915098,11.749930560170155,11.749930560170155
239,240,outlier_nonfinal,62,62,1.0,17.363926124081946,12.080352746719779,12.08035274671978
240,241,active,249,249,1.0,15.554135820978077,11.662206517683227,11.662206517683227
240,241,active_nonfinal,249,249,1.0,15.554135820978077,11.662206517683227,11.662206517683227
240,241,all,2570,2570,1.0,13.90019953988928,10.484119273554294,10.484119273554294
240,241,all_final,99,99,1.0,16.003912457453346,11.995234376553903,11.995234376553903
240,241,all_nonfinal,2471,2471,1.0,13.809239193739929,10.423576823049663,10.423576823049663
240,241,immature,2071,2071,1.0,13.39147020656423,10.154535169590682,10.154535169590682
240,241,immature_nonfinal,2071,2071,1.0,13.39147020656423,10.154535169590682,10.154535169590682
240,241,marginalized,177,177,1.0,14.962057704579042,10.7881642619118,10.788164261911797
240,241,marginalized_final,68,68,1.0,14.3259484065981,10.286568989919061,10.286568989919063
240,241,marginalized_nonfinal,109,109,1.0,15.34554621959237,11.101086082971483,11.101086082971479
240,241,outlier,73,73,1.0,18.617946048948927,15.078763007544575,15.078763007544575
240,241,outlier_final,31,31,1.0,19.177074631207923,15.743274579494857,15.743274579494855
240,241,outlier_nonfinal,42,42,1.0,18.19423761944342,14.588290180628896,14.588290180628897
241,242,active,223,223,1.0,11.702498915388228,8.169988111390179,8.169988111390177
241,242,active_nonfinal,223,223,1.0,11.702498915388228,8.169988111390179,8.169988111390177
241,242,all,2508,2508,1.0,12.313318772300981,9.322506515194558,9.322506515194558
241,242,all_final,92,92,1.0,12.209077346075729,8.752736155120427,8.752736155120427
241,242,all_nonfinal,2416,2416,1.0,12.317270794161379,9.344203068641082,9.344203068641082
241,242,immature,2046,2046,1.0,12.328572385473025,9.44909998222987,9.449099982229868
241,242,immature_nonfinal,2046,2046,1.0,12.328572385473025,9.44909998222987,9.449099982229868
241,242,marginalized,169,169,1.0,11.408354296246124,8.449241164052685,8.449241164052681
241,242,marginalized_final,70,70,1.0,10.457762090428341,7.583092831028151,7.583092831028151
241,242,marginalized_nonfinal,99,99,1.0,12.035262757148288,9.061669278312452,9.061669278312449
241,242,outlier,70,70,1.0,15.465829860546274,11.402266727152783,11.402266727152783
241,242,outlier_final,22,22,1.0,16.59426140034597,12.474328549959488,12.474328549959488
241,242,outlier_nonfinal,48,48,1.0,14.920136894737023,10.91090505836638,10.91090505836638
242,243,active,405,405,1.0,12.342804988767874,8.599894706818935,8.599894706818935
242,243,active_nonfinal,405,405,1.0,12.342804988767874,8.599894706818935,8.599894706818935
242,243,all,7366,7366,1.0,12.567018878743433,9.377371884696137,9.377371884696137
242,243,all_final,74,74,1.0,13.527427001434134,9.285892612194596,9.285892612194594
242,243,all_nonfinal,7292,7292,1.0,12.556896055609773,9.37830022618889,9.37830022618889
242,243,immature,6479,6479,1.0,12.434165610269678,9.393252693766764,9.393252693766764
242,243,immature_nonfinal,6479,6479,1.0,12.434165610269678,9.393252693766764,9.393252693766764
242,243,marginalized,289,289,1.0,13.134115377372844,9.361433611273723,9.361433611273727
242,243,marginalized_final,53,53,1.0,12.138346581672252,8.71071073243622,8.71071073243622
242,243,marginalized_nonfinal,236,236,1.0,13.347530386310993,9.507570528978757,9.507570528978757
242,243,outlier,193,193,1.0,16.10364841355682,10.499613626098297,10.499613626098292
242,243,outlier_final,21,21,1.0,16.521794487175132,10.737542118251445,10.737542118251445
242,243,outlier_nonfinal,172,172,1.0,16.051849571994303,10.470564217172623,10.470564217172617
243,244,active,267,267,1.0,11.630061421003584,8.366551227267239,8.366551227267239
243,244,active_nonfinal,267,267,1.0,11.630061421003584,8.366551227267239,8.366551227267239
243,244,all,3219,3219,1.0,11.961437740383106,9.156357722239607,9.156357722239607
243,244,all_final,96,96,1.0,11.615101509980724,8.432662991260335,8.432662991260337
243,244,all_nonfinal,3123,3123,1.0,11.97192527730031,9.178603861904671,9.178603861904671
243,244,immature,2739,2739,1.0,12.017494389440984,9.279417654222216,9.279417654222216
243,244,immature_nonfinal,2739,2739,1.0,12.017494389440984,9.279417654222216,9.279417654222216
243,244,marginalized,164,164,1.0,10.641084726807719,7.880632972550018,7.880632972550018
243,244,marginalized_final,79,79,1.0,10.650848928378505,7.820053120526563,7.820053120526564
243,244,marginalized_nonfinal,85,85,1.0,10.6320017228965,7.936936599724766,7.936936599724765
243,244,outlier,49,49,1.0,14.50590130360259,10.85097077134749,10.85097077134749
243,244,outlier_final,17,17,1.0,15.319364768835479,11.27949709643494,11.27949709643494
243,244,outlier_nonfinal,32,32,1.0,14.054611711121137,10.623316161144784,10.623316161144784
244,245,active,512,512,1.0,9.586256467775495,6.624159185097606,6.624159185097607
244,245,active_nonfinal,512,512,1.0,9.586256467775495,6.624159185097606,6.624159185097607
244,245,all,20122,20122,1.0,9.419187278893924,6.766914094366715,6.766914094366713
244,245,all_final,94,94,1.0,10.965320643867837,7.3653460984646335,7.3653460984646335
244,245,all_nonfinal,20028,20028,1.0,9.411331754811313,6.764105396124991,6.7641053961249895
244,245,immature,11757,11757,1.0,8.145594678314037,6.343253514345611,6.343253514345611
244,245,immature_nonfinal,11757,11757,1.0,8.145594678314037,6.343253514345611,6.343253514345611
244,245,marginalized,5283,5283,1.0,10.89067385642464,7.729083639920455,7.729083639920455
244,245,marginalized_final,64,64,1.0,10.827046114446212,7.6963835560876,7.696383556087601
244,245,marginalized_nonfinal,5219,5219,1.0,10.891451809063277,7.729484637307945,7.729484637307945
244,245,outlier,2570,2570,1.0,11.357472531872451,6.755601348722014,6.755601348722016
244,245,outlier_final,30,30,1.0,11.254629828398539,6.659132855535642,6.659132855535643
244,245,outlier_nonfinal,2540,2540,1.0,11.358681645616498,6.756740740373821,6.7567407403738216
245,246,active,221,221,1.0,11.877110048212893,8.43489715532462,8.434897155324622
245,246,active_nonfinal,221,221,1.0,11.877110048212893,8.43489715532462,8.434897155324622
245,246,all,2501,2501,1.0,10.879614971302304,8.07158021113289,8.071580211132888
245,246,all_final,114,114,1.0,11.94703764930506,8.433455201792695,8.433455201792695
245,246,all_nonfinal,2387,2387,1.0,10.826003351944895,8.054297534578545,8.054297534578543
245,246,immature,2049,2049,1.0,10.625827054931458,7.982327791342706,7.982327791342707
245,246,immature_nonfinal,2049,2049,1.0,10.625827054931458,7.982327791342706,7.982327791342707
245,246,marginalized,190,190,1.0,11.933584420160326,8.727291316355961,8.727291316355961
245,246,marginalized_final,95,95,1.0,11.93358442016033,8.727291316355963,8.727291316355963
245,246,marginalized_nonfinal,95,95,1.0,11.93358442016033,8.727291316355963,8.727291316355963
245,246,outlier,41,41,1.0,12.543587928860767,7.53499614994504,7.534996149945036
245,246,outlier_final,19,19,1.0,12.014077825534862,6.964274628976348,6.964274628976347
245,246,outlier_nonfinal,22,22,1.0,12.983524996438863,8.027892008963454,8.027892008963455
246,247,active,217,217,1.0,11.871626691444906,7.873580503258836,7.873580503258836
246,247,active_nonfinal,217,217,1.0,11.871626691444906,7.873580503258836,7.873580503258836
246,247,all,2539,2539,1.0,11.889439206472877,8.751413493827465,8.751413493827467
246,247,all_final,112,112,1.0,11.713231918644638,7.704926640265876,7.704926640265876
246,247,all_nonfinal,2427,2427,1.0,11.897507739184745,8.799706253447942,8.799706253447942
246,247,immature,2097,2097,1.0,11.910952439018754,8.953659430818856,8.953659430818856
246,247,immature_nonfinal,2097,2097,1.0,11.910952439018754,8.953659430818856,8.953659430818856
246,247,marginalized,172,172,1.0,10.9535385321271,7.19403666760826,7.19403666760826
246,247,marginalized_final,86,86,1.0,10.953538532127101,7.194036667608258,7.194036667608258
246,247,marginalized_nonfinal,86,86,1.0,10.953538532127101,7.194036667608258,7.194036667608258
246,247,outlier,53,53,1.0,13.864092336574291,9.397618082357843,9.397618082357845
246,247,outlier_final,26,26,1.0,13.934044188360573,9.394793472902627,9.394793472902627
246,247,outlier_nonfinal,27,27,1.0,13.796396082392999,9.400338076648055,9.400338076648056
247,248,active,296,296,1.0,8.934065260592693,6.113852357880227,6.113852357880227
247,248,active_nonfinal,296,296,1.0,8.934065260592693,6.113852357880227,6.113852357880227
247,248,all,3413,3413,1.0,11.224396724389965,8.392533791403704,8.392533791403705
247,248,all_final,103,103,1.0,9.130347386421711,6.2096783748561695,6.2096783748561695
247,248,all_nonfinal,3310,3310,1.0,11.283325882111344,8.460459503761522,8.460459503761522
247,248,immature,2896,2896,1.0,11.568459991230862,8.788478094559785,8.788478094559785
247,248,immature_nonfinal,2896,2896,1.0,11.568459991230862,8.788478094559785,8.788478094559785
247,248,marginalized,165,165,1.0,9.933553389156558,6.960292564018346,6.960292564018346
247,248,marginalized_final,81,81,1.0,9.822941405337522,6.8742065230145455,6.8742065230145455
247,248,marginalized_nonfinal,84,84,1.0,10.039060783144148,7.043304103557723,7.043304103557723
247,248,outlier,56,56,1.0,6.704093992667477,4.181012450359808,4.181012450359808
247,248,outlier_final,22,22,1.0,5.918805406943308,3.7630065566366926,3.7630065566366935
247,248,outlier_nonfinal,34,34,1.0,7.166514057232511,4.451486852180648,4.451486852180648
248,249,active,760,760,1.0,12.753904628691288,9.111587532877191,9.111587532877191
248,249,active_nonfinal,760,760,1.0,12.753904628691288,9.111587532877191,9.111587532877191
248,249,all,12429,12429,1.0,12.926542324794978,9.929873444379933,9.92987344437993
248,249,all_final,110,110,1.0,12.422084810876074,8.449430200244862,8.449430200244862
248,249,all_nonfinal,12319,12319,1.0,12.930958128173723,9.943092760627588,9.943092760627588
248,249,immature,9887,9887,1.0,13.056311443195026,10.315832687654671,10.315832687654671
248,249,immature_nonfinal,9887,9887,1.0,13.056311443195026,10.315832687654671,10.315832687654671
248,249,marginalized,1171,1171,1.0,12.316928032130848,8.366133855993969,8.366133855993969
248,249,marginalized_final,80,80,1.0,12.532439719179665,8.745529290220293,8.745529290220293
248,249,marginalized_nonfinal,1091,1091,1.0,12.300976576439858,8.338313842485167,8.338313842485167
248,249,outlier,611,611,1.0,12.146695691168977,7.699198014731676,7.699198014731679
248,249,outlier_final,30,30,1.0,12.122894855267344,7.659832626977044,7.659832626977044
248,249,outlier_nonfinal,581,581,1.0,12.147923383909392,7.701230650932431,7.701230650932434
249,250,active,226,226,1.0,11.789011421029407,8.38127000604974,8.38127000604974
249,250,active_nonfinal,226,226,1.0,11.789011421029407,8.38127000604974,8.38127000604974
249,250,all,2453,2453,1.0,13.225534848077658,10.18810101548537,10.18810101548537
249,250,all_final,115,115,1.0,11.78252918262583,8.379574312361832,8.379574312361832
249,250,all_nonfinal,2338,2338,1.0,13.292470975193353,10.277057632619329,10.277057632619329
249,250,immature,1994,1994,1.0,13.535957097378127,10.603586637816738,10.603586637816738
249,250,immature_nonfinal,1994,1994,1.0,13.535957097378127,10.603586637816738,10.603586637816738
249,250,marginalized,190,190,1.0,12.549639952505578,9.298906238576862,9.298906238576862
249,250,marginalized_final,94,94,1.0,12.607766563286303,9.355653506860675,9.355653506860675
249,250,marginalized_nonfinal,96,96,1.0,12.49246224936908,9.243341205048951,9.243341205048951
249,250,outlier,43,43,1.0,7.45152227308856,4.3465308949336725,4.346530894933671
249,250,outlier_final,21,21,1.0,6.980845213829183,4.010457917938427,4.010457917938426
249,250,outlier_nonfinal,22,22,1.0,7.874604527224677,4.667327827520041,4.667327827520039
250,251,active,238,238,1.0,12.779221519676083,9.849238620272892,9.849238620272892
250,251,active_nonfinal,238,238,1.0,12.779221519676083,9.849238620272892,9.849238620272892
250,251,all,3315,3315,1.0,14.83865965570738,11.837157269551664,11.837157269551664
250,251,all_final,98,98,1.0,12.48790606981334,9.308476082861615,9.308476082861615
250,251,all_nonfinal,3217,3217,1.0,14.90445281842272,11.914188900355404,11.914188900355404
250,251,immature,2824,2824,1.0,15.20723533116928,12.269258950473887,12.269258950473887
250,251,immature_nonfinal,2824,2824,1.0,15.20723533116928,12.269258950473887,12.269258950473887
250,251,marginalized,150,150,1.0,13.735743279713596,10.945119982005373,10.945119982005377
250,251,marginalized_final,70,70,1.0,13.516724611051686,10.74848866076073,10.74848866076073
250,251,marginalized_nonfinal,80,80,1.0,13.924558979622505,11.117172388094438,11.11717238809444
250,251,outlier,103,103,1.0,9.689207429096834,5.882546441745276,5.8825464417452755
250,251,outlier_final,28,28,1.0,9.437302713283977,5.708444638113823,5.708444638113823
250,251,outlier_nonfinal,75,75,1.0,9.781588945332157,5.947544448434352,5.947544448434351
251,252,active,157,157,1.0,16.544711047212093,13.464760983143538,13.464760983143538
251,252,active_nonfinal,157,157,1.0,16.544711047212093,13.464760983143538,13.464760983143538
251,252,all,7815,7815,1.0,16.57926464770251,13.786566986944399,13.786566986944399
251,252,all_final,26,26,1.0,15.350175000403416,11.160230577473984,11.160230577473984
251,252,all_nonfinal,7789,7789,1.0,16.583214851544728,13.795333805104137,13.795333805104137
251,252,immature,7322,7322,1.0,16.657372986409047,13.963114602306964,13.963114602306964
251,252,immature_nonfinal,7322,7322,1.0,16.657372986409047,13.963114602306964,13.963114602306964
251,252,marginalized,264,264,1.0,16.654520073493575,12.362510472533899,12.3625104725339
251,252,marginalized_final,22,22,1.0,16.6644704694807,12.86894881560725,12.86894881560725
251,252,marginalized_nonfinal,242,242,1.0,16.653615197233005,12.316470623163594,12.316470623163596
251,252,outlier,72,72,1.0,2.047590925889395,1.7559117468941592,1.7559117468941585
251,252,outlier_final,4,4,1.0,2.0508543035759126,1.7622802677410152,1.7622802677410152
251,252,outlier_nonfinal,68,68,1.0,2.047398800510293,1.7555371280208143,1.755537128020814
253,254,active,153,153,1.0,16.80557906592945,13.528851830158388,13.52885183015839
253,254,active_nonfinal,153,153,1.0,16.80557906592945,13.528851830158388,13.52885183015839
253,254,all,2346,2346,1.0,19.328370293563896,16.32175766324485,16.32175766324485
253,254,all_final,82,82,1.0,17.146643458493163,13.866642257805754,13.866642257805758
253,254,all_nonfinal,2264,2264,1.0,19.402787401684208,16.410679687646788,16.410679687646788
253,254,immature,2016,2016,1.0,19.66980170443791,16.738213936924513,16.738213936924513
253,254,immature_nonfinal,2016,2016,1.0,19.66980170443791,16.738213936924513,16.738213936924513
253,254,marginalized,159,159,1.0,17.680439006672525,14.5360256795776,14.536025679577603
253,254,marginalized_final,76,76,1.0,17.37112820152937,14.235668417172112,14.235668417172116
253,254,marginalized_nonfinal,83,83,1.0,17.95899164394221,14.811051606599499,14.8110516065995
253,254,outlier,18,18,1.0,13.994891853833428,9.192320448081224,9.192320448081222
253,254,outlier_final,6,6,1.0,13.994892494874938,9.192310905831857,9.192310905831855
253,254,outlier_nonfinal,12,12,1.0,13.99489153331266,9.192325219205907,9.192325219205907
254,255,active,87,87,1.0,17.71656988224524,14.504501890837181,14.504501890837185
254,255,active_nonfinal,87,87,1.0,17.71656988224524,14.504501890837181,14.504501890837185
254,255,all,2141,2141,1.0,18.542328177689843,15.699729626631187,15.699729626631187
254,255,all_final,47,47,1.0,17.41923121682304,14.075873523841727,14.075873523841723
254,255,all_nonfinal,2094,2094,1.0,18.566756672262294,15.73617720868997,15.73617720868997
254,255,immature,1954,1954,1.0,18.643270057633366,15.850494004072468,15.85049400407247
254,255,immature_nonfinal,1954,1954,1.0,18.643270057633366,15.850494004072468,15.85049400407247
254,255,marginalized,86,86,1.0,17.769869720150606,14.565469562306346,14.565469562306344
254,255,marginalized_final,42,42,1.0,17.968716201312095,14.830433464987602,14.830433464987596
254,255,marginalized_nonfinal,44,44,1.0,17.577963482296884,14.31254947338333,14.312549473383324
254,255,outlier,14,14,1.0,13.35261657877639,9.052414271324839,9.052414271324839
254,255,outlier_final,5,5,1.0,11.835978708355864,7.7375700182164096,7.737570018216411
254,255,outlier_nonfinal,9,9,1.0,14.12500231297574,9.78288330082952,9.78288330082952
256,257,active,62,62,1.0,23.33892062016189,19.48859232047096,19.48859232047096
256,257,active_nonfinal,62,62,1.0,23.33892062016189,19.48859232047096,19.48859232047096
256,257,all,2119,2119,1.0,22.958201855078634,19.585231801467458,19.585231801467454
256,257,all_final,34,34,1.0,22.722205594889946,18.584812345869395,18.58481234586939
256,257,all_nonfinal,2085,2085,1.0,22.962030136661042,19.601545595947233,19.60154559594723
256,257,immature,1983,1983,1.0,22.96883465139278,19.650002065537652,19.650002065537652
256,257,immature_nonfinal,1983,1983,1.0,22.96883465139278,19.650002065537652,19.650002065537652
256,257,marginalized,67,67,1.0,21.52917776012875,17.522738287121832,17.522738287121832
256,257,marginalized_final,31,31,1.0,21.70964098044705,17.930885244638365,17.93088524463836
256,257,marginalized_nonfinal,36,36,1.0,21.37255789189519,17.171278407038162,17.17127840703816
256,257,outlier,7,7,1.0,29.001952832921347,21.83370032028777,21.83370032028777
256,257,outlier_final,3,3,1.0,31.32405606336312,25.34205905859007,25.34205905859007
256,257,outlier_nonfinal,4,4,1.0,27.130257149900064,19.202431266561057,19.202431266561057
258,259,active,131,131,1.0,24.622451679461836,21.80794366198264,21.807943661982637
258,259,active_nonfinal,131,131,1.0,24.622451679461836,21.80794366198264,21.807943661982637
258,259,all,4417,4417,1.0,22.964362986072867,19.585750045194665,19.585750045194665
258,259,all_final,40,40,1.0,23.79692120049791,20.844761101659202,20.84476110165921
258,259,all_nonfinal,4377,4377,1.0,22.95661527613548,19.57424434671201,19.57424434671201
258,259,immature,4173,4173,1.0,22.925333556832005,19.528853526612114,19.528853526612114
258,259,immature_nonfinal,4173,4173,1.0,22.925333556832005,19.528853526612114,19.528853526612114
258,259,marginalized,96,96,1.0,23.59743233561089,20.38331909047126,20.383319090471257
258,259,marginalized_final,36,36,1.0,24.687314431091842,21.89693588168356,21.896935881683568
258,259,marginalized_nonfinal,60,60,1.0,22.91863879557898,19.475149015743884,19.475149015743877
258,259,outlier,17,17,1.0,13.875726752552541,11.924290039263896,11.924290039263898
258,259,outlier_final,4,4,1.0,13.332784474771525,11.375188081439978,11.375188081439976
258,259,outlier_nonfinal,13,13,1.0,14.038562034878469,12.093244487825102,12.093244487825103
260,261,active,73,73,1.0,31.04202672168478,25.01378059412611,25.01378059412611
260,261,active_nonfinal,73,73,1.0,31.04202672168478,25.01378059412611,25.01378059412611
260,261,all,1310,1310,1.0,33.23032006269872,26.847063466797014,26.847063466797014
260,261,all_final,75,75,1.0,30.881385697980544,24.98974761767068,24.98974761767068
260,261,all_nonfinal,1235,1235,1.0,33.36764252315284,26.959855927270276,26.959855927270276
260,261,immature,1086,1086,1.0,33.69326634108123,27.235231773386378,27.235231773386378
260,261,immature_nonfinal,1086,1086,1.0,33.69326634108123,27.235231773386378,27.235231773386378
260,261,marginalized,122,122,1.0,29.81578644282117,23.6459316097121,23.6459316097121
260,261,marginalized_final,61,61,1.0,29.81578644282118,23.645931609712108,23.645931609712108
260,261,marginalized_nonfinal,61,61,1.0,29.81578644282118,23.645931609712108,23.645931609712108
260,261,outlier,29,29,1.0,34.69443774850984,30.3924757189791,30.3924757189791
260,261,outlier_final,14,14,1.0,35.14932462632892,30.844945938061585,30.84494593806159
260,261,outlier_nonfinal,15,15,1.0,34.26442859706722,29.970170181168776,29.97017018116878
261,262,active,79,79,1.0,30.518556097448787,25.27457686527607,25.27457686527607
261,262,active_nonfinal,79,79,1.0,30.518556097448787,25.27457686527607,25.27457686527607
261,262,all,1282,1282,1.0,30.43854049625241,24.65334456433484,24.65334456433484
261,262,all_final,84,84,1.0,31.20926949703444,25.84423623922267,25.84423623922267
261,262,all_nonfinal,1198,1198,1.0,30.383765931276773,24.569842977781764,24.569842977781764
261,262,immature,1031,1031,1.0,30.239415429070085,24.36715859031102,24.36715859031102
261,262,immature_nonfinal,1031,1031,1.0,30.239415429070085,24.36715859031102,24.36715859031102
261,262,marginalized,120,120,1.0,32.47656583753415,26.87733871022883,26.87733871022883
261,262,marginalized_final,60,60,1.0,32.476565837534146,26.87733871022883,26.87733871022883
261,262,marginalized_nonfinal,60,60,1.0,32.476565837534146,26.87733871022883,26.87733871022883
261,262,outlier,52,52,1.0,29.37269558200732,24.251442447737794,24.251442447737794
261,262,outlier_final,24,24,1.0,27.789322362835893,23.261480061707257,23.261480061707257
261,262,outlier_nonfinal,28,28,1.0,30.664869547319526,25.099981635763978,25.099981635763978
262,263,active,126,126,1.0,20.308212151817596,16.69975549302359,16.69975549302359
262,263,active_nonfinal,126,126,1.0,20.308212151817596,16.69975549302359,16.69975549302359
262,263,all,2210,2210,1.0,23.624259467470463,19.047582592605423,19.047582592605423
262,263,all_final,63,63,1.0,19.77647040996291,16.117242508024326,16.117242508024322
262,263,all_nonfinal,2147,2147,1.0,23.727744711505967,19.133568351957347,19.133568351957347
262,263,immature,1956,1956,1.0,24.058629393413856,19.40631572392815,19.40631572392815
262,263,immature_nonfinal,1956,1956,1.0,24.058629393413856,19.40631572392815,19.40631572392815
262,263,marginalized,94,94,1.0,16.0923502747092,12.842738775923731,12.842738775923731
262,263,marginalized_final,47,47,1.0,16.092350274709204,12.842738775923735,12.842738775923737
262,263,marginalized_nonfinal,47,47,1.0,16.092350274709204,12.842738775923735,12.842738775923737
262,263,outlier,34,34,1.0,27.082762184222805,24.26521578225424,24.265215782254238
262,263,outlier_final,16,16,1.0,27.915673915038152,25.7360972210698,25.7360972210698
262,263,outlier_nonfinal,18,18,1.0,26.320278044199938,22.957765614418182,22.957765614418186
263,264,active,172,172,1.0,14.076389830243553,9.059180476385317,9.059180476385313
263,264,active_nonfinal,172,172,1.0,14.076389830243553,9.059180476385317,9.059180476385313
263,264,all,2153,2153,1.0,18.08715512300221,13.056180109158761,13.056180109158763
263,264,all_final,91,91,1.0,16.825972471008484,10.463665829665164,10.463665829665162
263,264,all_nonfinal,2062,2062,1.0,18.14079351278277,13.17059271800159,13.170592718001592
263,264,immature,1789,1789,1.0,18.3348095341463,13.585620785660304,13.585620785660305
263,264,immature_nonfinal,1789,1789,1.0,18.3348095341463,13.585620785660304,13.585620785660305
263,264,marginalized,144,144,1.0,11.939754166150562,6.899903246640905,6.899903246640905
263,264,marginalized_final,71,71,1.0,12.011550138431488,6.949419189324321,6.949419189324322
263,264,marginalized_nonfinal,73,73,1.0,11.869508620564035,6.851743905126901,6.8517439051269005
263,264,outlier,48,48,1.0,31.732852258719458,26.11489750037408,26.11489750037408
263,264,outlier_final,20,20,1.0,27.856439027149108,22.939241402875144,22.939241402875147
263,264,outlier_nonfinal,28,28,1.0,34.23402854579098,28.38322328430188,28.38322328430188
264,265,active,168,168,1.0,19.347080958817827,12.918459002651408,12.918459002651403
264,265,active_nonfinal,168,168,1.0,19.347080958817827,12.918459002651408,12.918459002651403
264,265,all,2045,2045,1.0,19.570071272171493,14.38002199161424,14.38002199161424
264,265,all_final,90,90,1.0,19.119757036587778,12.802452457572356,12.802452457572356
264,265,all_nonfinal,1955,1955,1.0,19.590552624299033,14.45264667604584,14.45264667604584
264,265,immature,1688,1688,1.0,19.641769004797517,14.69940765721392,14.69940765721392
264,265,immature_nonfinal,1688,1688,1.0,19.641769004797517,14.69940765721392,14.69940765721392
264,265,marginalized,133,133,1.0,14.971705948494144,9.305065060743216,9.305065060743214
264,265,marginalized_final,65,65,1.0,15.143287290375524,9.509076163549041,9.50907616354904
264,265,marginalized_nonfinal,68,68,1.0,14.805835723855493,9.11005444776705,9.110054447767048
264,265,outlier,56,56,1.0,26.486096661931047,21.19053717767404,21.19053717767404
264,265,outlier_final,25,25,1.0,26.82917447489439,21.365230822032984,21.36523082203298
264,265,outlier_nonfinal,31,31,1.0,26.20614963685146,21.04965520641684,21.04965520641684
265,266,active,179,179,1.0,15.396210306987111,9.940511002648602,9.940511002648602
265,266,active_nonfinal,179,179,1.0,15.396210306987111,9.940511002648602,9.940511002648602
265,266,all,1910,1910,1.0,20.447177761313846,14.891070115504153,14.891070115504153
265,266,all_final,91,91,1.0,15.543831501150395,10.082285906505719,10.082285906505719
265,266,all_nonfinal,1819,1819,1.0,20.661939607734165,15.131641508037896,15.131641508037896
265,266,immature,1545,1545,1.0,21.45242899234105,16.038581102972614,16.038581102972614
265,266,immature_nonfinal,1545,1545,1.0,21.45242899234105,16.038581102972614,16.038581102972614
265,266,marginalized,151,151,1.0,12.714357010832611,7.752325935063509,7.752325935063507
265,266,marginalized_final,75,75,1.0,12.756667129736895,7.803670456027336,7.803670456027336
265,266,marginalized_nonfinal,76,76,1.0,12.672465117963908,7.701656999901837,7.701656999901837
265,266,outlier,35,35,1.0,24.311266093636366,20.353812310045424,20.353812310045424
265,266,outlier_final,16,16,1.0,24.725533076371562,20.76329583062314,20.76329583062314
265,266,outlier_nonfinal,19,19,1.0,23.956854082500126,20.00898408219051,20.00898408219051
266,267,active,164,164,1.0,23.456554644636803,16.967812931411654,16.96781293141166
266,267,active_nonfinal,164,164,1.0,23.456554644636803,16.967812931411654,16.96781293141166
266,267,all,1950,1950,1.0,24.112005895372096,18.65310493006645,18.65310493006645
266,267,all_final,85,85,1.0,23.666778444843782,17.05169798467453,17.05169798467453
266,267,all_nonfinal,1865,1865,1.0,24.132102044165954,18.72609130559369,18.72609130559369
266,267,immature,1611,1611,1.0,24.198811951351768,18.98669537192656,18.98669537192656
266,267,immature_nonfinal,1611,1611,1.0,24.198811951351768,18.98669537192656,18.98669537192656
266,267,marginalized,128,128,1.0,21.05768872280624,15.029229298889463,15.029229298889463
266,267,marginalized_final,63,63,1.0,21.219191846119013,15.225621101234152,15.225621101234154
266,267,marginalized_nonfinal,65,65,1.0,20.899963964788032,14.8388803212323,14.838880321232303
266,267,outlier,47,47,1.0,30.367190653767544,22.96863188184103,22.96863188184103
266,267,outlier_final,22,22,1.0,29.57570079275842,22.280918150890166,22.280918150890166
266,267,outlier_nonfinal,25,25,1.0,31.04701525305489,23.57381996507779,23.57381996507779
267,268,active,88,88,1.0,25.07008889984322,20.193683250939586,20.193683250939582
267,268,active_nonfinal,88,88,1.0,25.07008889984322,20.193683250939586,20.193683250939582
267,268,all,1787,1787,1.0,24.254648395523393,18.691630085634863,18.691630085634863
267,268,all_final,47,47,1.0,24.886321291600552,19.91957109838621,19.919571098386207
267,268,all_nonfinal,1740,1740,1.0,24.237357621942074,18.65846156402606,18.65846156402606
267,268,immature,1599,1599,1.0,24.175408609904252,18.539577599328183,18.539577599328183
267,268,immature_nonfinal,1599,1599,1.0,24.175408609904252,18.539577599328183,18.539577599328183
267,268,marginalized,64,64,1.0,19.89099465635446,15.28096832863424,15.280968328634241
267,268,marginalized_final,31,31,1.0,20.20281659438589,15.68525951121807,15.68525951121807
267,268,marginalized_nonfinal,33,33,1.0,19.593551064978662,14.901179641964577,14.90117964196458
267,268,outlier,36,36,1.0,31.668381552956006,27.837007849680518,27.837007849680518
267,268,outlier_final,16,16,1.0,32.069937890115675,28.12354979852448,28.12354979852448
267,268,outlier_nonfinal,20,20,1.0,31.34343263444171,27.607774290605352,27.607774290605352
268,269,active,98,98,1.0,24.53119071657809,18.662970343725668,18.662970343725668
268,269,active_nonfinal,98,98,1.0,24.53119071657809,18.662970343725668,18.662970343725668
268,269,all,1613,1613,1.0,25.465902808577237,19.57439568919473,19.574395689194727
268,269,all_final,52,52,1.0,25.575661210605627,19.732786657067873,19.732786657067873
268,269,all_nonfinal,1561,1561,1.0,25.46223839600682,19.569119372519907,19.569119372519904
268,269,immature,1406,1406,1.0,25.45903938800442,19.559423119043608,19.559423119043604
268,269,immature_nonfinal,1406,1406,1.0,25.45903938800442,19.559423119043608,19.559423119043604
268,269,marginalized,72,72,1.0,19.850216934284138,14.781209326159399,14.781209326159399
268,269,marginalized_final,36,36,1.0,19.850216934284138,14.781209326159395,14.781209326159395
268,269,marginalized_nonfinal,36,36,1.0,19.850216934284138,14.781209326159395,14.781209326159395
268,269,outlier,37,37,1.0,35.78797831242469,31.884680435869743,31.884680435869743
268,269,outlier_final,16,16,1.0,35.20372065433048,30.873835651611934,30.87383565161193
268,269,outlier_nonfinal,21,21,1.0,36.22680297266186,32.65484789054236,32.65484789054235
269,270,active,110,110,1.0,31.545642244513243,24.630765102840996,24.630765102840996
269,270,active_nonfinal,110,110,1.0,31.545642244513243,24.630765102840996,24.630765102840996
269,270,all,1561,1561,1.0,30.538975026045343,24.723008651470717,24.723008651470725
269,270,all_final,55,55,1.0,31.50996725307952,24.608538178276525,24.608538178276525
269,270,all_nonfinal,1506,1506,1.0,30.502928801537195,24.727189180040234,24.72718918004024
269,270,immature,1341,1341,1.0,30.37367634953062,24.739965058928348,24.739965058928355
269,270,immature_nonfinal,1341,1341,1.0,30.37367634953062,24.739965058928348,24.739965058928355
269,270,marginalized,68,68,1.0,33.46396116175067,26.738376816440308,26.7383768164403
269,270,marginalized_final,34,34,1.0,33.463961161750674,26.73837681644031,26.738376816440308
269,270,marginalized_nonfinal,34,34,1.0,33.463961161750674,26.73837681644031,26.738376816440308
269,270,outlier,42,42,1.0,28.059328565400016,21.160228002201816,21.160228002201816
269,270,outlier_final,21,21,1.0,28.05932856540001,21.160228002201816,21.160228002201816
269,270,outlier_nonfinal,21,21,1.0,28.05932856540001,21.160228002201816,21.160228002201816
270,271,active,485,485,1.0,26.126943811198583,21.78556219929031,21.78556219929031
270,271,active_nonfinal,485,485,1.0,26.126943811198583,21.78556219929031,21.78556219929031
270,271,all,16554,16554,1.0,27.159847511169083,22.713928619618486,22.713928619618482
270,271,all_final,49,49,1.0,22.519767762520665,18.102395306166105,18.10239530616611
270,271,all_nonfinal,16505,16505,1.0,27.172443324138747,22.72761932742577,22.727619327425767
270,271,immature,13517,13517,1.0,28.096331435683933,23.751561530859306,23.751561530859306
270,271,immature_nonfinal,13517,13517,1.0,28.096331435683933,23.751561530859306,23.751561530859306
270,271,marginalized,1839,1839,1.0,22.781827253804504,17.82846703566148,17.82846703566148
270,271,marginalized_final,37,37,1.0,23.550895914596165,18.656725166375253,18.656725166375256
270,271,marginalized_nonfinal,1802,1802,1.0,22.765763965143275,17.81146062565237,17.81146062565237
270,271,outlier,713,713,1.0,18.92169392135272,16.274850787241164,16.27485078724116
270,271,outlier_final,12,12,1.0,18.991233117217785,16.393211570521242,16.393211570521242
270,271,outlier_nonfinal,701,701,1.0,18.92050129641637,16.272824639738506,16.272824639738502
271,272,active,173,173,1.0,18.625811617478334,13.86350933196208,13.86350933196208
271,272,active_nonfinal,173,173,1.0,18.625811617478334,13.86350933196208,13.86350933196208
271,272,all,3246,3246,1.0,26.37543701749893,21.191471464870556,21.191471464870553
271,272,all_final,43,43,1.0,18.906178576064235,14.367134103073816,14.367134103073822
271,272,all_nonfinal,3203,3203,1.0,26.461372857945474,21.283087608035483,21.28308760803548
271,272,immature,2981,2981,1.0,26.954276932363292,21.82659745103028,21.826597451030278
271,272,immature_nonfinal,2981,2981,1.0,26.954276932363292,21.82659745103028,21.826597451030278
271,272,marginalized,76,76,1.0,19.276320411771575,14.405659289552844,14.405659289552844
271,272,marginalized_final,38,38,1.0,19.27632041177157,14.405659289552844,14.405659289552847
271,272,marginalized_nonfinal,38,38,1.0,19.27632041177157,14.405659289552844,14.405659289552847
271,272,outlier,16,16,1.0,15.953382637585742,14.325759563317234,14.325759563317233
271,272,outlier_final,5,5,1.0,15.812439480324409,14.074342685833205,14.074342685833205
271,272,outlier_nonfinal,11,11,1.0,16.017037717565135,14.440039962173612,14.440039962173609
272,273,active,47,47,1.0,10.413040194717158,6.530155470310574,6.530155470310574
272,273,active_nonfinal,47,47,1.0,10.413040194717158,6.530155470310574,6.530155470310574
272,273,all,1532,1532,1.0,25.411319727760134,18.49009216615788,18.49009216615788
272,273,all_final,31,31,1.0,10.605353474848823,6.82894550094614,6.82894550094614
272,273,all_nonfinal,1501,1501,1.0,25.627106133267,18.730928639589965,18.730928639589965
272,273,immature,1408,1408,1.0,26.318408489525336,19.517015672739657,19.517015672739657
272,273,immature_nonfinal,1408,1408,1.0,26.318408489525336,19.517015672739657,19.517015672739657
272,273,marginalized,26,26,1.0,13.556039782460697,9.45356434288577,9.453564342885768
272,273,marginalized_final,13,13,1.0,13.556039782460699,9.453564342885771,9.45356434288577
272,273,marginalized_nonfinal,13,13,1.0,13.556039782460699,9.453564342885771,9.45356434288577
272,273,outlier,51,51,1.0,8.997536318849367,5.767708849349028,5.767708849349028
272,273,outlier_final,18,18,1.0,7.809248087768136,4.933387448434185,4.933387448434185
272,273,outlier_nonfinal,33,33,1.0,9.583793529492505,6.222793249848035,6.222793249848035
278,279,active,496,496,1.0,26.811521490486804,21.552042363688834,21.552042363688834
278,279,active_nonfinal,496,496,1.0,26.811521490486804,21.552042363688834,21.552042363688834
278,279,all,10924,10924,1.0,26.468453598723272,22.04037239355822,22.04037239355822
278,279,all_final,58,58,1.0,23.974992737866444,17.848056314602584,17.848056314602584
278,279,all_nonfinal,10866,10866,1.0,26.481133124881346,22.06274993198813,22.06274993198813
278,279,immature,7971,7971,1.0,27.329530346589607,23.588100335089,23.588100335089
278,279,immature_nonfinal,7971,7971,1.0,27.329530346589607,23.588100335089,23.588100335089
278,279,marginalized,1658,1658,1.0,23.00118654154334,17.403117710451244,17.403117710451244
278,279,marginalized_final,41,41,1.0,23.73934628203321,18.29898670790685,18.29898670790685
278,279,marginalized_nonfinal,1617,1617,1.0,22.98216186602999,17.380402417380324,17.380402417380324
278,279,outlier,799,799,1.0,24.145829406682843,16.525779824677894,16.525779824677894
278,279,outlier_final,17,17,1.0,24.5340064297962,16.7605183072217,16.7605183072217
278,279,outlier_nonfinal,782,782,1.0,24.137321445593756,16.520676814187812,16.520676814187812
279,280,active,130,130,1.0,3.625736068254129,2.277080008390567,2.277080008390567
279,280,active_nonfinal,130,130,1.0,3.625736068254129,2.277080008390567,2.277080008390567
279,280,all,1720,1720,1.0,11.56002707174839,8.038348336738803,8.038348336738803
279,280,all_final,80,80,1.0,3.9894122302208586,2.551700176531441,2.5517001765314404
279,280,all_nonfinal,1640,1640,1.0,11.805787020175607,8.30598971040745,8.30598971040745
279,280,immature,1401,1401,1.0,12.6645317426589,9.28919085040098,9.28919085040098
279,280,immature_nonfinal,1401,1401,1.0,12.6645317426589,9.28919085040098,9.28919085040098
279,280,marginalized,104,104,1.0,3.283844814269281,2.189961419986378,2.1899614199863784
279,280,marginalized_final,51,51,1.0,3.241894796566172,2.1604357536499497,2.1604357536499497
279,280,marginalized_nonfinal,53,53,1.0,3.323711973549017,2.2183729102346406,2.2183729102346406
279,280,outlier,85,85,1.0,5.217047767366736,3.3885455177600763,3.3885455177600763
279,280,outlier_final,29,29,1.0,5.041992011711511,3.2397858857368185,3.239785885736819
279,280,outlier_nonfinal,56,56,1.0,5.305432037165698,3.4655817557721216,3.4655817557721216
282,283,active,529,529,1.0,1.9841590201234358,1.1601838862061091,1.1601838862061091
282,283,active_nonfinal,529,529,1.0,1.9841590201234358,1.1601838862061091,1.1601838862061091
282,283,all,2588,2588,1.0,7.315170811070396,3.549412167998581,3.5494121679985797
282,283,all_final,273,273,1.0,2.004472873003885,1.1462709969053522,1.1462709969053524
282,283,all_nonfinal,2315,2315,1.0,7.703788635139184,3.8328063536177823,3.832806353617781
282,283,immature,1492,1492,1.0,9.483125692495602,5.311631403688437,5.311631403688435
282,283,immature_nonfinal,1492,1492,1.0,9.483125692495602,5.311631403688437,5.311631403688435
282,283,marginalized,480,480,1.0,2.0509107785335914,1.147009676277486,1.1470096762774855
282,283,marginalized_final,239,239,1.0,2.0547731138388574,1.149274349027667,1.1492743490276667
282,283,marginalized_nonfinal,241,241,1.0,2.0470732989800307,1.1447637974920368,1.1447637974920368
282,283,outlier,87,87,1.0,1.5597807490964575,1.110605931735101,1.1106059317351007
282,283,outlier_final,34,34,1.0,1.6070590587655456,1.1251591981631996,1.1251591981631994
282,283,outlier_nonfinal,53,53,1.0,1.5286815807529208,1.101269874026509,1.1012698740265088
285,286,active,537,537,1.0,1.2136415997220207,0.9548707342962237,0.9548707342962237
285,286,active_nonfinal,537,537,1.0,1.2136415997220207,0.9548707342962237,0.9548707342962237
285,286,all,2667,2667,1.0,4.603844704728409,2.2841545571531205,2.2841545571531205
285,286,all_final,282,282,1.0,1.2073925640169283,0.9575706454729038,0.9575706454729038
285,286,all_nonfinal,2385,2385,1.0,4.850684359739748,2.4410085039429807,2.4410085039429807
285,286,immature,1535,1535,1.0,5.97851726630527,3.2606329920626407,3.2606329920626407
285,286,immature_nonfinal,1535,1535,1.0,5.97851726630527,3.2606329920626407,3.2606329920626407
285,286,marginalized,479,479,1.0,1.1828830361340081,0.914841832176636,0.914841832176636
285,286,marginalized_final,238,238,1.0,1.1821474520636017,0.912833056680101,0.912833056680101
285,286,marginalized_nonfinal,241,241,1.0,1.1836090149093328,0.9168256021690661,0.9168256021690661
285,286,outlier,116,116,1.0,1.3193332615692195,1.1706356825994098,1.1706356825994102
285,286,outlier_final,44,44,1.0,1.3357005329461893,1.1995603303067033,1.1995603303067035
285,286,outlier_nonfinal,72,72,1.0,1.3092303155875649,1.1529595090005076,1.1529595090005076
288,289,active,898,898,1.0,1.030696978993151,0.7000023958161492,0.7000023958161494
288,289,active_nonfinal,898,898,1.0,1.030696978993151,0.7000023958161492,0.7000023958161494
288,289,all,3130,3130,1.0,2.2156810775175453,1.2211039504636023,1.221103950463602
288,289,all_final,477,477,1.0,1.054625633056509,0.7107068978718628,0.7107068978718627
288,289,all_nonfinal,2653,2653,1.0,2.3647264358554767,1.3128715321018454,1.3128715321018452
288,289,immature,1229,1229,1.0,3.281729658507395,2.005540393005875,2.005540393005874
288,289,immature_nonfinal,1229,1229,1.0,3.281729658507395,2.005540393005875,2.005540393005874
288,289,marginalized,815,815,1.0,0.8883869172647125,0.6160311107038344,0.6160311107038344
288,289,marginalized_final,405,405,1.0,0.890883284813757,0.6185367898515614,0.6185367898515614
288,289,marginalized_nonfinal,410,410,1.0,0.8859140870298664,0.6135559886188835,0.6135559886188835
288,289,outlier,188,188,1.0,1.6833126069661326,1.205205932342173,1.2052059323421727
288,289,outlier_final,72,72,1.0,1.7041559769599612,1.2291637554860548,1.2291637554860553
288,289,outlier_nonfinal,116,116,1.0,1.6702445201092255,1.1903355593563154,1.1903355593563152
291,292,active,1426,1426,1.0,1.041302605650004,0.8371412166076235,0.8371412166076235
291,292,active_nonfinal,1426,1426,1.0,1.041302605650004,0.8371412166076235,0.8371412166076235
291,292,all,3852,3852,1.0,1.3754451954647617,0.9313021254391294,0.9313021254391294
291,292,all_final,747,747,1.0,1.0424144852133592,0.8406515222746691,0.8406515222746689
291,292,all_nonfinal,3105,3105,1.0,1.4441500778083045,0.9531108212728997,0.9531108212729
291,292,immature,864,864,1.0,2.142387771789609,1.214502778626291,1.214502778626291
291,292,immature_nonfinal,864,864,1.0,2.142387771789609,1.214502778626291,1.214502778626291
291,292,marginalized,1236,1236,1.0,0.9709030964616844,0.7903787259440225,0.7903787259440225
291,292,marginalized_final,613,613,1.0,0.9654242675236102,0.7866542179094311,0.786654217909431
291,292,marginalized_nonfinal,623,623,1.0,0.9762639721393661,0.7940434505430671,0.794043450543067
291,292,outlier,326,326,1.0,1.36840841996716,1.1269138230341575,1.1269138230341573
291,292,outlier_final,134,134,1.0,1.3393251345631296,1.0876690414977328,1.0876690414977332
291,292,outlier_nonfinal,192,192,1.0,1.3883451995862948,1.154303410148118,1.154303410148118
294,295,active,1625,1625,1.0,0.8394900437669895,0.7183908967779985,0.7183908967779985
294,295,active_nonfinal,1625,1625,1.0,0.8394900437669895,0.7183908967779985,0.7183908967779985
294,295,all,4137,4137,1.0,1.3870307410104115,0.8266578840402287,0.8266578840402284
294,295,all_final,857,857,1.0,0.8560797715972269,0.7346417570794508,0.7346417570794511
294,295,all_nonfinal,3280,3280,1.0,1.4950031961023549,0.8506999025784566,0.8506999025784564
294,295,immature,708,708,1.0,2.76866430018316,1.2603410509421442,1.2603410509421442
294,295,immature_nonfinal,708,708,1.0,2.76866430018316,1.2603410509421442,1.2603410509421442
294,295,marginalized,1382,1382,1.0,0.81383146061599,0.6941944693380435,0.6941944693380439
294,295,marginalized_final,685,685,1.0,0.8022020187891429,0.6865480419861946,0.6865480419861946
294,295,marginalized_nonfinal,697,697,1.0,0.8251009947226914,0.701709250881828,0.701709250881828
294,295,outlier,422,422,1.0,1.0567689328023067,0.9497635979098682,0.949763597909868
294,295,outlier_final,172,172,1.0,1.0434041530744256,0.9261777735845711,0.9261777735845708
294,295,outlier_nonfinal,250,250,1.0,1.0658665970027135,0.965990645045674,0.9659906450456737
298,299,active,1392,1392,1.0,0.9264621745449815,0.7288622172705106,0.7288622172705106
298,299,active_nonfinal,1392,1392,1.0,0.9264621745449815,0.7288622172705106,0.7288622172705106
298,299,all,3865,3865,1.0,1.2724880727921035,0.7593783857086213,0.7593783857086213
298,299,all_final,734,734,1.0,0.9046814887342004,0.7065107466923133,0.7065107466923134
298,299,all_nonfinal,3131,3131,1.0,1.34422915951201,0.7717721407510897,0.7717721407510897
298,299,immature,929,929,1.0,2.024389921194603,0.9021942742699413,0.9021942742699413
298,299,immature_nonfinal,929,929,1.0,2.024389921194603,0.9021942742699413,0.9021942742699413
298,299,marginalized,1182,1182,1.0,0.875020078309811,0.6998454387654621,0.6998454387654621
298,299,marginalized_final,590,590,1.0,0.8748193964938236,0.6993645459067577,0.6993645459067578
298,299,marginalized_nonfinal,592,592,1.0,0.8752200363646806,0.700324706986129,0.7003247069861291
298,299,outlier,362,362,1.0,0.9851295671071744,0.7046007317837376,0.7046007317837375
298,299,outlier_final,144,144,1.0,1.0179260416492182,0.7357903193553545,0.7357903193553547
298,299,outlier_nonfinal,218,218,1.0,0.9628533717607157,0.6839984354061545,0.6839984354061545
303,304,active,1748,1748,1.0,1.4247411071666274,1.2526939843314464,1.2526939843314466
303,304,active_nonfinal,1748,1748,1.0,1.4247411071666274,1.2526939843314464,1.2526939843314466
303,304,all,4425,4425,1.0,1.9577759590912365,1.3778449640476402,1.3778449640476402
303,304,all_final,913,913,1.0,1.3913585803706556,1.2335713307079978,1.2335713307079978
303,304,all_nonfinal,3512,3512,1.0,2.079914414039378,1.4153511790929394,1.4153511790929394
303,304,immature,773,773,1.0,3.54528313735463,2.0093238835292557,2.0093238835292553
303,304,immature_nonfinal,773,773,1.0,3.54528313735463,2.0093238835292557,2.0093238835292553
303,304,marginalized,1483,1483,1.0,1.4035075498553289,1.2568325277292056,1.2568325277292056
303,304,marginalized_final,739,739,1.0,1.4049665783334853,1.2582279888295729,1.2582279888295733
303,304,marginalized_nonfinal,744,744,1.0,1.4020568236330637,1.2554464447276332,1.2554464447276334
303,304,outlier,421,421,1.0,1.356917416883632,1.1642871275746258,1.1642871275746258
303,304,outlier_final,174,174,1.0,1.3320155404847576,1.128851386157176,1.128851386157176
303,304,outlier_nonfinal,247,247,1.0,1.3741887460035584,1.189249957561008,1.189249957561008
305,306,active,1741,1741,1.0,1.7961256297882717,1.5664966137316045,1.5664966137316045
305,306,active_nonfinal,1741,1741,1.0,1.7961256297882717,1.5664966137316045,1.5664966137316045
305,306,all,4386,4386,1.0,2.4291970900256064,1.6622673182743652,1.6622673182743652
305,306,all_final,914,914,1.0,1.7603604252212774,1.5346466934740834,1.5346466934740834
305,306,all_nonfinal,3472,3472,1.0,2.5765589283005363,1.6958633007246686,1.6958633007246686
305,306,immature,734,734,1.0,4.434768682641386,2.266392087863312,2.266392087863312
305,306,immature_nonfinal,734,734,1.0,4.434768682641386,2.266392087863312,2.266392087863312
305,306,marginalized,1452,1452,1.0,1.8056531852340214,1.5817978431380273,1.5817978431380273
305,306,marginalized_final,720,720,1.0,1.8104648935825807,1.5895827361334591,1.5895827361334591
305,306,marginalized_nonfinal,732,732,1.0,1.8009078157615774,1.5741405713392407,1.5741405713392407
305,306,outlier,459,459,1.0,1.544837764553617,1.3140121845676296,1.3140121845676296
305,306,outlier_final,194,194,1.0,1.5604028249172956,1.3307603495836162,1.330760349583616
305,306,outlier_nonfinal,265,265,1.0,1.5333427949137186,1.3017512637634745,1.3017512637634743
310,311,active,1713,1713,1.0,0.4048418918652905,0.33493129085439677,0.3349312908543967
310,311,active_nonfinal,1713,1713,1.0,0.4048418918652905,0.33493129085439677,0.3349312908543967
310,311,all,4396,4396,1.0,1.3309058998852845,0.4204802161734843,0.4204802161734843
310,311,all_final,894,894,1.0,0.42193206267015015,0.34851837410668524,0.34851837410668524
310,311,all_nonfinal,3502,3502,1.0,1.4758212324469988,0.4388508291968192,0.4388508291968192
310,311,immature,822,822,1.0,2.9524219987592626,0.7512052859446194,0.75120528594462
310,311,immature_nonfinal,822,822,1.0,2.9524219987592626,0.7512052859446194,0.75120528594462
310,311,marginalized,1385,1385,1.0,0.41092719669582367,0.34239408763268503,0.342394087632685
310,311,marginalized_final,688,688,1.0,0.410427470474176,0.3421259902734341,0.34212599027343404
310,311,marginalized_nonfinal,697,697,1.0,0.41141987493151067,0.3426587231895917,0.3426587231895917
310,311,outlier,476,476,1.0,0.4737805966184389,0.38442683329266997,0.3844268332926699
310,311,outlier_final,206,206,1.0,0.45826684632873205,0.3698676948701637,0.3698676948701637
310,311,outlier_nonfinal,270,270,1.0,0.4852835828935115,0.3955349166816933,0.3955349166816933
315,316,active,1440,1440,1.0,0.7260140796022754,0.5752404084314217,0.5752404084314218
315,316,active_nonfinal,1440,1440,1.0,0.7260140796022754,0.5752404084314217,0.5752404084314218
315,316,all,4023,4023,1.0,1.3716526821958093,0.6826062687337716,0.682606268733772
315,316,all_final,736,736,1.0,0.6892165092893325,0.536977873005591,0.5369778730055909
315,316,all_nonfinal,3287,3287,1.0,1.4820067715586818,0.7152142697243237,0.7152142697243238
315,316,immature,1079,1079,1.0,2.37147269106991,1.0155076039568576,1.0155076039568576
315,316,immature_nonfinal,1079,1079,1.0,2.37147269106991,1.0155076039568576,1.0155076039568576
315,316,marginalized,1219,1219,1.0,0.6426987071005471,0.5023178967095264,0.5023178967095264
315,316,marginalized_final,609,609,1.0,0.6414100907107487,0.5014508593930187,0.5014508593930187
315,316,marginalized_nonfinal,610,610,1.0,0.6439826388111324,0.503183512653384,0.5031835126533839
315,316,outlier,285,285,1.0,0.9143817271108524,0.7358617902328471,0.7358617902328471
315,316,outlier_final,127,127,1.0,0.8832093907066634,0.7073396941871364,0.7073396941871364
315,316,outlier_nonfinal,158,158,1.0,0.9386878216338834,0.7587877788265509,0.7587877788265509
317,318,active,1414,1414,1.0,1.4530182176017843,1.1922798315383496,1.1922798315383498
317,318,active_nonfinal,1414,1414,1.0,1.4530182176017843,1.1922798315383496,1.1922798315383498
317,318,all,3962,3962,1.0,2.4872409451673767,1.5456047783561797,1.54560477835618
317,318,all_final,718,718,1.0,1.468022613306523,1.2111279079076869,1.2111279079076867
317,318,all_nonfinal,3244,3244,1.0,2.6605670251979707,1.6196351091151222,1.6196351091151224
317,318,immature,1090,1090,1.0,4.101655795067476,2.4408259432611064,2.4408259432611064
317,318,immature_nonfinal,1090,1090,1.0,4.101655795067476,2.4408259432611064,2.4408259432611064
317,318,marginalized,1216,1216,1.0,1.3604842026010873,1.1235028883866647,1.1235028883866647
317,318,marginalized_final,607,607,1.0,1.3557770347221876,1.1202513708529624,1.1202513708529622
317,318,marginalized_nonfinal,609,609,1.0,1.3651597611131427,1.126743727701868,1.126743727701868
317,318,outlier,242,242,1.0,1.9673427224656714,1.698853965368362,1.6988539653683625
317,318,outlier_final,111,111,1.0,1.9718952377914545,1.7080833853150557,1.7080833853150554
317,318,outlier_nonfinal,131,131,1.0,1.9634769864718868,1.6910336171692533,1.6910336171692535
319,320,active,1451,1451,1.0,0.9081793410293709,0.6188612784603625,0.6188612784603629
319,320,active_nonfinal,1451,1451,1.0,0.9081793410293709,0.6188612784603625,0.6188612784603629
319,320,all,4017,4017,1.0,1.6160468072125262,0.7815758423635756,0.7815758423635755
319,320,all_final,743,743,1.0,0.9568684905526923,0.6052058329462507,0.6052058329462504
319,320,all_nonfinal,3274,3274,1.0,1.731039854736451,0.8216011682637192,0.821601168263719
319,320,immature,1045,1045,1.0,2.7261198336055363,1.2536117203482469,1.2536117203482464
319,320,immature_nonfinal,1045,1045,1.0,2.7261198336055363,1.2536117203482469,1.2536117203482464
319,320,marginalized,1183,1183,1.0,0.6592566238038416,0.5675186830947366,0.5675186830947366
319,320,marginalized_final,590,590,1.0,0.6598536399816112,0.5682994549686831,0.568299454968683
319,320,marginalized_nonfinal,593,593,1.0,0.6586620909038885,0.566741861162817,0.5667418611628169
319,320,outlier,338,338,1.0,1.7318328219757646,0.7698922895369945,0.7698922895369947
319,320,outlier_final,153,153,1.0,1.663524042165007,0.747524545408765,0.7475245454087649
319,320,outlier_nonfinal,185,185,1.0,1.7863536944658558,0.7883910184646667,0.7883910184646665
321,322,active,1341,1341,1.0,0.4029765206007215,0.31728530511235853,0.31728530511235864
321,322,active_nonfinal,1341,1341,1.0,0.4029765206007215,0.31728530511235853,0.31728530511235864
321,322,all,3836,3836,1.0,1.6214842952315973,0.5517926255372961,0.551792625537296
321,322,all_final,692,692,1.0,0.38030785635007663,0.3017693368905529,0.301769336890553
321,322,all_nonfinal,3144,3144,1.0,1.782153528392442,0.6068231967025451,0.606823196702545
321,322,immature,1074,1074,1.0,2.9996730124062108,1.1770104223178797,1.1770104223178792
321,322,immature_nonfinal,1074,1074,1.0,2.9996730124062108,1.1770104223178797,1.1770104223178792
321,322,marginalized,1087,1087,1.0,0.3694793028685901,0.30234616397776387,0.3023461639777639
321,322,marginalized_final,542,542,1.0,0.3697760441177095,0.3025257017167663,0.30252570171676635
321,322,marginalized_nonfinal,545,545,1.0,0.3691839585098504,0.3021676145198942,0.3021676145198942
321,322,outlier,334,334,1.0,0.40802124755666747,0.294722885006463,0.29472288500646265
321,322,outlier_final,150,150,1.0,0.41614717298001863,0.29903633865183643,0.2990363386518363
321,322,outlier_nonfinal,184,184,1.0,0.40127511846058417,0.2912064825781693,0.29120648257816906
323,324,active,1324,1324,1.0,0.2597372510961221,0.19186945557314986,0.19186945557314994
323,324,active_nonfinal,1324,1324,1.0,0.2597372510961221,0.19186945557314986,0.19186945557314994
323,324,all,3774,3774,1.0,1.528612647131653,0.4109175622251143,0.41091756222511433
323,324,all_final,693,693,1.0,0.2681523987812663,0.19296117708578236,0.19296117708578234
323,324,all_nonfinal,3081,3081,1.0,1.6870270271405172,0.459941831910786,0.4599418319107861
323,324,immature,1006,1006,1.0,2.9270933870631053,1.0040937762515927,1.004093776251593
323,324,immature_nonfinal,1006,1006,1.0,2.9270933870631053,1.0040937762515927,1.004093776251593
323,324,marginalized,1084,1084,1.0,0.23211120553837455,0.17154511031341438,0.17154511031341443
323,324,marginalized_final,539,539,1.0,0.22960565116542206,0.1698124886961497,0.16981248869614968
323,324,marginalized_nonfinal,545,545,1.0,0.23456285381302464,0.17325865719727876,0.17325865719727876
323,324,outlier,360,360,1.0,0.3783604788713505,0.27970689491634154,0.27970689491634126
323,324,outlier_final,154,154,1.0,0.37290755920177004,0.2739815864494961,0.273981586449496
323,324,outlier_nonfinal,206,206,1.0,0.38238614247116987,0.2839869798867014,0.28398697988670124
326,327,active,1292,1292,1.0,0.8527491892766881,0.5993599339485913,0.5993599339485909
326,327,active_nonfinal,1292,1292,1.0,0.8527491892766881,0.5993599339485913,0.5993599339485909
326,327,all,3742,3742,1.0,1.5518009011570186,0.7441783800726427,0.7441783800726427
326,327,all_final,688,688,1.0,0.8502442014146725,0.5947793290751731,0.5947793290751728
326,327,all_nonfinal,3054,3054,1.0,1.6696462192099213,0.7778347478153597,0.7778347478153598
326,327,immature,990,990,1.0,2.663812614215983,1.1610928336460753,1.1610928336460753
326,327,immature_nonfinal,990,990,1.0,2.663812614215983,1.1610928336460753,1.1610928336460753
326,327,marginalized,1012,1012,1.0,0.8772781601357835,0.5983777124122787,0.5983777124122788
326,327,marginalized_final,500,500,1.0,0.8812725951910821,0.6013910594156476,0.6013910594156476
326,327,marginalized_nonfinal,512,512,1.0,0.8733597129682541,0.595434990729301,0.595434990729301
326,327,outlier,448,448,1.0,0.7730806076199133,0.5698712350433127,0.569871235043313
326,327,outlier_final,188,188,1.0,0.7615946508199037,0.5771949398717834,0.5771949398717834
326,327,outlier_nonfinal,260,260,1.0,0.7812806520946235,0.5645756330904185,0.5645756330904187
329,330,active,1356,1356,1.0,0.5257957453557474,0.4466051520696203,0.4466051520696203
329,330,active_nonfinal,1356,1356,1.0,0.5257957453557474,0.4466051520696203,0.4466051520696203
329,330,all,3729,3729,1.0,1.0504516346562631,0.5385475587943009,0.538547558794301
329,330,all_final,716,716,1.0,0.5379227202258148,0.4533666898899316,0.4533666898899318
329,330,all_nonfinal,3013,3013,1.0,1.1388177815221445,0.5587896769939452,0.5587896769939452
329,330,immature,868,868,1.0,1.947325847821066,0.8214797031767,0.8214797031767003
329,330,immature_nonfinal,868,868,1.0,1.947325847821066,0.8214797031767,0.8214797031767003
329,330,marginalized,1168,1168,1.0,0.5060983809914495,0.4384423744466003,0.43844237444660017
329,330,marginalized_final,579,579,1.0,0.5052271032278637,0.43786877638162586,0.43786877638162575
329,330,marginalized_nonfinal,589,589,1.0,0.5069534067588863,0.43900623400453026,0.4390062340045301
329,330,outlier,337,337,1.0,0.6653541730517905,0.5267127146188093,0.5267127146188092
329,330,outlier_final,137,137,1.0,0.6584102627031938,0.5188651710673711,0.5188651710673712
329,330,outlier_nonfinal,200,200,1.0,0.670069224162059,0.532088281951544,0.532088281951544
333,334,active,1521,1521,1.0,0.1808552100580333,0.13143496978786484,0.1314349697878648
333,334,active_nonfinal,1521,1521,1.0,0.1808552100580333,0.13143496978786484,0.1314349697878648
333,334,all,4031,4031,1.0,0.5414013840102211,0.17273663777069725,0.1727366377706972
333,334,all_final,801,801,1.0,0.18540077845931718,0.12851714427244937,0.12851714427244937
333,334,all_nonfinal,3230,3230,1.0,0.5977292638323571,0.18370252454843616,0.1837025245484361
333,334,immature,831,831,1.0,1.1347347140075166,0.3306900610837176,0.3306900610837175
333,334,immature_nonfinal,831,831,1.0,1.1347347140075166,0.3306900610837176,0.3306900610837175
333,334,marginalized,1387,1387,1.0,0.17356887598312024,0.12178459725003565,0.12178459725003565
333,334,marginalized_final,689,689,1.0,0.1738029587681557,0.12172395439835346,0.12172395439835347
333,334,marginalized_nonfinal,698,698,1.0,0.17333750142952306,0.1218444581738308,0.12184445817383083
333,334,outlier,292,292,1.0,0.26170567925972804,0.1803771255478369,0.18037712554783691
333,334,outlier_final,112,112,1.0,0.24495237494395372,0.17030739269434275,0.17030739269434272
333,334,outlier_nonfinal,180,180,1.0,0.27160892306185586,0.18664273710112217,0.18664273710112225
339,340,active,960,960,1.0,0.2368619784365035,0.2118389840110975,0.21183898401109752
339,340,active_nonfinal,960,960,1.0,0.2368619784365035,0.2118389840110975,0.21183898401109752
339,340,all,3209,3209,1.0,0.27024352305645055,0.21612752025276427,0.21612752025276427
339,340,all_final,523,523,1.0,0.2496460816252752,0.22179461683230153,0.22179461683230153
339,340,all_nonfinal,2686,2686,1.0,0.2740741306999186,0.21502406101557225,0.21502406101557225
339,340,immature,1116,1116,1.0,0.30563187816750165,0.20585614477231493,0.2058561447723149
339,340,immature_nonfinal,1116,1116,1.0,0.30563187816750165,0.20585614477231493,0.2058561447723149
339,340,marginalized,736,736,1.0,0.2215867336091837,0.19905308444534922,0.19905308444534914
339,340,marginalized_final,366,366,1.0,0.22041284507640313,0.19811631849884073,0.19811631849884065
339,340,marginalized_nonfinal,370,370,1.0,0.22274184490181273,0.19997972319243562,0.19997972319243557
339,340,outlier,397,397,1.0,0.31787322572245696,0.28702584413800025,0.2870258441380004
339,340,outlier_final,157,157,1.0,0.3071760517483073,0.2769937072147645,0.2769937072147645
339,340,outlier_nonfinal,240,240,1.0,0.32468032988272283,0.29358853370861715,0.29358853370861726
347,348,active,1621,1621,1.0,0.22249266329319586,0.1730184789838583,0.17301847898385825
347,348,active_nonfinal,1621,1621,1.0,0.22249266329319586,0.1730184789838583,0.17301847898385825
347,348,all,4233,4233,1.0,0.8124718663786586,0.23746095426060393,0.23746095426060396
347,348,all_final,848,848,1.0,0.23143142353112708,0.17909920637229748,0.17909920637229748
347,348,all_nonfinal,3385,3385,1.0,0.9011446162651213,0.25208156348048094,0.25208156348048094
347,348,immature,841,841,1.0,1.7631366039140481,0.47543234984521937,0.47543234984521937
347,348,immature_nonfinal,841,841,1.0,1.7631366039140481,0.47543234984521937,0.47543234984521937
347,348,marginalized,1346,1346,1.0,0.2048943114898351,0.1592899902677832,0.15928999026778326
347,348,marginalized_final,668,668,1.0,0.20170377606953896,0.15729908958285974,0.1572990895828598
347,348,marginalized_nonfinal,678,678,1.0,0.20798992949217326,0.16125152663581974,0.16125152663581985
347,348,outlier,425,425,1.0,0.31852965457808563,0.25992078078126374,0.2599207807812638
347,348,outlier_final,180,180,1.0,0.31834746171864964,0.2600018620131008,0.2600018620131009
347,348,outlier_nonfinal,245,245,1.0,0.31866344417760295,0.25986121089664876,0.2598612108966488
352,353,active,1757,1757,1.0,0.26740849218393525,0.217682231033544,0.21768223103354406
352,353,active_nonfinal,1757,1757,1.0,0.26740849218393525,0.217682231033544,0.21768223103354406
352,353,all,4420,4420,1.0,1.3369422721157893,0.3308558740773656,0.3308558740773655
352,353,all_final,915,915,1.0,0.2725612482759845,0.21949398648653365,0.2194939864865336
352,353,all_nonfinal,3505,3505,1.0,1.4948697517278697,0.35992752233574193,0.3599275223357418
352,353,immature,763,763,1.0,3.1611888651181754,0.8563492546742792,0.8563492546742791
352,353,immature_nonfinal,763,763,1.0,3.1611888651181754,0.8563492546742792,0.8563492546742791
352,353,marginalized,1512,1512,1.0,0.2467000019688902,0.20115495555650337,0.20115495555650337
352,353,marginalized_final,753,753,1.0,0.24533981528660373,0.20020701963354656,0.2002070196335465
352,353,marginalized_nonfinal,759,759,1.0,0.24804206566158843,0.20209539791485154,0.2020953979148516
352,353,outlier,388,388,1.0,0.3865187335701497,0.31539822004666335,0.3153982200466634
352,353,outlier_final,162,162,1.0,0.373924148642589,0.30914266574764226,0.3091426657476423
352,353,outlier_nonfinal,226,226,1.0,0.3952998761749652,0.3198822899424215,0.31988228994242157
356,357,active,1827,1827,1.0,0.6491150489601635,0.5269296413643731,0.5269296413643733
356,357,active_nonfinal,1827,1827,1.0,0.6491150489601635,0.5269296413643731,0.5269296413643733
356,357,all,4524,4524,1.0,1.4773739150444554,0.6449177130135425,0.6449177130135425
356,357,all_final,949,949,1.0,0.6575744551448048,0.5312956582973992,0.5312956582973992
356,357,all_nonfinal,3575,3575,1.0,1.6270341320136732,0.6750792039018294,0.6750792039018294
356,357,immature,729,729,1.0,3.355561359684893,1.2133882986711797,1.21338829867118
356,357,immature_nonfinal,729,729,1.0,3.355561359684893,1.2133882986711797,1.21338829867118
356,357,marginalized,1599,1599,1.0,0.5919398525303616,0.4832056303167239,0.48320563031672376
356,357,marginalized_final,792,792,1.0,0.5858183206131292,0.4792457827271722,0.4792457827271722
356,357,marginalized_nonfinal,807,807,1.0,0.5978866650632533,0.48709187479122656,0.48709187479122645
356,357,outlier,369,369,1.0,0.9538983499896229,0.806778878842364,0.806778878842364
356,357,outlier_final,157,157,1.0,0.9394080420866381,0.7938657312376526,0.7938657312376526
356,357,outlier_nonfinal,212,212,1.0,0.9644890821744629,0.8163419173986833,0.8163419173986836
359,360,active,1710,1710,1.0,0.33167039425974637,0.25349661722306566,0.25349661722306566
359,360,active_nonfinal,1710,1710,1.0,0.33167039425974637,0.25349661722306566,0.25349661722306566
359,360,all,4403,4403,1.0,1.3310575852837612,0.3715170966446832,0.37151709664468324
359,360,all_final,885,885,1.0,0.3372593689658194,0.26123352422800467,0.2612335242280046
359,360,all_nonfinal,3518,3518,1.0,1.4794590059259687,0.3992604057944171,0.3992604057944172
359,360,immature,863,863,1.0,2.9273246985916694,0.8254576583116845,0.8254576583116843
359,360,immature_nonfinal,863,863,1.0,2.9273246985916694,0.8254576583116845,0.8254576583116843
359,360,marginalized,1427,1427,1.0,0.3062727613679924,0.23021580641178374,0.23021580641178355
359,360,marginalized_final,709,709,1.0,0.30319051219473814,0.228462060001196,0.2284620600011959
359,360,marginalized_nonfinal,718,718,1.0,0.3092862349800869,0.23194756992864513,0.23194756992864496
359,360,outlier,403,403,1.0,0.4555878078589048,0.40055247196651567,0.40055247196651567
359,360,outlier_final,176,176,1.0,0.4490449111395191,0.3932503886416828,0.393250388641683
359,360,outlier_nonfinal,227,227,1.0,0.4605967521137668,0.4062139991258571,0.40621399912585693
362,363,active,1653,1653,1.0,0.2762813078597298,0.22184018484702683,0.22184018484702686
362,363,active_nonfinal,1653,1653,1.0,0.2762813078597298,0.22184018484702683,0.22184018484702686
362,363,all,4350,4350,1.0,1.5621493843550414,0.40605857353240377,0.40605857353240354
362,363,all_final,851,851,1.0,0.29478673106787096,0.23660629916588666,0.2366062991658864
362,363,all_nonfinal,3499,3499,1.0,1.7357100643949583,0.44727145878130475,0.4472714587813045
362,363,immature,947,947,1.0,3.3030225189631177,1.0354860812646172,1.035486081264617
362,363,immature_nonfinal,947,947,1.0,3.3030225189631177,1.0354860812646172,1.035486081264617
362,363,marginalized,1366,1366,1.0,0.27482435883911666,0.22255546297075052,0.22255546297075043
362,363,marginalized_final,679,679,1.0,0.27129149817575154,0.22108488958792527,0.22108488958792524
362,363,marginalized_nonfinal,687,687,1.0,0.2782720116506895,0.22400891177269877,0.2240089117726987
362,363,outlier,384,384,1.0,0.3759500762704551,0.29957522900567995,0.29957522900567995
362,363,outlier_final,172,172,1.0,0.37336823457455776,0.2978797706974902,0.2978797706974902
362,363,outlier_nonfinal,212,212,1.0,0.3780318217124704,0.30095078951987186,0.3009507895198719
365,366,active,1600,1600,1.0,0.42624874470841634,0.3634055721559579,0.3634055721559579
365,366,active_nonfinal,1600,1600,1.0,0.42624874470841634,0.3634055721559579,0.3634055721559579
365,366,all,4286,4286,1.0,1.8989633405988837,0.6073455677008175,0.6073455677008176
365,366,all_final,833,833,1.0,0.45194068476000554,0.3776473840816986,0.3776473840816987
365,366,all_nonfinal,3453,3453,1.0,2.1039755353356324,0.6627578431003918,0.6627578431003919
365,366,immature,954,954,1.0,3.9384488234370862,1.4209006029391817,1.4209006029391817
365,366,immature_nonfinal,954,954,1.0,3.9384488234370862,1.4209006029391817,1.4209006029391817
365,366,marginalized,1305,1305,1.0,0.4155509980645055,0.35311830634117375,0.35311830634117375
365,366,marginalized_final,647,647,1.0,0.41167041989619885,0.35102637729263414,0.35102637729263414
365,366,marginalized_nonfinal,658,658,1.0,0.41933168867314474,0.3551752639314563,0.3551752639314563
365,366,outlier,427,427,1.0,0.5760103118887552,0.48073916331842037,0.48073916331842026
365,366,outlier_final,186,186,1.0,0.5702849634758997,0.4702484130737663,0.4702484130737663
365,366,outlier_nonfinal,241,241,1.0,0.5803904314210907,0.4888357589429249,0.4888357589429249
368,369,active,1251,1251,1.0,0.12101134247138474,0.09480277710010523,0.09480277710010533
368,369,active_nonfinal,1251,1251,1.0,0.12101134247138474,0.09480277710010523,0.09480277710010533
368,369,all,3833,3833,1.0,1.6040384993928876,0.29616474792048725,0.2961647479204869
368,369,all_final,635,635,1.0,0.11862173838413467,0.09331482975826001,0.09331482975826003
368,369,all_nonfinal,3198,3198,1.0,1.7552870169705328,0.33644295243362515,0.33644295243362493
368,369,immature,1293,1293,1.0,2.756602739889309,0.6925500497969398,0.6925500497969393
368,369,immature_nonfinal,1293,1293,1.0,2.756602739889309,0.6925500497969398,0.6925500497969393
368,369,marginalized,1138,1138,1.0,0.1084730773051391,0.08869209930202904,0.08869209930202912
368,369,marginalized_final,567,567,1.0,0.10798089795716045,0.08833135220374737,0.08833135220374738
368,369,marginalized_nonfinal,571,571,1.0,0.10895960892688422,0.08905031927527891,0.08905031927527894
368,369,outlier,151,151,1.0,0.182756305147673,0.133790604197646,0.133790604197646
368,369,outlier_final,68,68,1.0,0.18486920803750495,0.13486823819074037,0.13486823819074037
368,369,outlier_nonfinal,83,83,1.0,0.18100687234132504,0.1329077233358338,0.13290772333583378
372,373,active,1703,1703,1.0,1.4386366824682733,1.2975735192596665,1.2975735192596665
372,373,active_nonfinal,1703,1703,1.0,1.4386366824682733,1.2975735192596665,1.2975735192596665
372,373,all,4453,4453,1.0,1.7015673734257346,1.3571082848128067,1.357108284812807
372,373,all_final,863,863,1.0,1.4435697889066688,1.3014047427596445,1.3014047427596445
372,373,all_nonfinal,3590,3590,1.0,1.7579513742563402,1.3704988577353392,1.3704988577353394
372,373,immature,1003,1003,1.0,2.3794582100333312,1.5442244766497448,1.5442244766497444
372,373,immature_nonfinal,1003,1003,1.0,2.3794582100333312,1.5442244766497448,1.5442244766497444
372,373,marginalized,1635,1635,1.0,1.4353045058512017,1.2976955994984767,1.297695599498477
372,373,marginalized_final,817,817,1.0,1.4345574178686913,1.2970462708250925,1.2970462708250925
372,373,marginalized_nonfinal,818,818,1.0,1.4360502925721061,1.2983441343715298,1.2983441343715303
372,373,outlier,112,112,1.0,1.6934357525796961,1.4539824438618607,1.4539824438618607
372,373,outlier_final,46,46,1.0,1.5951766346980638,1.3788149942928691,1.3788149942928696
372,373,outlier_nonfinal,66,66,1.0,1.7586758525134272,1.5063718784099467,1.5063718784099467
374,375,active,7460,7460,1.0,0.5023188528601343,0.43711365755797404,0.43711365755797393
374,375,active_nonfinal,7460,7460,1.0,0.5023188528601343,0.43711365755797404,0.43711365755797393
374,375,all,22658,22658,1.0,0.7731942442404044,0.47301897049441227,0.47301897049441244
374,375,all_final,924,924,1.0,0.5232566072203455,0.4480857994551963,0.44808579945519633
374,375,all_nonfinal,21734,21734,1.0,0.7820519424664532,0.47407898015854305,0.4740789801585432
374,375,immature,4179,4179,1.0,1.4272367319031882,0.5858339926057776,0.5858339926057778
374,375,immature_nonfinal,4179,4179,1.0,1.4272367319031882,0.5858339926057776,0.5858339926057778
374,375,marginalized,9622,9622,1.0,0.5249922324819987,0.4565444005468222,0.4565444005468222
374,375,marginalized_final,841,841,1.0,0.5152626407269423,0.449245589986308,0.4492455899863081
374,375,marginalized_nonfinal,8781,8781,1.0,0.525914638577245,0.45724344389967314,0.45724344389967314
374,375,outlier,1397,1397,1.0,0.5974477724831243,0.44074836858904154,0.44074836858904154
374,375,outlier_final,83,83,1.0,0.5982613207741687,0.43633418696525483,0.4363341869652549
374,375,outlier_nonfinal,1314,1314,1.0,0.5973963467672665,0.4410271943689308,0.4410271943689308
376,377,active,1766,1766,1.0,0.3324114666885814,0.26819985468937313,0.2681998546893733
376,377,active_nonfinal,1766,1766,1.0,0.3324114666885814,0.26819985468937313,0.2681998546893733
376,377,all,4500,4500,1.0,1.0461888523956733,0.33482169296747805,0.3348216929674783
376,377,all_final,903,903,1.0,0.3027967637496659,0.2499986273568952,0.2499986273568954
376,377,all_nonfinal,3597,3597,1.0,1.1602856994789976,0.35611589042267966,0.35611589042268
376,377,immature,894,894,1.0,2.258314917970883,0.638376838155593,0.6383768381555929
376,377,immature_final,1,1,1.0,0.1891883770639442,0.1891883770639442,0.18918837706394412
376,377,immature_nonfinal,893,893,1.0,2.259570149095036,0.6388798487503206,0.6388798487503203
376,377,marginalized,1718,1718,1.0,0.2998566435358966,0.24816372408097775,0.2481637240809778
376,377,marginalized_final,859,859,1.0,0.29985664353589647,0.2481637240809775,0.2481637240809777
376,377,marginalized_nonfinal,859,859,1.0,0.29985664353589647,0.2481637240809775,0.2481637240809777
376,377,outlier,122,122,1.0,0.36554081348892153,0.2951024892623677,0.29510248926236765
376,377,outlier_final,43,43,1.0,0.3583043331026077,0.2880682125733177,0.28806821257331783
376,377,outlier_nonfinal,79,79,1.0,0.36942008508075813,0.2989312727766608,0.2989312727766608
378,379,active,1916,1916,1.0,0.47889202402284226,0.3952249453984679,0.3952249453984678
378,379,active_nonfinal,1916,1916,1.0,0.47889202402284226,0.3952249453984679,0.3952249453984678
378,379,all,4636,4636,1.0,0.8087255699125954,0.43122080023013054,0.43122080023013054
378,379,all_final,968,968,1.0,0.46146770562301864,0.3815601328382427,0.3815601328382426
378,379,all_nonfinal,3668,3668,1.0,0.8777477167059211,0.44432645073049803,0.44432645073049803
378,379,immature,764,764,1.0,1.687407941088252,0.6462555932814722,0.6462555932814724
378,379,immature_nonfinal,764,764,1.0,1.687407941088252,0.6462555932814722,0.6462555932814724
378,379,marginalized,1922,1922,1.0,0.45566741117483883,0.37897361454608647,0.37897361454608625
378,379,marginalized_final,955,955,1.0,0.4552601239833034,0.3783409774220068,0.3783409774220067
378,379,marginalized_nonfinal,967,967,1.0,0.45606928714992795,0.3795984009509431,0.3795984009509429
378,379,outlier,34,34,1.0,0.7328979000318557,0.5812374723175878,0.5812374723175879
378,379,outlier_final,13,13,1.0,0.7943533789791728,0.618044242261727,0.618044242261727
378,379,outlier_nonfinal,21,21,1.0,0.6921248340668843,0.5584523290188352,0.5584523290188351
380,381,active,1083,1083,1.0,0.7744108504687637,0.38069779955378685,0.38069779955378685
380,381,active_nonfinal,1083,1083,1.0,0.7744108504687637,0.38069779955378685,0.38069779955378685
380,381,all,3905,3905,1.0,1.866505782086105,0.6844396044049155,0.6844396044049152
380,381,all_final,616,616,1.0,0.725564216037224,0.37582420693157736,0.37582420693157736
380,381,all_nonfinal,3289,3289,1.0,2.0094124077486546,0.7422404815236684,0.7422404815236681
380,381,immature,1623,1623,1.0,2.7542961251671128,1.1150505638902326,1.1150505638902324
380,381,immature_final,18,18,1.0,0.43852015227481234,0.3876618201924577,0.38766182019245776
380,381,immature_nonfinal,1605,1605,1.0,2.7693083606180435,1.1232081946606747,1.1232081946606747
380,381,marginalized,1180,1180,1.0,0.734656574266787,0.37395966350575144,0.3739596635057516
380,381,marginalized_final,589,589,1.0,0.7349520965125862,0.37371475188663916,0.3737147518866391
380,381,marginalized_nonfinal,591,591,1.0,0.7343619337750854,0.37420374632073816,0.37420374632073805
380,381,outlier,19,19,1.0,0.5494087494883372,0.49691948177996936,0.49691948177996964
380,381,outlier_final,9,9,1.0,0.5453546405280465,0.49020109390633226,0.4902010939063326
380,381,outlier_nonfinal,10,10,1.0,0.553032038019784,0.5029660308662428,0.502966030866243
381,382,active,868,868,1.0,1.0166892905749614,0.48207642311262366,0.48207642311262383
381,382,active_nonfinal,868,868,1.0,1.0166892905749614,0.48207642311262366,0.48207642311262383
381,382,all,3726,3726,1.0,2.265839593348947,0.9119309662205585,0.9119309662205585
381,382,all_final,532,532,1.0,0.9387693646051565,0.47599249724950893,0.4759924972495092
381,382,all_nonfinal,3194,3194,1.0,2.4171006241409567,0.9845418821543738,0.9845418821543737
381,382,immature,1792,1792,1.0,3.1063821087322725,1.378598962753436,1.3785989627534359
381,382,immature_final,3,3,1.0,0.4872293754338005,0.4493015114052093,0.44930151140520974
381,382,immature_nonfinal,1789,1789,1.0,3.1089215636576353,1.3801573151033772,1.380157315103377
381,382,marginalized,1050,1050,1.0,0.9427256466553554,0.47607877967992385,0.4760787796799243
381,382,marginalized_final,522,522,1.0,0.9438977823639211,0.47481672497346356,0.4748167249734639
381,382,marginalized_nonfinal,528,528,1.0,0.9415653962817878,0.4773264928556284,0.4773264928556287
381,382,outlier,16,16,1.0,0.6571203701421363,0.5675240598740732,0.5675240598740728
381,382,outlier_final,7,7,1.0,0.6612474910897566,0.5751105094821617,0.5751105094821611
381,382,outlier_nonfinal,9,9,1.0,0.6538923783675319,0.5616234879566712,0.5616234879566708
382,383,active,871,871,1.0,0.9121904505227112,0.4610127748434367,0.46101277484343645
382,383,active_nonfinal,871,871,1.0,0.9121904505227112,0.4610127748434367,0.46101277484343645
382,383,all,3649,3649,1.0,2.8170227339516893,1.072756945949109,1.0727569459491089
382,383,all_final,487,487,1.0,0.8927226576050541,0.4516202217160147,0.45162022171601457
382,383,all_nonfinal,3162,3162,1.0,3.005842416921489,1.1684222162531952,1.168422216253195
382,383,immature,1800,1800,1.0,3.9041693570392546,1.7032002698935236,1.7032002698935236
382,383,immature_nonfinal,1800,1800,1.0,3.9041693570392546,1.7032002698935236,1.7032002698935236
382,383,marginalized,945,945,1.0,0.7267256905072202,0.40430151130775577,0.4043015113077556
382,383,marginalized_final,472,472,1.0,0.7267643277858108,0.4039996201611666,0.4039996201611665
382,383,marginalized_nonfinal,473,473,1.0,0.7266871328664103,0.40460276420667657,0.4046027642066764
382,383,outlier,33,33,1.0,2.998297411434049,1.9734107541060282,1.9734107541060282
382,383,outlier_final,15,15,1.0,3.0420661600683054,1.9500818173085654,1.9500818173085654
382,383,outlier_nonfinal,18,18,1.0,2.9613293307333484,1.9928515347705806,1.9928515347705806
383,384,active,812,812,1.0,1.5362124619618973,0.5859374667077071,0.5859374667077066
383,384,active_nonfinal,812,812,1.0,1.5362124619618973,0.5859374667077071,0.5859374667077066
383,384,all,3541,3541,1.0,3.3071502405524056,1.3660705027198052,1.3660705027198048
383,384,all_final,433,433,1.0,1.4828804764306434,0.5660158859687472,0.5660158859687471
383,384,all_nonfinal,3108,3108,1.0,3.486351297428839,1.4775324232645966,1.4775324232645966
383,384,immature,1854,1854,1.0,4.338862664845335,2.084766441519327,2.0847664415193274
383,384,immature_nonfinal,1854,1854,1.0,4.338862664845335,2.084766441519327,2.0847664415193274
383,384,marginalized,831,831,1.0,1.5017184911882806,0.5650501776275244,0.5650501776275243
383,384,marginalized_final,413,413,1.0,1.5050289997918866,0.5639756309435938,0.5639756309435937
383,384,marginalized_nonfinal,418,418,1.0,1.4984403987784012,0.5661118708822213,0.5661118708822211
383,384,outlier,44,44,1.0,0.8989823384115339,0.6081987949742967,0.608198794974297
383,384,outlier_final,20,20,1.0,0.9123394608522961,0.6081471522381622,0.6081471522381623
383,384,outlier_nonfinal,24,24,1.0,0.8876978871772078,0.6082418305877423,0.6082418305877425
384,385,active,863,863,1.0,1.558524709566698,0.46205566593309366,0.46205566593309366
384,385,active_nonfinal,863,863,1.0,1.558524709566698,0.46205566593309366,0.46205566593309366
384,385,all,3504,3504,1.0,3.452131330996383,1.3438820258031479,1.3438820258031479
384,385,all_final,439,439,1.0,1.552035974362719,0.4642961435884515,0.4642961435884513
384,385,all_nonfinal,3065,3065,1.0,3.6440497123540747,1.4698651260616302,1.4698651260616302
384,385,immature,1751,1751,1.0,4.62954611579496,2.223861905230656,2.223861905230657
384,385,immature_nonfinal,1751,1751,1.0,4.62954611579496,2.223861905230656,2.223861905230657
384,385,marginalized,841,841,1.0,1.30998055559532,0.39825234178347324,0.39825234178347335
384,385,marginalized_final,417,417,1.0,1.3091465319635274,0.3955915804222942,0.3955915804222941
384,385,marginalized_nonfinal,424,424,1.0,1.310800292373603,0.4008691754806695,0.40086917548066936
384,385,outlier,49,49,1.0,3.7520875681456625,1.659105371738202,1.6591053717382014
384,385,outlier_final,22,22,1.0,3.9473150913679182,1.7665599090560689,1.7665599090560682
384,385,outlier_nonfinal,27,27,1.0,3.5851616697919613,1.5715498228125335,1.5715498228125329
385,386,active,805,805,1.0,1.9915482395047455,0.582963390174586,0.5829633901745861
385,386,active_nonfinal,805,805,1.0,1.9915482395047455,0.582963390174586,0.5829633901745861
385,386,all,3458,3458,1.0,4.50731297953273,1.8410442856134408,1.841044285613441
385,386,all_final,407,407,1.0,1.9589777640304666,0.5634983942398737,0.5634983942398737
385,386,all_nonfinal,3051,3051,1.0,4.744897681308449,2.011467483839932,2.0114674838399322
385,386,immature,1833,1833,1.0,5.905916185927595,2.9659990456934935,2.9659990456934935
385,386,immature_nonfinal,1833,1833,1.0,5.905916185927595,2.9659990456934935,2.9659990456934935
385,386,marginalized,780,780,1.0,1.9951833957450347,0.5660294949854561,0.5660294949854562
385,386,marginalized_final,388,388,1.0,2.000226272077599,0.5678342344620366,0.5678342344620366
385,386,marginalized_nonfinal,392,392,1.0,1.990179394246159,0.5642431712178185,0.5642431712178183
385,386,outlier,40,40,1.0,0.7015812117594258,0.4716588428969624,0.4716588428969627
385,386,outlier_final,19,19,1.0,0.7089471443595509,0.4749559728609687,0.4749559728609692
385,386,outlier_nonfinal,21,21,1.0,0.6948495161282626,0.46867572531048035,0.4686757253104806
386,387,active,725,725,1.0,1.29284974433774,0.4183509652779659,0.4183509652779663
386,387,active_nonfinal,725,725,1.0,1.29284974433774,0.4183509652779659,0.4183509652779663
386,387,all,3327,3327,1.0,4.837243273989093,1.9476502232318902,1.9476502232318897
386,387,all_final,365,365,1.0,1.2774209051351124,0.3935962912289077,0.3935962912289075
386,387,all_nonfinal,2962,2962,1.0,5.106978669473724,2.139152480214028,2.139152480214028
386,387,immature,1869,1869,1.0,6.353461229910333,3.1506157702690003,3.150615770269001
386,387,immature_nonfinal,1869,1869,1.0,6.353461229910333,3.1506157702690003,3.150615770269001
386,387,marginalized,697,697,1.0,1.1067830516090391,0.3366471374691197,0.3366471374691194
386,387,marginalized_final,347,347,1.0,1.109005337681058,0.3370913244666562,0.3370913244666561
386,387,marginalized_nonfinal,350,350,1.0,1.104575400033311,0.3362067577887057,0.3362067577887056
386,387,outlier,36,36,1.0,3.0626396249808825,1.4828864838123108,1.4828864838123104
386,387,outlier_final,18,18,1.0,3.0626396249808825,1.4828864838123106,1.48288648381231
386,387,outlier_nonfinal,18,18,1.0,3.0626396249808825,1.4828864838123106,1.48288648381231
387,388,active,664,664,1.0,2.5001360629505807,0.6453066439141247,0.645306643914125
387,388,active_nonfinal,664,664,1.0,2.5001360629505807,0.6453066439141247,0.645306643914125
387,388,all,3256,3256,1.0,5.744472215213351,2.4783046252748533,2.478304625274852
387,388,all_final,334,334,1.0,2.4957049456188956,0.6227425311212986,0.6227425311212986
387,388,all_nonfinal,2922,2922,1.0,6.004911396689075,2.6904051521219756,2.6904051521219747
387,388,immature,1921,1921,1.0,7.182752797146138,3.757010675824312,3.7570106758243114
387,388,immature_nonfinal,1921,1921,1.0,7.182752797146138,3.757010675824312,3.7570106758243114
387,388,marginalized,642,642,1.0,2.54798144413171,0.6351768149468318,0.6351768149468315
387,388,marginalized_final,320,320,1.0,2.5442841778114547,0.6261096777443511,0.6261096777443511
387,388,marginalized_nonfinal,322,322,1.0,2.55165043864916,0.6441876345269371,0.6441876345269368
387,388,outlier,29,29,1.0,0.7890305835500945,0.5474215476407298,0.5474215476407295
387,388,outlier_final,14,14,1.0,0.7951274766701377,0.5457791797372414,0.545779179737241
387,388,outlier_nonfinal,15,15,1.0,0.7832973353443416,0.5489544243506523,0.548954424350652
388,389,active,651,651,1.0,4.481191321818911,1.4274802034211678,1.427480203421168
388,389,active_nonfinal,651,651,1.0,4.481191321818911,1.4274802034211678,1.427480203421168
388,389,all,3255,3255,1.0,7.085204298298137,3.4964653814080147,3.4964653814080155
388,389,all_final,329,329,1.0,4.469810338317576,1.4209710666263602,1.42097106662636
388,389,all_nonfinal,2926,2926,1.0,7.3210767971665724,3.7298343593858547,3.729834359385856
388,389,immature,1940,1940,1.0,8.40907033273983,4.905163848589579,4.905163848589579
388,389,immature_nonfinal,1940,1940,1.0,8.40907033273983,4.905163848589579,4.905163848589579
388,389,marginalized,609,609,1.0,3.988264498574395,1.2021809654263946,1.2021809654263946
388,389,marginalized_final,304,304,1.0,3.9915429622901804,1.2041459171128919,1.2041459171128914
388,389,marginalized_nonfinal,305,305,1.0,3.984994099971735,1.2002224562044421,1.2002224562044417
388,389,outlier,55,55,1.0,7.930976984753349,3.7010750881352323,3.7010750881352323
388,389,outlier_final,25,25,1.0,8.317942151020002,4.0575648847101355,4.0575648847101355
388,389,outlier_nonfinal,30,30,1.0,7.593457130110811,3.4040002576561466,3.4040002576561466
389,390,active,543,543,1.0,4.839592284390917,1.629964312721699,1.6299643127216983
389,390,active_nonfinal,543,543,1.0,4.839592284390917,1.629964312721699,1.6299643127216983
389,390,all,3154,3154,1.0,8.15130925154249,4.2497235325191705,4.249723532519172
389,390,all_final,272,272,1.0,4.829126023844044,1.6150869317944745,1.6150869317944747
389,390,all_nonfinal,2882,2882,1.0,8.397248373550095,4.498377646119834,4.498377646119835
389,390,immature,2067,2067,1.0,9.439020602001893,5.631325645312708,5.631325645312709
389,390,immature_nonfinal,2067,2067,1.0,9.439020602001893,5.631325645312708,5.631325645312709
389,390,marginalized,510,510,1.0,4.535279034861547,1.3724156886503711,1.3724156886503716
389,390,marginalized_final,255,255,1.0,4.535279034861547,1.3724156886503704,1.3724156886503707
389,390,marginalized_nonfinal,255,255,1.0,4.535279034861547,1.3724156886503704,1.3724156886503707
389,390,outlier,34,34,1.0,8.037163156603466,5.255155578956036,5.255155578956037
389,390,outlier_final,17,17,1.0,8.037163156603466,5.255155578956036,5.255155578956037
389,390,outlier_nonfinal,17,17,1.0,8.037163156603466,5.255155578956036,5.255155578956037
390,391,active,511,511,1.0,4.846132215266832,1.7539709159319432,1.7539709159319445
390,391,active_nonfinal,511,511,1.0,4.846132215266832,1.7539709159319432,1.7539709159319445
390,391,all,3079,3079,1.0,9.247798945512743,5.191314612685099,5.191314612685099
390,391,all_final,258,258,1.0,4.926663262766848,1.764063669073741,1.764063669073741
390,391,all_nonfinal,2821,2821,1.0,9.545863066248545,5.504760462898404,5.504760462898404
390,391,immature,2048,2048,1.0,10.785866848866556,6.9074547050661534,6.907454705066153
390,391,immature_nonfinal,2048,2048,1.0,10.785866848866556,6.9074547050661534,6.907454705066153
390,391,marginalized,478,478,1.0,4.474214513058499,1.4496836490706801,1.4496836490706801
390,391,marginalized_final,239,239,1.0,4.474214513058499,1.4496836490706801,1.4496836490706801
390,391,marginalized_nonfinal,239,239,1.0,4.474214513058499,1.4496836490706801,1.4496836490706801
390,391,outlier,42,42,1.0,9.126010710781705,5.913393671070328,5.91339367107033
390,391,outlier_final,19,19,1.0,8.81904185866661,5.7186333943754075,5.7186333943754075
390,391,outlier_nonfinal,23,23,1.0,9.372013184326438,6.074282595296567,6.074282595296568
391,392,active,413,413,1.0,5.705545842934307,2.227131665640629,2.2271316656406284
391,392,active_nonfinal,413,413,1.0,5.705545842934307,2.227131665640629,2.2271316656406284
391,392,all,3021,3021,1.0,9.59303535203572,5.669068904042844,5.669068904042845
391,392,all_final,208,208,1.0,5.647757346912911,2.174646409092468,2.174646409092467
391,392,all_nonfinal,2813,2813,1.0,9.82203759884529,5.927454925709989,5.9274549257099896
391,392,immature,2190,2190,1.0,10.711926879182329,6.985996240375717,6.9859962403757185
391,392,immature_nonfinal,2190,2190,1.0,10.711926879182329,6.985996240375717,6.9859962403757185
391,392,marginalized,382,382,1.0,4.862433716688751,1.7631897072900695,1.7631897072900697
391,392,marginalized_final,191,191,1.0,4.862433716688751,1.7631897072900702,1.7631897072900695
391,392,marginalized_nonfinal,191,191,1.0,4.862433716688751,1.7631897072900702,1.7631897072900695
391,392,outlier,36,36,1.0,10.856306961699914,6.488376294339328,6.488376294339328
391,392,outlier_final,17,17,1.0,11.163878040419231,6.797483470519399,6.797483470519398
391,392,outlier_nonfinal,19,19,1.0,10.573530733209807,6.211806715651895,6.211806715651895
392,393,active,397,397,1.0,5.897040913320199,2.426788598950484,2.426788598950484
392,393,active_nonfinal,397,397,1.0,5.897040913320199,2.426788598950484,2.426788598950484
392,393,all,2951,2951,1.0,9.421001574875186,5.67177113747364,5.67177113747364
392,393,all_final,198,198,1.0,5.86195332017441,2.417260277390149,2.417260277390149
392,393,all_nonfinal,2753,2753,1.0,9.626384718489565,5.905840570926794,5.905840570926795
392,393,immature,2158,2158,1.0,10.424350007748846,6.865952957856744,6.865952957856745
392,393,immature_nonfinal,2158,2158,1.0,10.424350007748846,6.865952957856744,6.865952957856745
392,393,marginalized,368,368,1.0,5.259361877759058,2.057482621611528,2.0574826216115283
392,393,marginalized_final,184,184,1.0,5.259361877759056,2.0574826216115283,2.0574826216115283
392,393,marginalized_nonfinal,184,184,1.0,5.259361877759056,2.0574826216115283,2.0574826216115283
392,393,outlier,28,28,1.0,11.065296709144011,7.1457666104805915,7.1457666104805915
392,393,outlier_final,14,14,1.0,11.065296709144011,7.14576661048059,7.145766610480591
392,393,outlier_nonfinal,14,14,1.0,11.065296709144011,7.14576661048059,7.145766610480591
393,394,active,1094,1094,1.0,6.89458836520158,2.8330690861045955,2.8330690861045946
393,394,active_nonfinal,1094,1094,1.0,6.89458836520158,2.8330690861045955,2.8330690861045946
393,394,all,8957,8957,1.0,10.119972743074916,5.894694592788811,5.89469459278881
393,394,all_final,198,198,1.0,7.094892099100327,2.943500464488701,2.943500464488701
393,394,all_nonfinal,8759,8759,1.0,10.177968902946324,5.961407281155457,5.961407281155457
393,394,immature,5790,5790,1.0,11.431554925023963,7.510978785362164,7.510978785362166
393,394,immature_nonfinal,5790,5790,1.0,11.431554925023963,7.510978785362164,7.510978785362166
393,394,marginalized,1603,1603,1.0,7.132582272145004,2.6890590337350537,2.6890590337350537
393,394,marginalized_final,160,160,1.0,7.037531100653061,2.7354182616691958,2.7354182616691967
393,394,marginalized_nonfinal,1443,1443,1.0,7.143043659688735,2.683918717401399,2.683918717401399
393,394,outlier,470,470,1.0,7.597141816912164,4.043134232099607,4.043134232099608
393,394,outlier_final,38,38,1.0,7.331490752683606,3.819636055307671,3.8196360553076696
393,394,outlier_nonfinal,432,432,1.0,7.620066136978987,4.062793793947046,4.062793793947047
394,395,active,384,384,1.0,6.213192874263526,2.869549703124473,2.869549703124472
394,395,active_nonfinal,384,384,1.0,6.213192874263526,2.869549703124473,2.869549703124472
394,395,all,2983,2983,1.0,10.891111185753376,6.999483800349607,6.999483800349608
394,395,all_final,194,194,1.0,6.251533047923304,2.8193121917594186,2.8193121917594177
394,395,all_nonfinal,2789,2789,1.0,11.142201364620245,7.290252280832395,7.290252280832396
394,395,immature,2207,2207,1.0,12.104384820034996,8.45094600198301,8.45094600198301
394,395,immature_nonfinal,2207,2207,1.0,12.104384820034996,8.45094600198301,8.45094600198301
394,395,marginalized,360,360,1.0,5.593661064126067,2.296900689687858,2.296900689687858
394,395,marginalized_final,179,179,1.0,5.502734768625357,2.249308530887482,2.2493085308874816
394,395,marginalized_nonfinal,181,181,1.0,5.682151846086006,2.3439669682804998,2.3439669682804993
394,395,outlier,32,32,1.0,11.703934287989613,9.357219243092064,9.357219243092063
394,395,outlier_final,15,15,1.0,12.004740727459058,9.621355878164517,9.621355878164517
394,395,outlier_nonfinal,17,17,1.0,11.431945671360152,9.124157506263426,9.124157506263426
395,396,active,389,389,1.0,7.486415126360065,3.602219439331982,3.6022194393319813
395,396,active_nonfinal,389,389,1.0,7.486415126360065,3.602219439331982,3.6022194393319813
395,396,all,2967,2967,1.0,10.770693762565562,6.857635743724511,6.857635743724511
395,396,all_final,195,195,1.0,7.453529432978549,3.6099499809949758,3.609949980994975
395,396,all_nonfinal,2772,2772,1.0,10.96633357874044,7.086098486773664,7.086098486773664
395,396,immature,2187,2187,1.0,11.726111773452232,8.017475192227536,8.01747519222754
395,396,immature_nonfinal,2187,2187,1.0,11.726111773452232,8.017475192227536,8.01747519222754
395,396,marginalized,371,371,1.0,7.304807395593689,3.4327773874735885,3.432777387473589
395,396,marginalized_final,185,185,1.0,7.312728680639452,3.433289889221342,3.433289889221341
395,396,marginalized_nonfinal,186,186,1.0,7.296920168255975,3.4322676411115753,3.432267641111574
395,396,outlier,20,20,1.0,9.696311446289538,6.878161678807207,6.8781616788072055
395,396,outlier_final,10,10,1.0,9.696311446289538,6.878161678807207,6.8781616788072055
395,396,outlier_nonfinal,10,10,1.0,9.696311446289538,6.878161678807207,6.8781616788072055
396,397,active,1171,1171,1.0,6.05075528611947,2.576896050622123,2.5768960506221235
396,397,active_nonfinal,1171,1171,1.0,6.05075528611947,2.576896050622123,2.5768960506221235
396,397,all,10058,10058,1.0,9.714554104750606,5.531508344863302,5.531508344863304
396,397,all_final,212,212,1.0,6.585505572025562,2.840981805388445,2.840981805388446
396,397,all_nonfinal,9846,9846,1.0,9.770913547427396,5.589439649593004,5.589439649593006
396,397,immature,6246,6246,1.0,11.2056597908014,7.170929819498056,7.170929819498059
396,397,immature_nonfinal,6246,6246,1.0,11.2056597908014,7.170929819498056,7.170929819498059
396,397,marginalized,2325,2325,1.0,7.08210591528759,2.9797028055671584,2.9797028055671584
396,397,marginalized_final,191,191,1.0,6.79133012202417,2.832015691828817,2.832015691828817
396,397,marginalized_nonfinal,2134,2134,1.0,7.1075513182461485,2.992921286693691,2.992921286693691
396,397,outlier,316,316,1.0,4.142809954314537,2.851041081734249,2.851041081734248
396,397,outlier_final,21,21,1.0,4.281020403953316,2.922530743002208,2.9225307430022074
396,397,outlier_nonfinal,295,295,1.0,4.132795021991779,2.845951987203309,2.8459519872033083
397,398,active,439,439,1.0,7.894435823799234,3.816999902579738,3.816999902579739
397,398,active_nonfinal,439,439,1.0,7.894435823799234,3.816999902579738,3.816999902579739
397,398,all,2937,2937,1.0,11.077474846099726,6.812618025461956,6.812618025461956
397,398,all_final,225,225,1.0,7.822293759737934,3.7499594769911204,3.7499594769911204
397,398,all_nonfinal,2712,2712,1.0,11.305512427226002,7.066710272293053,7.066710272293053
397,398,immature,2039,2039,1.0,12.230807948511465,8.138353543563763,8.138353543563763
397,398,immature_nonfinal,2039,2039,1.0,12.230807948511465,8.138353543563763,8.138353543563763
397,398,marginalized,424,424,1.0,7.665319546414103,3.5289994573652574,3.5289994573652574
397,398,marginalized_final,211,211,1.0,7.637893578810237,3.5005717598059944,3.5005717598059944
397,398,marginalized_nonfinal,213,213,1.0,7.692391583897271,3.5571602281868766,3.5571602281868766
397,398,outlier,35,35,1.0,9.424464796524315,6.931358237138543,6.931358237138543
397,398,outlier_final,14,14,1.0,10.205627504114068,7.508588643138375,7.508588643138375
397,398,outlier_nonfinal,21,21,1.0,8.865532847290709,6.546537966471986,6.546537966471986
398,399,active,510,510,1.0,7.786176779919391,3.38113735084485,3.3811373508448495
398,399,active_nonfinal,510,510,1.0,7.786176779919391,3.38113735084485,3.3811373508448495
398,399,all,3018,3018,1.0,11.677662061772944,6.974757764254402,6.974757764254402
398,399,all_final,262,262,1.0,7.628291738466504,3.2418487546314037,3.2418487546314045
398,399,all_nonfinal,2756,2756,1.0,11.991651595266166,7.3296279240951945,7.3296279240951945
398,399,immature,1972,1972,1.0,13.324320866512892,8.927706194332798,8.927706194332798
398,399,immature_nonfinal,1972,1972,1.0,13.324320866512892,8.927706194332798,8.927706194332798
398,399,marginalized,479,479,1.0,7.805581603569157,3.2181846723350245,3.218184672335024
398,399,marginalized_final,239,239,1.0,7.813679449284105,3.2234852787607564,3.2234852787607573
398,399,marginalized_nonfinal,240,240,1.0,7.797509141620094,3.2129061517693978,3.2129061517693986
398,399,outlier,57,57,1.0,4.869145166123021,3.1314352687041107,3.1314352687041107
398,399,outlier_final,23,23,1.0,5.333208300302599,3.432669221287253,3.432669221287253
398,399,outlier_nonfinal,34,34,1.0,4.528333049903467,2.9276593596037506,2.9276593596037506
399,400,active,527,527,1.0,7.716661709909277,3.00161728412685,3.0016172841268505
399,400,active_nonfinal,527,527,1.0,7.716661709909277,3.00161728412685,3.0016172841268505
399,400,all,2972,2972,1.0,12.054753003317868,7.07307765419961,7.07307765419961
399,400,all_final,268,268,1.0,7.714132943988727,2.999561724992114,2.999561724992114
399,400,all_nonfinal,2704,2704,1.0,12.4024929037752,7.476813700437628,7.476813700437628
399,400,immature,1900,1900,1.0,13.90954591762178,9.353976065185043,9.35397606518504
399,400,immature_nonfinal,1900,1900,1.0,13.90954591762178,9.353976065185043,9.35397606518504
399,400,marginalized,488,488,1.0,8.118151792287863,3.109375038153018,3.109375038153019
399,400,marginalized_final,243,243,1.0,8.020420049372051,3.035147869838201,3.035147869838201
399,400,marginalized_nonfinal,245,245,1.0,8.213937165605959,3.182996270399953,3.182996270399953
399,400,outlier,57,57,1.0,3.594348493412547,2.6211392469496717,2.6211392469496717
399,400,outlier_final,25,25,1.0,3.558699420096744,2.6536643970881517,2.6536643970881517
399,400,outlier_nonfinal,32,32,1.0,3.6219552005124296,2.5957289734039852,2.5957289734039852
400,401,active,644,644,1.0,7.315347521157237,2.7973261280290327,2.7973261280290322
400,401,active_nonfinal,644,644,1.0,7.315347521157237,2.7973261280290327,2.7973261280290322
400,401,all,3062,3062,1.0,12.028321658696154,6.765376015461629,6.765376015461628
400,401,all_final,331,331,1.0,7.2637378217924535,2.7541177698856845,2.7541177698856845
400,401,all_nonfinal,2731,2731,1.0,12.482834401751756,7.251544627430006,7.251544627430004
400,401,immature,1738,1738,1.0,14.640625296897191,9.798261134847905,9.798261134847905
400,401,immature_nonfinal,1738,1738,1.0,14.640625296897191,9.798261134847905,9.798261134847905
400,401,marginalized,599,599,1.0,7.070088763451738,2.5208519333109964,2.520851933310997
400,401,marginalized_final,298,298,1.0,7.087227466732265,2.5273344039841414,2.5273344039841414
400,401,marginalized_nonfinal,301,301,1.0,7.0530798521160625,2.514434071980112,2.514434071980112
400,401,outlier,81,81,1.0,8.65681063696117,4.6263601539987045,4.626360153998705
400,401,outlier_final,33,33,1.0,8.696924362907597,4.802040286208708,4.802040286208708
400,401,outlier_nonfinal,48,48,1.0,8.629124281314766,4.50558006310433,4.50558006310433
401,402,active,754,754,1.0,6.502814635152028,2.9202066330633656,2.9202066330633643
401,402,active_nonfinal,754,754,1.0,6.502814635152028,2.9202066330633656,2.9202066330633643
401,402,all,3095,3095,1.0,12.098633301167052,6.990130818132223,6.990130818132223
401,402,all_final,386,386,1.0,6.604955403661478,3.002602952319381,3.002602952319381
401,402,all_nonfinal,2709,2709,1.0,12.689278255021753,7.558305700451796,7.558305700451796
401,402,immature,1553,1553,1.0,15.758842991783219,10.965897908847385,10.965897908847385
401,402,immature_nonfinal,1553,1553,1.0,15.758842991783219,10.965897908847385,10.965897908847385
401,402,marginalized,691,691,1.0,6.731258945822087,2.961255223640519,2.961255223640519
401,402,marginalized_final,343,343,1.0,6.571686000166259,2.889646077572909,2.8896460775729094
401,402,marginalized_nonfinal,348,348,1.0,6.884921005263814,3.031835502666929,3.0318355026669304
401,402,outlier,97,97,1.0,6.556348481793343,3.6737347300396164,3.673734730039615
401,402,outlier_final,43,43,1.0,6.864566484528191,3.903631046227295,3.903631046227295
401,402,outlier_nonfinal,54,54,1.0,6.300140629449551,3.490669144927205,3.490669144927204
402,403,active,753,753,1.0,6.102569260637084,2.132251603936403,2.132251603936403
402,403,active_nonfinal,753,753,1.0,6.102569260637084,2.132251603936403,2.132251603936403
402,403,all,3199,3199,1.0,11.321925860214915,6.1122431935945905,6.1122431935945905
402,403,all_final,395,395,1.0,6.056221583765003,2.103553708668689,2.103553708668689
402,403,all_nonfinal,2804,2804,1.0,11.877574677488466,6.676948024744986,6.676948024744986
402,403,immature,1630,1630,1.0,14.697924197022845,9.94739370663179,9.94739370663179
402,403,immature_nonfinal,1630,1630,1.0,14.697924197022845,9.94739370663179,9.94739370663179
402,403,marginalized,678,678,1.0,6.281269053797169,2.156551534559126,2.156551534559126
402,403,marginalized_final,337,337,1.0,6.22816692095301,2.119823418494872,2.119823418494872
402,403,marginalized_nonfinal,341,341,1.0,6.33331086738846,2.1928488222824534,2.1928488222824534
402,403,outlier,138,138,1.0,4.77540445406145,1.9643973645221855,1.9643973645221855
402,403,outlier_final,58,58,1.0,4.940137427422807,2.009021084333801,2.009021084333801
402,403,outlier_nonfinal,80,80,1.0,4.65232703880042,1.932045167658763,1.9320451676587633
403,404,active,806,806,1.0,5.702749716172769,1.921706370082777,1.9217063700827774
403,404,active_nonfinal,806,806,1.0,5.702749716172769,1.921706370082777,1.9217063700827774
403,404,all,3219,3219,1.0,10.929838957891247,5.784553895408348,5.784553895408346
403,404,all_final,414,414,1.0,5.687184866655646,1.9086160245317576,1.9086160245317576
403,404,all_nonfinal,2805,2805,1.0,11.503014181314654,6.356617452821152,6.356617452821151
403,404,immature,1567,1567,1.0,14.531128375621046,9.862979984365111,9.862979984365108
403,404,immature_nonfinal,1567,1567,1.0,14.531128375621046,9.862979984365111,9.862979984365108
403,404,marginalized,717,717,1.0,4.63916052180326,1.578402947788272,1.5784029477882713
403,404,marginalized_final,358,358,1.0,4.642312669840008,1.5795491887271615,1.5795491887271615
403,404,marginalized_nonfinal,359,359,1.0,4.636015019842318,1.5772598997210758,1.5772598997210752
403,404,outlier,129,129,1.0,9.654896462395895,3.756427178050129,3.756427178050129
403,404,outlier_final,56,56,1.0,10.066886779295453,4.012293296282572,4.012293296282573
403,404,outlier_nonfinal,73,73,1.0,9.3265217549502,3.5601463202279784,3.5601463202279793
404,405,active,3389,3389,1.0,4.349558162140891,1.6084981011430932,1.6084981011430937
404,405,active_nonfinal,3389,3389,1.0,4.349558162140891,1.6084981011430932,1.6084981011430937
404,405,all,18564,18564,1.0,8.20257322964147,3.6218666664099493,3.6218666664099497
404,405,all_final,424,424,1.0,5.954063772062354,2.1735344375581667,2.173534437558166
404,405,all_nonfinal,18140,18140,1.0,8.2478012521758,3.655719635816406,3.655719635816407
404,405,immature,5430,5430,1.0,12.001730116745469,7.095725418216047,7.095725418216046
404,405,immature_nonfinal,5430,5430,1.0,12.001730116745469,7.095725418216047,7.095725418216046
404,405,marginalized,7960,7960,1.0,5.566199309885541,2.1216514478155593,2.1216514478155597
404,405,marginalized_final,361,361,1.0,5.123690317895321,1.9230153194170934,1.923015319417093
404,405,marginalized_nonfinal,7599,7599,1.0,5.5863491664558795,2.131087905553662,2.131087905553662
404,405,outlier,1785,1785,1.0,9.35286458728039,3.566945761868754,3.566945761868754
404,405,outlier_final,63,63,1.0,9.389394623007465,3.6090487494459023,3.6090487494459023
404,405,outlier_nonfinal,1722,1722,1.0,9.35152541673088,3.56540540866471,3.56540540866471
405,406,active,1206,1206,1.0,5.175224491033815,1.980411154355646,1.9804111543556466
405,406,active_nonfinal,1206,1206,1.0,5.175224491033815,1.980411154355646,1.9804111543556466
405,406,all,4412,4412,1.0,9.993692482938592,5.305993220720253,5.305993220720253
405,406,all_final,441,441,1.0,5.499532498896236,2.12431768574206,2.1243176857420596
405,406,all_nonfinal,3971,3971,1.0,10.373357797553657,5.659334673987794,5.659334673987794
405,406,immature,2210,2210,1.0,13.014292277077105,8.457284535160106,8.457284535160106
405,406,immature_nonfinal,2210,2210,1.0,13.014292277077105,8.457284535160106,8.457284535160106
405,406,marginalized,781,781,1.0,5.699403953861442,2.2519018210280506,2.251901821028051
405,406,marginalized_final,377,377,1.0,5.401813309281823,2.068231003015528,2.068231003015528
405,406,marginalized_nonfinal,404,404,1.0,5.963726808964912,2.423297609123896,2.423297609123895
405,406,outlier,215,215,1.0,6.3474203434654175,2.662009733665964,2.662009733665964
405,406,outlier_final,64,64,1.0,6.043175307277664,2.454703301178025,2.454703301178025
405,406,outlier_nonfinal,151,151,1.0,6.472057739926293,2.749874711674094,2.7498747116740936
406,407,active,1297,1297,1.0,4.428374844359568,1.5642349641808442,1.564234964180844
406,407,active_nonfinal,1297,1297,1.0,4.428374844359568,1.5642349641808442,1.564234964180844
406,407,all,4587,4587,1.0,9.128925913617575,4.575722134988286,4.575722134988286
406,407,all_final,481,481,1.0,4.424029673379428,1.6359228243665935,1.635922824366593
406,407,all_nonfinal,4106,4106,1.0,9.529276434532198,4.920106808249137,4.920106808249137
406,407,immature,2195,2195,1.0,12.357327008954977,7.7900627501719155,7.7900627501719155
406,407,immature_nonfinal,2195,2195,1.0,12.357327008954977,7.7900627501719155,7.7900627501719155
406,407,marginalized,887,887,1.0,4.269726577973693,1.4910941201862378,1.4910941201862387
406,407,marginalized_final,421,421,1.0,4.270358954529962,1.4722096976619654,1.4722096976619652
406,407,marginalized_nonfinal,466,466,1.0,4.2691551872827365,1.5081549396770555,1.5081549396770555
406,407,outlier,208,208,1.0,5.132174574498213,2.5876753048854537,2.5876753048854537
406,407,outlier_final,60,60,1.0,5.380224631583769,2.7846432634107283,2.7846432634107288
406,407,outlier_nonfinal,148,148,1.0,5.028128899711017,2.5078234298076394,2.5078234298076394
407,408,active,3028,3028,1.0,3.3583090893357026,1.105327297914668,1.1053272979146684
407,408,active_nonfinal,3028,3028,1.0,3.3583090893357026,1.105327297914668,1.1053272979146684
407,408,all,9664,9664,1.0,8.410692252277347,3.9841967126571434,3.984196712657144
407,408,all_final,472,472,1.0,3.6405522006752595,1.2773343816298888,1.2773343816298885
407,408,all_nonfinal,9192,9192,1.0,8.584381112542493,4.123191384137215,4.123191384137216
407,408,immature,4507,4507,1.0,11.681607942183884,7.085316407747246,7.085316407747247
407,408,immature_final,1,1,1.0,0.06718843793405593,0.06718843793405593,0.06718843793405593
407,408,immature_nonfinal,4506,4506,1.0,11.68290405553264,7.086873915064116,7.086873915064117
407,408,marginalized,1706,1706,1.0,3.9162830090340015,1.4060513999250288,1.4060513999250284
407,408,marginalized_final,424,424,1.0,3.5789155816765614,1.2157821973937846,1.2157821973937841
407,408,marginalized_nonfinal,1282,1282,1.0,4.0216385358004265,1.468979747720075,1.4689797477200752
407,408,outlier,423,423,1.0,4.4264228433603625,1.9482298700805085,1.9482298700805076
407,408,outlier_final,47,47,1.0,4.189252463214159,1.8583614467321041,1.858361446732104
407,408,outlier_nonfinal,376,376,1.0,4.4551814847076665,1.9594634229990588,1.9594634229990582
408,409,active,771,771,1.0,4.44475756932434,2.1737693080039753,2.1737693080039753
408,409,active_nonfinal,771,771,1.0,4.44475756932434,2.1737693080039753,2.1737693080039753
408,409,all,3241,3241,1.0,8.800244384230275,4.932656922903577,4.932656922903577
408,409,all_final,413,413,1.0,4.364287482776636,2.164494590340127,2.1644945903401265
408,409,all_nonfinal,2828,2828,1.0,9.272142104222363,5.336918253649229,5.336918253649229
408,409,immature,1605,1605,1.0,11.697125985882721,7.753266314276741,7.753266314276743
408,409,immature_nonfinal,1605,1605,1.0,11.697125985882721,7.753266314276741,7.753266314276743
408,409,marginalized,753,753,1.0,4.48114128396571,2.222005417477385,2.222005417477384
408,409,marginalized_final,372,372,1.0,4.484238649535583,2.20988346512715,2.2098834651271497
408,409,marginalized_nonfinal,381,381,1.0,4.478115017477961,2.2338410244965092,2.2338410244965092
408,409,outlier,112,112,1.0,3.0530552772093085,1.728593186471209,1.7285931864712087
408,409,outlier_final,41,41,1.0,3.068684273552556,1.7526735800773832,1.7526735800773832
408,409,outlier_nonfinal,71,71,1.0,3.0439935335137225,1.7146876070648265,1.714687607064826
409,410,active,3140,3140,1.0,3.180660945909638,1.0358918744782508,1.0358918744782508
409,410,active_nonfinal,3140,3140,1.0,3.180660945909638,1.0358918744782508,1.0358918744782508
409,410,all,10376,10376,1.0,6.826406764233363,3.1049893011890872,3.104989301189087
409,410,all_final,444,444,1.0,4.015268747713426,1.4714463134223377,1.4714463134223381
409,410,all_nonfinal,9932,9932,1.0,6.925481403676104,3.178015185861706,3.1780151858617054
409,410,immature,4676,4676,1.0,9.143673418927769,5.09204835432011,5.092048354320112
409,410,immature_nonfinal,4676,4676,1.0,9.143673418927769,5.09204835432011,5.092048354320112
409,410,marginalized,2016,2016,1.0,4.645468629528053,1.9168621985906942,1.9168621985906942
409,410,marginalized_final,391,391,1.0,3.7999782922331415,1.3770393972450192,1.3770393972450197
409,410,marginalized_nonfinal,1625,1625,1.0,4.82685233590849,2.0467518695606404,2.0467518695606404
409,410,outlier,544,544,1.0,5.639673998774002,2.3710592024205064,2.371059202420505
409,410,outlier_final,53,53,1.0,5.341829610743461,2.167919978051233,2.167919978051233
409,410,outlier_nonfinal,491,491,1.0,5.670888858674087,2.3929866543381677,2.392986654338167
410,411,active,1203,1203,1.0,4.578242807741196,1.8912331043808903,1.8912331043808899
410,411,active_nonfinal,1203,1203,1.0,4.578242807741196,1.8912331043808903,1.8912331043808899
410,411,all,4347,4347,1.0,7.7819394195959495,3.910609782993225,3.910609782993226
410,411,all_final,426,426,1.0,4.538853415277491,1.889506113490473,1.889506113490473
410,411,all_nonfinal,3921,3921,1.0,8.056040092223812,4.130194114339365,4.130194114339365
410,411,immature,2236,2236,1.0,9.90807929442402,5.802223309740806,5.802223309740806
410,411,immature_nonfinal,2236,2236,1.0,9.90807929442402,5.802223309740806,5.802223309740806
410,411,marginalized,788,788,1.0,4.529633955232265,1.8367195532228626,1.8367195532228626
410,411,marginalized_final,384,384,1.0,4.575712909285309,1.8494264940514151,1.849426494051415
410,411,marginalized_nonfinal,404,404,1.0,4.48539735655607,1.8246416688709721,1.8246416688709721
410,411,outlier,120,120,1.0,4.431748764219882,2.5263414465110734,2.5263414465110734
410,411,outlier_final,42,42,1.0,4.186833117846817,2.255948348361865,2.255948348361865
410,411,outlier_nonfinal,78,78,1.0,4.558178965724028,2.6719377301298786,2.6719377301298786
411,412,active,1326,1326,1.0,3.795877105464431,1.6396844795906784,1.6396844795906784
411,412,active_nonfinal,1326,1326,1.0,3.795877105464431,1.6396844795906784,1.6396844795906784
411,412,all,4478,4478,1.0,6.762028535612268,3.404264995828468,3.4042649958284685
411,412,all_final,484,484,1.0,3.826640011614797,1.6488749054242366,1.6488749054242366
411,412,all_nonfinal,3994,3994,1.0,7.035025539453453,3.6169862786916713,3.6169862786916718
411,412,immature,2105,2105,1.0,8.972678405518092,5.361675061051165,5.361675061051163
411,412,immature_nonfinal,2105,2105,1.0,8.972678405518092,5.361675061051165,5.361675061051163
411,412,marginalized,898,898,1.0,3.7692832713172484,1.585874131186542,1.5858741311865425
411,412,marginalized_final,433,433,1.0,3.7708542965181917,1.5793279916680851,1.5793279916680851
411,412,marginalized_nonfinal,465,465,1.0,3.7678197706931895,1.5919697836843751,1.5919697836843756
411,412,outlier,149,149,1.0,4.791689153004501,2.4136648192241683,2.4136648192241688
411,412,outlier_final,51,51,1.0,4.271017164100522,2.23934183986372,2.2393418398637204
411,412,outlier_nonfinal,98,98,1.0,5.041421778216715,2.5043839207280736,2.504383920728074
412,413,active,4791,4791,1.0,1.6884082916047385,0.5632389773180876,0.5632389773180875
412,413,active_nonfinal,4791,4791,1.0,1.6884082916047385,0.5632389773180876,0.5632389773180875
412,413,all,23676,23676,1.0,3.71426055901308,1.3377043606698982,1.3377043606698982
412,413,all_final,571,571,1.0,2.57805711808049,0.9234633648477577,0.9234633648477575
412,413,all_nonfinal,23105,23105,1.0,3.737969416565627,1.3479416083917966,1.3479416083917966
412,413,immature,4328,4328,1.0,6.75817785083271,3.1887312829885825,3.188731282988583
412,413,immature_nonfinal,4328,4328,1.0,6.75817785083271,3.1887312829885825,3.188731282988583
412,413,marginalized,12815,12815,1.0,2.3368356700388264,0.8729277641816645,0.8729277641816645
412,413,marginalized_final,513,513,1.0,2.1280641870291364,0.7752811571285574,0.7752811571285573
412,413,marginalized_nonfinal,12302,12302,1.0,2.345137915740799,0.876999680083001,0.876999680083001
412,413,outlier,1742,1742,1.0,5.100435481911241,2.2879519013359575,2.2879519013359575
412,413,outlier_final,58,58,1.0,5.037584585379208,2.2341094434675792,2.2341094434675792
412,413,outlier_nonfinal,1684,1684,1.0,5.102586389304485,2.289806332782731,2.289806332782731
413,414,active,1088,1088,1.0,2.889896465897941,0.9554390286980997,0.9554390286981002
413,414,active_nonfinal,1088,1088,1.0,2.889896465897941,0.9554390286980997,0.9554390286981002
413,414,all,3568,3568,1.0,4.7904248290918225,1.8658935789338031,1.8658935789338038
413,414,all_final,584,584,1.0,2.811248697282845,0.9310953573960788,0.931095357396079
413,414,all_nonfinal,2984,2984,1.0,5.088481482059234,2.0488433649183957,2.0488433649183966
413,414,immature,1277,1277,1.0,7.047884613653755,3.518142596473089,3.5181425964730897
413,414,immature_nonfinal,1277,1277,1.0,7.047884613653755,3.518142596473089,3.5181425964730897
413,414,marginalized,1084,1084,1.0,2.5328731761029313,0.8421234756247303,0.8421234756247301
413,414,marginalized_final,533,533,1.0,2.536655427851173,0.8343707593813924,0.8343707593813926
413,414,marginalized_nonfinal,551,551,1.0,2.529209100546633,0.8496229270906067,0.8496229270906068
413,414,outlier,119,119,1.0,4.496762377993109,1.7853838919237899,1.7853838919237897
413,414,outlier_final,51,51,1.0,4.821863544407835,1.9419622346868133,1.9419622346868133
413,414,outlier_nonfinal,68,68,1.0,4.23659648380253,1.6679501348515227,1.6679501348515224
414,415,active,1460,1460,1.0,2.668978217267405,0.9105303157693317,0.9105303157693319
414,415,active_nonfinal,1460,1460,1.0,2.668978217267405,0.9105303157693317,0.9105303157693319
414,415,all,4551,4551,1.0,4.235523413632208,1.6965584297347711,1.6965584297347716
414,415,all_final,563,563,1.0,2.707495606624585,0.9524299402893703,0.9524299402893703
414,415,all_nonfinal,3988,3988,1.0,4.4087851243776575,1.8016096683400271,1.8016096683400273
414,415,immature,1812,1812,1.0,5.800209627040055,2.7891459861364494,2.7891459861364494
414,415,immature_final,1,1,1.0,0.05844317922132003,0.05844317922132003,0.05844317922131983
414,415,immature_nonfinal,1811,1811,1.0,5.801810626610131,2.790653828658214,2.790653828658214
414,415,marginalized,1064,1064,1.0,2.297285491570727,0.8349650162020535,0.8349650162020538
414,415,marginalized_final,492,492,1.0,2.207783133434335,0.7651675685351434,0.7651675685351437
414,415,marginalized_nonfinal,572,572,1.0,2.3715693731616954,0.8950005830763882,0.8950005830763883
414,415,outlier,215,215,1.0,4.6594683355673645,2.0898969701463943,2.0898969701463948
414,415,outlier_final,70,70,1.0,4.969805440413322,2.2813881354914822,2.2813881354914822
414,415,outlier_nonfinal,145,145,1.0,4.502000385647722,1.997452959290145,1.9974529592901458
415,416,active,1276,1276,1.0,1.0829102476746764,0.3530152812864332,0.35301528128643334
415,416,active_nonfinal,1276,1276,1.0,1.0829102476746764,0.3530152812864332,0.35301528128643334
415,416,all,4042,4042,1.0,2.8859286557270036,0.9605978073070512,0.9605978073070511
415,416,all_final,517,517,1.0,1.657543705966719,0.471291195740037,0.4712911957400372
415,416,all_nonfinal,3525,3525,1.0,3.024425629663236,1.0323627770035473,1.0323627770035473
415,416,immature,1538,1538,1.0,4.160640566446172,1.7522338935463015,1.7522338935463015
415,416,immature_final,1,1,1.0,0.0873406316697376,0.0873406316697376,0.08734063166973746
415,416,immature_nonfinal,1537,1537,1.0,4.161993244120611,1.7533171032157073,1.7533171032157073
415,416,marginalized,991,991,1.0,0.8865087566364783,0.3524218657157339,0.3524218657157342
415,416,marginalized_final,449,449,1.0,0.8501622434185666,0.3345152455162784,0.3345152455162785
415,416,marginalized_nonfinal,542,542,1.0,0.9155265290789174,0.3672559477628849,0.36725594776288495
415,416,outlier,237,237,1.0,4.483793661828683,1.6375655739034627,1.6375655739034631
415,416,outlier_final,67,67,1.0,4.044340540529913,1.3936248108823934,1.3936248108823932
415,416,outlier_nonfinal,170,170,1.0,4.645583525887034,1.7337069334470612,1.7337069334470614
417,418,active,3572,3572,1.0,1.2297061474681372,0.4491895618747868,0.44918956187478676
417,418,active_nonfinal,3572,3572,1.0,1.2297061474681372,0.4491895618747868,0.44918956187478676
417,418,all,9250,9250,1.0,1.8528078734004896,0.6866830345711236,0.6866830345711236
417,418,all_final,570,570,1.0,1.4940119866003811,0.5502584281920951,0.550258428192095
417,418,all_nonfinal,8680,8680,1.0,1.8739671951315982,0.6956417932849541,0.695641793284954
417,418,immature,2515,2515,1.0,2.561567312329779,1.0418016997336186,1.0418016997336181
417,418,immature_nonfinal,2515,2515,1.0,2.561567312329779,1.0418016997336186,1.0418016997336181
417,418,marginalized,2470,2470,1.0,0.897436055565609,0.5143935877361304,0.5143935877361304
417,418,marginalized_final,495,495,1.0,0.7921279166493165,0.4341863782858541,0.43418637828585405
417,418,marginalized_nonfinal,1975,1975,1.0,0.9219464701702008,0.5344961541553139,0.5344961541553138
417,418,outlier,693,693,1.0,3.3679996758354247,1.236117630920439,1.2361176309204385
417,418,outlier_final,75,75,1.0,3.5808471068436396,1.316333957573285,1.3163339575732853
417,418,outlier_nonfinal,618,618,1.0,3.3412461990650995,1.2263826398217934,1.226382639821793
419,420,active,1089,1089,1.0,0.6154495527766776,0.25498716891270057,0.2549871689127004
419,420,active_nonfinal,1089,1089,1.0,0.6154495527766776,0.25498716891270057,0.2549871689127004
419,420,all,3383,3383,1.0,1.8669005215518573,0.5292374347453707,0.5292374347453705
419,420,all_final,641,641,1.0,0.7502130780411546,0.2720353452862342,0.27203534528623424
419,420,all_nonfinal,2742,2742,1.0,2.041693592428351,0.5893638167086477,0.5893638167086477
419,420,immature,962,962,1.0,3.282175152225043,1.160272876999231,1.160272876999231
419,420,immature_final,12,12,1.0,0.20590762863576573,0.15447992058140017,0.1544799205814002
419,420,immature_nonfinal,950,950,1.0,3.3027585524080907,1.17297763013293,1.17297763013293
419,420,marginalized,1131,1131,1.0,0.5214800253661495,0.22239497230729124,0.2223949723072912
419,420,marginalized_final,546,546,1.0,0.5255050447458529,0.22081720456899886,0.2208172045689989
419,420,marginalized_nonfinal,585,585,1.0,0.5176951071865726,0.22386755552969712,0.22386755552969712
419,420,outlier,201,201,1.0,1.876089426035119,0.7214825544519926,0.7214825544519924
419,420,outlier_final,83,83,1.0,1.5886559326324385,0.6259602841786238,0.6259602841786239
419,420,outlier_nonfinal,118,118,1.0,2.054314025536144,0.7886719479493621,0.7886719479493622
421,422,active,2262,2262,1.0,0.6629486150843233,0.3339681001265698,0.3339681001265699
421,422,active_nonfinal,2262,2262,1.0,0.6629486150843233,0.3339681001265698,0.3339681001265699
421,422,all,5365,5365,1.0,1.1883231242820027,0.4597155646331802,0.4597155646331801
421,422,all_final,682,682,1.0,0.6451904620742472,0.3331589797716529,0.3331589797716528
421,422,all_nonfinal,4683,4683,1.0,1.2478538846424199,0.47814639761963396,0.47814639761963385
421,422,immature,1423,1423,1.0,2.0374961271986294,0.8047424742442879,0.8047424742442877
421,422,immature_final,5,5,1.0,0.18142751776009372,0.16272114845963714,0.1627211484596373
421,422,immature_nonfinal,1418,1418,1.0,2.041056734367188,0.8070063012040363,0.807006301204036
421,422,marginalized,1360,1360,1.0,0.5463947029072418,0.3097250761035738,0.3097250761035739
421,422,marginalized_final,577,577,1.0,0.5744513899857707,0.3137711046803375,0.3137711046803375
421,422,marginalized_nonfinal,783,783,1.0,0.5247603412971587,0.3067435199237615,0.3067435199237615
421,422,outlier,320,320,1.0,0.9157925426419856,0.45176099193819114,0.4517609919381912
421,422,outlier_final,100,100,1.0,0.9660501604799105,0.45354891061414304,0.4535489106141429
421,422,outlier_nonfinal,220,220,1.0,0.8920125934558665,0.45094830163094024,0.45094830163094035
423,424,active,1267,1267,1.0,0.5537781762938825,0.20084077415187385,0.20084077415187374
423,424,active_nonfinal,1267,1267,1.0,0.5537781762938825,0.20084077415187385,0.20084077415187374
423,424,all,3690,3690,1.0,0.9401922434971267,0.3066765797419714,0.3066765797419714
423,424,all_final,737,737,1.0,0.5393512084906968,0.2002184001231471,0.2002184001231471
423,424,all_nonfinal,2953,2953,1.0,1.0158621190124497,0.3332460610758946,0.3332460610758946
423,424,immature,911,911,1.0,1.628435248683087,0.6142298228148803,0.6142298228148803
423,424,immature_final,18,18,1.0,0.10228400496604094,0.08773179202776954,0.08773179202776953
423,424,immature_nonfinal,893,893,1.0,1.6447012621557158,0.6248423251151806,0.6248423251151806
423,424,marginalized,1282,1282,1.0,0.41299455041467875,0.1669788736881438,0.16697887368814374
423,424,marginalized_final,626,626,1.0,0.4138279563647651,0.16362872479297874,0.16362872479297869
423,424,marginalized_nonfinal,656,656,1.0,0.41219768634147047,0.17017581455456682,0.17017581455456676
423,424,outlier,230,230,1.0,1.018976067977761,0.45017840758650446,0.45017840758650435
423,424,outlier_final,93,93,1.0,1.0726313856524603,0.46828179477263204,0.468281794772632
423,424,outlier_nonfinal,137,137,1.0,0.9808821067777719,0.4378892469419063,0.4378892469419063
425,426,active,4570,4570,1.0,0.3592663323299385,0.1896436675072136,0.1896436675072136
425,426,active_nonfinal,4570,4570,1.0,0.3592663323299385,0.1896436675072136,0.1896436675072136
425,426,all,11888,11888,1.0,0.87121088922998,0.3162896007839159,0.31628960078391577
425,426,all_final,771,771,1.0,0.4970046702530166,0.22736327529875666,0.22736327529875675
425,426,all_nonfinal,11117,11117,1.0,0.8913567810853443,0.3224569298249395,0.32245692982493945
425,426,immature,2963,2963,1.0,1.5081914961592238,0.5701118530825366,0.5701118530825366
425,426,immature_nonfinal,2963,2963,1.0,1.5081914961592238,0.5701118530825366,0.5701118530825366
425,426,marginalized,3136,3136,1.0,0.4410770971834871,0.23100778725973492,0.23100778725973492
425,426,marginalized_final,641,641,1.0,0.35105586575104736,0.19667082374153452,0.19667082374153455
425,426,marginalized_nonfinal,2495,2495,1.0,0.4613775227549553,0.23982942798725598,0.23982942798725598
425,426,outlier,1219,1219,1.0,0.9427252266856667,0.39351712229790736,0.39351712229790736
425,426,outlier_final,130,130,1.0,0.925911345624758,0.37870067105398336,0.37870067105398314
425,426,outlier_nonfinal,1089,1089,1.0,0.9447123996935053,0.39528584466862393,0.395285844668624
428,429,active,1055,1055,1.0,0.6670915983029249,0.32957975760921177,0.32957975760921177
428,429,active_nonfinal,1055,1055,1.0,0.6670915983029249,0.32957975760921177,0.32957975760921177
428,429,all,3760,3760,1.0,1.1848440275558467,0.411374601886867,0.4113746018868669
428,429,all_final,739,739,1.0,0.5888156184533926,0.30680642765940175,0.3068064276594017
428,429,all_nonfinal,3021,3021,1.0,1.2893629517883707,0.43695417181539964,0.4369541718153996
428,429,immature,1293,1293,1.0,1.8209762522272226,0.5835980437532007,0.5835980437532007
428,429,immature_final,74,74,1.0,0.26022455102594677,0.232809216168228,0.23280921616822794
428,429,immature_nonfinal,1219,1219,1.0,1.8743373209032756,0.6048928536312058,0.6048928536312058
428,429,marginalized,1218,1218,1.0,0.5428244804162362,0.300000265418069,0.3000002654180689
428,429,marginalized_final,592,592,1.0,0.5481178905699472,0.3016019203389903,0.30160192033899025
428,429,marginalized_nonfinal,626,626,1.0,0.537770637627593,0.2984856013394981,0.29848560133949803
428,429,outlier,194,194,1.0,0.9154634874136457,0.40757353074642505,0.40757353074642505
428,429,outlier_final,73,73,1.0,1.0023713007014792,0.42402371511187237,0.42402371511187237
428,429,outlier_nonfinal,121,121,1.0,0.8587883959464105,0.39764903935239465,0.39764903935239465
432,433,active,1002,1002,1.0,0.6099446467988873,0.22166910205797913,0.22166910205797904
432,433,active_nonfinal,1002,1002,1.0,0.6099446467988873,0.22166910205797913,0.22166910205797904
432,433,all,3769,3769,1.0,1.1091621444614055,0.3171209058376499,0.3171209058376498
432,433,all_final,730,730,1.0,0.6893648902822562,0.23761005002298052,0.23761005002298052
432,433,all_nonfinal,3039,3039,1.0,1.1881092864197917,0.3362202558688133,0.3362202558688132
432,433,immature,1354,1354,1.0,1.5662358777788445,0.4228836970601115,0.4228836970601113
432,433,immature_final,67,67,1.0,0.1259398273970155,0.1076474149829873,0.10764741498298727
432,433,immature_nonfinal,1287,1287,1.0,1.606230032010401,0.43929459907966634,0.43929459907966617
432,433,marginalized,1184,1184,1.0,0.6345281204612107,0.21799249131985984,0.2179924913198599
432,433,marginalized_final,572,572,1.0,0.6106454331941262,0.21188314665323407,0.21188314665323407
432,433,marginalized_nonfinal,612,612,1.0,0.6560642957672396,0.22370253241350316,0.22370253241350319
432,433,outlier,229,229,1.0,1.4262067134366805,0.6219590318685657,0.6219590318685658
432,433,outlier_final,91,91,1.0,1.206934912034215,0.4950087893106136,0.49500878931061354
432,433,outlier_nonfinal,138,138,1.0,1.5539618808223545,0.7056725976133031,0.7056725976133034
437,438,active,865,865,1.0,0.2598312900055257,0.09532236921092595,0.09532236921092593
437,438,active_nonfinal,865,865,1.0,0.2598312900055257,0.09532236921092595,0.09532236921092593
437,438,all,3600,3600,1.0,0.3850710117573262,0.09944356890476966,0.09944356890476966
437,438,all_final,694,694,1.0,0.21711271237864152,0.080423254351844,0.08042325435184401
437,438,all_nonfinal,2906,2906,1.0,0.4152517041190917,0.10398592895285307,0.10398592895285307
437,438,immature,1401,1401,1.0,0.5387616116849883,0.11214643690899403,0.11214643690899406
437,438,immature_final,71,71,1.0,0.041085678152732265,0.03204102879791752,0.03204102879791753
437,438,immature_nonfinal,1330,1330,1.0,0.5528736396241686,0.11642274065026198,0.11642274065026201
437,438,marginalized,1024,1024,1.0,0.140335094744229,0.05398551860535389,0.053985518605353854
437,438,marginalized_final,500,500,1.0,0.14124808667813696,0.05337180417839411,0.053371804178394114
437,438,marginalized_nonfinal,524,524,1.0,0.13945834663204046,0.0545711239745903,0.054571123974590324
437,438,outlier,310,310,1.0,0.3958745424500656,0.20369248234947254,0.20369248234947254
437,438,outlier_final,123,123,1.0,0.4288229494195611,0.21831645029537017,0.2183164502953702
437,438,outlier_nonfinal,187,187,1.0,0.3726175695874371,0.19407350878078056,0.19407350878078056
447,448,active,5184,5184,1.0,0.30959215648647836,0.08414927634243487,0.08414927634243491
447,448,active_nonfinal,5184,5184,1.0,0.30959215648647836,0.08414927634243487,0.08414927634243491
447,448,all,31842,31842,1.0,0.7130444817856927,0.18436402926993548,0.18436402926993548
447,448,all_final,679,679,1.0,0.6261906660494995,0.16994375826204475,0.16994375826204478
447,448,all_nonfinal,31163,31163,1.0,0.7148194453170647,0.18467822764667577,0.18467822764667577
447,448,immature,5063,5063,1.0,1.0505266833744582,0.26333589233117805,0.263335892331178
447,448,immature_nonfinal,5063,5063,1.0,1.0505266833744582,0.26333589233117805,0.263335892331178
447,448,marginalized,16757,16757,1.0,0.33201944331981686,0.09683566876372186,0.09683566876372186
447,448,marginalized_final,546,546,1.0,0.31261608606237123,0.09173515330979894,0.09173515330979895
447,448,marginalized_nonfinal,16211,16211,1.0,0.3326532635680755,0.09700745837804821,0.09700745837804821
447,448,outlier,4838,4838,1.0,1.3064721420624774,0.512266359468301,0.512266359468301
447,448,outlier_final,133,133,1.0,1.2651665799898786,0.4910106628028426,0.4910106628028425
447,448,outlier_nonfinal,4705,4705,1.0,1.3076207967307807,0.5128672112550186,0.5128672112550186
450,451,active,1087,1087,1.0,0.5568826685202045,0.20685351788327408,0.2068535178832741
450,451,active_nonfinal,1087,1087,1.0,0.5568826685202045,0.20685351788327408,0.2068535178832741
450,451,all,3730,3730,1.0,1.258197981330914,0.3675489392581296,0.3675489392581296
450,451,all_final,696,696,1.0,0.6008055009197085,0.20472893527821068,0.20472893527821054
450,451,all_nonfinal,3034,3034,1.0,1.3650680912561215,0.4048998696371746,0.4048998696371746
450,451,immature,1262,1262,1.0,1.9942948162279561,0.6715246169385661,0.6715246169385665
450,451,immature_final,34,34,1.0,0.4897738269967493,0.13667885654406997,0.13667885654406997
450,451,immature_nonfinal,1228,1228,1.0,2.0200714027064417,0.6863330500439511,0.6863330500439514
450,451,marginalized,1185,1185,1.0,0.49845557263213985,0.1661353810895089,0.16613538108950887
450,451,marginalized_final,582,582,1.0,0.5020839977894324,0.166722422903712,0.16672242290371184
450,451,marginalized_nonfinal,603,603,1.0,0.4949282838824245,0.16556878351759202,0.16556878351759188
450,451,outlier,196,196,1.0,1.1385169127219634,0.519251409827365,0.5192514098273651
450,451,outlier_final,80,80,1.0,1.0975081203205932,0.5101475962646986,0.5101475962646986
450,451,outlier_nonfinal,116,116,1.0,1.1659587705455527,0.5255299019395487,0.5255299019395487
452,453,active,926,926,1.0,0.6506682206988335,0.2426596419767816,0.24265964197678172
452,453,active_nonfinal,926,926,1.0,0.6506682206988335,0.2426596419767816,0.24265964197678172
452,453,all,3529,3529,1.0,1.6738033089732742,0.4828596928279853,0.4828596928279853
452,453,all_final,607,607,1.0,0.5928796388499388,0.2202658443072454,0.2202658443072454
452,453,all_nonfinal,2922,2922,1.0,1.8195026731352626,0.5374094758711383,0.5374094758711383
452,453,immature,1383,1383,1.0,2.557114629643406,0.8635367608979777,0.8635367608979775
452,453,immature_final,33,33,1.0,0.09187631399740553,0.07473914233618828,0.07473914233618822
452,453,immature_nonfinal,1350,1350,1.0,2.588139695183926,0.8828184804628216,0.8828184804628214
452,453,marginalized,1007,1007,1.0,0.483878385862437,0.17998223374135686,0.1799822337413568
452,453,marginalized_final,485,485,1.0,0.4913514942645024,0.18130962640041767,0.18130962640041762
452,453,marginalized_nonfinal,522,522,1.0,0.4768300283861631,0.1787489283014251,0.17874892830142503
452,453,outlier,213,213,1.0,1.0067425697009094,0.48730318225360614,0.487303182253606
452,453,outlier_final,89,89,1.0,1.0385490688215844,0.48651468531686737,0.48651468531686737
452,453,outlier_nonfinal,124,124,1.0,0.9832796798332766,0.4878691195711038,0.48786911957110357
454,455,active,830,830,1.0,1.2070587018165577,0.4118178710360721,0.411817871036072
454,455,active_nonfinal,830,830,1.0,1.2070587018165577,0.4118178710360721,0.411817871036072
454,455,all,3444,3444,1.0,2.1407154267768176,0.6813693961810424,0.6813693961810425
454,455,all_final,564,564,1.0,1.2328420970816685,0.40100124246894236,0.40100124246894214
454,455,all_nonfinal,2880,2880,1.0,2.2765002979944575,0.7362748262829965,0.7362748262829966
454,455,immature,1470,1470,1.0,2.9042665364002413,1.0206507720399334,1.0206507720399336
454,455,immature_final,24,24,1.0,0.2223473223641078,0.1814763341768839,0.1814763341768838
454,455,immature_nonfinal,1446,1446,1.0,2.928129035086601,1.0345789784774944,1.0345789784774948
454,455,marginalized,933,933,1.0,0.8421907495585398,0.32498875966210344,0.32498875966210317
454,455,marginalized_final,454,454,1.0,0.8532582440154075,0.3302105374769826,0.33021053747698254
454,455,marginalized_nonfinal,479,479,1.0,0.8315649329296796,0.320039517223783,0.32003951722378277
454,455,outlier,211,211,1.0,2.6773767833403777,0.9538209470337847,0.9538209470337843
454,455,outlier_final,86,86,1.0,2.4719410094625087,0.8359730781126522,0.8359730781126523
454,455,outlier_nonfinal,125,125,1.0,2.810008905846538,1.034900280851523,1.0349002808515229
456,457,active,1443,1443,1.0,1.539211315045677,0.4841979597515932,0.4841979597515932
456,457,active_nonfinal,1443,1443,1.0,1.539211315045677,0.4841979597515932,0.4841979597515932
456,457,all,5005,5005,1.0,2.8256816862178775,0.8851994323958111,0.8851994323958116
456,457,all_final,497,497,1.0,1.783177206341571,0.5534925895004417,0.5534925895004413
456,457,all_nonfinal,4508,4508,1.0,2.917909163206363,0.9217695967522855,0.9217695967522862
456,457,immature,2242,2242,1.0,3.690436102365691,1.2635451576843866,1.2635451576843868
456,457,immature_nonfinal,2242,2242,1.0,3.690436102365691,1.2635451576843866,1.2635451576843868
456,457,marginalized,952,952,1.0,1.9537541093647735,0.5750349242785072,0.5750349242785069
456,457,marginalized_final,388,388,1.0,1.625393441457996,0.478073331000492,0.47807333100049154
456,457,marginalized_nonfinal,564,564,1.0,2.1507350649951475,0.6417389990867863,0.641738999086786
456,457,outlier,368,368,1.0,2.5405135118711306,0.9549565537443938,0.9549565537443938
456,457,outlier_final,109,109,1.0,2.257022927576322,0.8219574729681526,0.8219574729681526
456,457,outlier_nonfinal,259,259,1.0,2.65077118133482,1.0109291398625806,1.0109291398625804
458,459,active,814,814,1.0,1.0622115523087625,0.4251615162265766,0.42516151622657633
458,459,active_nonfinal,814,814,1.0,1.0622115523087625,0.4251615162265766,0.42516151622657633
458,459,all,3096,3096,1.0,3.237824375322582,0.92402631565289,0.9240263156528894
458,459,all_final,497,497,1.0,1.013994167102885,0.3946564921667121,0.39465649216671195
458,459,all_nonfinal,2599,2599,1.0,3.5059411546980543,1.0252563280702172,1.0252563280702167
458,459,immature,1250,1250,1.0,4.934831263568292,1.6766017514210911,1.6766017514210918
458,459,immature_final,1,1,1.0,0.15269760399363896,0.15269760399363896,0.152697603993639
458,459,immature_nonfinal,1249,1249,1.0,4.9368044905086546,1.677821850818551,1.6778218508185518
458,459,marginalized,869,869,1.0,0.7668661094525928,0.288925439947923,0.28892543994792297
458,459,marginalized_final,431,431,1.0,0.7695075148978402,0.28924014441609436,0.28924014441609414
458,459,marginalized_nonfinal,438,438,1.0,0.764258006839358,0.2886157650032155,0.28861576500321534
458,459,outlier,163,163,1.0,1.8973046931580189,1.0299116715448844,1.0299116715448844
458,459,outlier_final,65,65,1.0,1.9836682954512628,1.0973704116850098,1.0973704116850094
458,459,outlier_nonfinal,98,98,1.0,1.8377854274224674,0.9851686296152095,0.9851686296152095
460,461,active,3098,3098,1.0,1.1229518400069507,0.28538516890547144,0.2853851689054714
460,461,active_nonfinal,3098,3098,1.0,1.1229518400069507,0.28538516890547144,0.2853851689054714
460,461,all,8171,8171,1.0,3.7428545436005476,0.9432614756471815,0.9432614756471815
460,461,all_final,537,537,1.0,1.2741240568805456,0.3371424754791537,0.33714247547915366
460,461,all_nonfinal,7634,7634,1.0,3.8574863112166344,0.9858978265890512,0.9858978265890512
460,461,immature,2868,2868,1.0,6.064207777194936,2.0542622993585513,2.0542622993585513
460,461,immature_nonfinal,2868,2868,1.0,6.064207777194936,2.0542622993585513,2.0542622993585513
460,461,marginalized,1636,1636,1.0,0.8680295075749037,0.2789919532708452,0.27899195327084514
460,461,marginalized_final,455,455,1.0,0.6738437950480468,0.22122557799097178,0.22122557799097173
460,461,marginalized_nonfinal,1181,1181,1.0,0.9321093527029983,0.3012474153812113,0.3012474153812113
460,461,outlier,569,569,1.0,2.604000793459802,0.8351689879306484,0.8351689879306484
460,461,outlier_final,82,82,1.0,2.8481097282061616,0.9803398944684562,0.9803398944684562
460,461,outlier_nonfinal,487,487,1.0,2.56061019876565,0.8107254266655557,0.8107254266655556
462,463,active,1580,1580,1.0,0.6276667094787753,0.29840998016745296,0.298409980167453
462,463,active_nonfinal,1580,1580,1.0,0.6276667094787753,0.29840998016745296,0.298409980167453
462,463,all,4388,4388,1.0,3.9624147377441346,1.126483578283508,1.1264835782835083
462,463,all_final,581,581,1.0,0.6061785650528098,0.29069633050505705,0.2906963305050571
462,463,all_nonfinal,3807,3807,1.0,4.247445988426136,1.2540360844456522,1.2540360844456526
462,463,immature,1517,1517,1.0,6.68670806104854,2.7048532527047127,2.7048532527047127
462,463,immature_nonfinal,1517,1517,1.0,6.68670806104854,2.7048532527047127,2.7048532527047127
462,463,marginalized,1060,1060,1.0,0.5507830396787494,0.26305621901505866,0.26305621901505855
462,463,marginalized_final,503,503,1.0,0.5628193278285709,0.26778973603156164,0.26778973603156164
462,463,marginalized_nonfinal,557,557,1.0,0.5396830300682213,0.2587816067003346,0.25878160670033445
462,463,outlier,231,231,1.0,0.7284400958084096,0.3871004170322829,0.38710041703228276
462,463,outlier_final,78,78,1.0,0.8332572813485978,0.4384144974302907,0.4384144974302907
462,463,outlier_nonfinal,153,153,1.0,0.6687105357977594,0.36094029761369045,0.3609402976136904
464,465,active,1669,1669,1.0,1.2418720917002113,0.31981826504781896,0.31981826504781913
464,465,active_nonfinal,1669,1669,1.0,1.2418720917002113,0.31981826504781896,0.31981826504781913
464,465,all,4453,4453,1.0,3.8422054873456606,1.066324870487612,1.0663248704876116
464,465,all_final,601,601,1.0,1.252259463093248,0.334435306503454,0.33443530650345404
464,465,all_nonfinal,3852,3852,1.0,4.101361866321856,1.1805163626876316,1.1805163626876312
464,465,immature,1465,1465,1.0,6.456545851952953,2.554855414705205,2.554855414705205
464,465,immature_final,1,1,1.0,0.1554924036859906,0.1554924036859906,0.1554924036859909
464,465,immature_nonfinal,1464,1464,1.0,6.458749301490069,2.5564943238657376,2.5564943238657376
464,465,marginalized,1132,1132,1.0,1.0780274238931322,0.2627664517115074,0.26276645171150753
464,465,marginalized_final,535,535,1.0,1.1078616681855746,0.26989416812692524,0.2698941681269253
464,465,marginalized_nonfinal,597,597,1.0,1.050571966585162,0.2563789671516272,0.25637896715162717
464,465,outlier,187,187,1.0,2.037898772938823,0.9318350697110261,0.9318350697110261
464,465,outlier_final,65,65,1.0,2.096884076791348,0.8684114901074595,0.8684114901074597
464,465,outlier_nonfinal,122,122,1.0,2.005764008371235,0.9656263211391558,0.9656263211391558
466,467,active,6186,6186,1.0,0.8388629040579367,0.199456841063158,0.19945684106315792
466,467,active_nonfinal,6186,6186,1.0,0.8388629040579367,0.199456841063158,0.19945684106315792
466,467,all,26372,26372,1.0,1.8385179516307053,0.4281887074855158,0.4281887074855157
466,467,all_final,662,662,1.0,1.013496123566587,0.2691555370057625,0.2691555370057624
466,467,all_nonfinal,25710,25710,1.0,1.8549216590261133,0.432283610591606,0.43228361059160597
466,467,immature,4607,4607,1.0,3.8168840443435523,1.216864704809371,1.2168647048093706
466,467,immature_nonfinal,4607,4607,1.0,3.8168840443435523,1.216864704809371,1.2168647048093706
466,467,marginalized,12155,12155,1.0,1.0551377946247666,0.23703817332867944,0.23703817332867957
466,467,marginalized_final,544,544,1.0,0.9961075391787507,0.22930167716907973,0.2293016771690796
466,467,marginalized_nonfinal,11611,11611,1.0,1.0578227072964264,0.23740064459823593,0.2374006445982361
466,467,outlier,3424,3424,1.0,1.099374111183624,0.4588369985760642,0.4588369985760642
466,467,outlier_final,118,118,1.0,1.090079311830651,0.4528885857443689,0.45288858574436885
466,467,outlier_nonfinal,3306,3306,1.0,1.0997044154247435,0.45904931337162985,0.4590493133716298
468,469,active,1211,1211,1.0,1.394846215606488,0.32386371094415417,0.3238637109441543
468,469,active_nonfinal,1211,1211,1.0,1.394846215606488,0.32386371094415417,0.3238637109441543
468,469,all,3541,3541,1.0,3.5453417902890116,0.8695157627472571,0.8695157627472571
468,469,all_final,655,655,1.0,1.3590600805695312,0.30875421021718885,0.3087542102171889
468,469,all_nonfinal,2886,2886,1.0,3.8733681562305793,0.9967849300747659,0.9967849300747659
468,469,immature,1004,1004,1.0,6.289451013611071,2.260942778187442,2.260942778187442
468,469,immature_final,7,7,1.0,0.12093088629290089,0.06765273256994321,0.06765273256994328
468,469,immature_nonfinal,997,997,1.0,6.311483576281409,2.276342006190774,2.276342006190774
468,469,marginalized,1150,1150,1.0,1.07816012071122,0.2252255881586674,0.2252255881586674
468,469,marginalized_final,574,574,1.0,1.0790985255242047,0.2255816980828676,0.2255816980828677
468,469,marginalized_nonfinal,576,576,1.0,1.0772241610265527,0.22487071472725895,0.22487071472725903
468,469,outlier,176,176,1.0,2.5000950484841313,0.896365830977274,0.8963658309772736
468,469,outlier_final,74,74,1.0,2.704638822607807,0.9767100522257182,0.9767100522257179
468,469,outlier_nonfinal,102,102,1.0,2.340538689377024,0.8380768861499716,0.8380768861499713
470,471,active,1067,1067,1.0,1.1566182360777708,0.29407919920811854,0.29407919920811865
470,471,active_nonfinal,1067,1067,1.0,1.1566182360777708,0.29407919920811854,0.29407919920811865
470,471,all,3558,3558,1.0,3.263227341882879,0.8488527860406925,0.8488527860406921
470,471,all_final,650,650,1.0,1.0939600961605558,0.27179386377764775,0.2717938637776477
470,471,all_nonfinal,2908,2908,1.0,3.572303842967581,0.9778377583484573,0.9778377583484572
470,471,immature,1206,1206,1.0,5.3706015199577415,1.9299423286075217,1.9299423286075215
470,471,immature_final,26,26,1.0,0.22962281753304203,0.10160104315844579,0.10160104315844581
470,471,immature_nonfinal,1180,1180,1.0,5.429339793098369,1.9702278145580945,1.9702278145580943
470,471,marginalized,1077,1077,1.0,1.00734614561682,0.22699967445316493,0.22699967445316505
470,471,marginalized_final,538,538,1.0,1.00781375615874,0.22718401657301257,0.22718401657301257
470,471,marginalized_nonfinal,539,539,1.0,1.0068791860652369,0.22681567434096037,0.22681567434096037
470,471,outlier,208,208,1.0,1.673514693453784,0.6463779302451651,0.6463779302451651
470,471,outlier_final,86,86,1.0,1.63563268498562,0.6023184118264041,0.6023184118264042
470,471,outlier_nonfinal,122,122,1.0,1.6997111354825372,0.6774362792944559,0.6774362792944562
472,473,active,4827,4827,1.0,1.1108519781062816,0.32065659082236375,0.3206565908223635
472,473,active_nonfinal,4827,4827,1.0,1.1108519781062816,0.32065659082236375,0.3206565908223635
472,473,all,17421,17421,1.0,2.075293639571627,0.5963427474076036,0.5963427474076036
472,473,all_final,660,660,1.0,1.357973199505571,0.4092241793066904,0.4092241793066903
472,473,all_nonfinal,16761,16761,1.0,2.0985280088308302,0.6037109387414518,0.6037109387414518
472,473,immature,4495,4495,1.0,3.361142102916776,1.1238309580689207,1.1238309580689205
472,473,immature_nonfinal,4495,4495,1.0,3.361142102916776,1.1238309580689207,1.1238309580689205
472,473,marginalized,6057,6057,1.0,1.321577472506027,0.3556357591182055,0.3556357591182054
472,473,marginalized_final,540,540,1.0,1.1981796921075178,0.3288441901091822,0.3288441901091822
472,473,marginalized_nonfinal,5517,5517,1.0,1.3330419573307075,0.35825809866231784,0.35825809866231767
472,473,outlier,2042,2042,1.0,1.9434753453480673,0.8008676244807257,0.8008676244807259
472,473,outlier_final,120,120,1.0,1.9188918866261822,0.7709341306954778,0.7709341306954776
472,473,outlier_nonfinal,1922,1922,1.0,1.944999907283728,0.8027365210750183,0.8027365210750185
474,475,active,1035,1035,1.0,1.5346160077845294,0.4346003541487407,0.4346003541487407
474,475,active_nonfinal,1035,1035,1.0,1.5346160077845294,0.4346003541487407,0.4346003541487407
474,475,all,3557,3557,1.0,2.2733029176511534,0.6786075593145577,0.6786075593145574
474,475,all_final,659,659,1.0,1.4817146706476931,0.41520039227884076,0.41520039227884076
474,475,all_nonfinal,2898,2898,1.0,2.4174016839038788,0.7385058764562209,0.7385058764562207
474,475,immature,1258,1258,1.0,3.174588914022522,1.0761819373380326,1.0761819373380324
474,475,immature_final,48,48,1.0,0.07675727135742222,0.05948523521256569,0.059485235212565685
474,475,immature_nonfinal,1210,1210,1.0,3.2369074854463533,1.1165137073397036,1.1165137073397033
474,475,marginalized,1081,1081,1.0,1.282326396190827,0.32601778975852364,0.32601778975852364
474,475,marginalized_final,538,538,1.0,1.2852903913446037,0.3272086125309627,0.3272086125309628
474,475,marginalized_nonfinal,543,543,1.0,1.2793829215817356,0.32483793220498375,0.32483793220498397
474,475,outlier,183,183,1.0,2.852544135734457,1.4083804045777528,1.4083804045777528
474,475,outlier_final,73,73,1.0,2.764195823586417,1.2975826531492451,1.2975826531492454
474,475,outlier_nonfinal,110,110,1.0,2.9096948266139036,1.481909821434853,1.481909821434853
476,477,active,1007,1007,1.0,1.415616163952955,0.4191526629111055,0.4191526629111055
476,477,active_nonfinal,1007,1007,1.0,1.415616163952955,0.4191526629111055,0.4191526629111055
476,477,all,3566,3566,1.0,2.439991961663256,0.7084859216582964,0.7084859216582964
476,477,all_final,665,665,1.0,1.3401288719423574,0.3874712794909804,0.3874712794909802
476,477,all_nonfinal,2901,2901,1.0,2.6280442061496063,0.7820725252574915,0.7820725252574915
476,477,immature,1306,1306,1.0,3.6016897130501184,1.2265394798010876,1.2265394798010876
476,477,immature_final,69,69,1.0,1.1660556374387625,0.30217629902220744,0.30217629902220755
476,477,immature_nonfinal,1237,1237,1.0,3.690516821164777,1.278100562641624,1.278100562641624
476,477,marginalized,1045,1045,1.0,1.2499740720602182,0.32839060317946495,0.32839060317946484
476,477,marginalized_final,513,513,1.0,1.2551551296859034,0.3289549207591381,0.3289549207591378
476,477,marginalized_nonfinal,532,532,1.0,1.244957632048458,0.32784643979906636,0.3278464397990659
476,477,outlier,208,208,1.0,1.7513780376906318,0.7660832891309531,0.7660832891309527
476,477,outlier_final,83,83,1.0,1.8766086526268877,0.8200525527654446,0.8200525527654444
476,477,outlier_nonfinal,125,125,1.0,1.6630233275905373,0.7302476980776508,0.7302476980776506
478,479,active,1004,1004,1.0,1.504007626535865,0.4013688033161977,0.4013688033161976
478,479,active_nonfinal,1004,1004,1.0,1.504007626535865,0.4013688033161977,0.4013688033161976
478,479,all,3709,3709,1.0,2.422351775783692,0.7130355092324391,0.7130355092324389
478,479,all_final,684,684,1.0,1.41143338232938,0.3692635372141631,0.36926353721416333
478,479,all_nonfinal,3025,3025,1.0,2.5969466833355095,0.7907677501780594,0.7907677501780591
478,479,immature,1373,1373,1.0,3.4665737808716743,1.2316653365866508,1.2316653365866501
478,479,immature_final,48,48,1.0,0.4831317855053333,0.1189081310662307,0.11890813106623078
478,479,immature_nonfinal,1325,1325,1.0,3.5276076338142572,1.2719765410130504,1.27197654101305
478,479,marginalized,1043,1043,1.0,0.7582716712414022,0.16749936215535668,0.16749936215535696
478,479,marginalized_final,516,516,1.0,0.7622780202221348,0.16876026892157167,0.16876026892157195
478,479,marginalized_nonfinal,527,527,1.0,0.7543283297884946,0.16626477412619745,0.16626477412619775
478,479,outlier,289,289,1.0,2.877736093432653,1.300678489107767,1.3006784891077667
478,479,outlier_final,120,120,1.0,2.960281053437483,1.3315697533314796,1.3315697533314796
478,479,outlier_nonfinal,169,169,1.0,2.8176565254607606,1.278743863623473,1.278743863623473
480,481,active,1024,1024,1.0,1.103400571796581,0.30719603405122115,0.30719603405122126
480,481,active_nonfinal,1024,1024,1.0,1.103400571796581,0.30719603405122115,0.30719603405122126
480,481,all,3691,3691,1.0,1.8189838505043074,0.4917406257768331,0.4917406257768332
480,481,all_final,700,700,1.0,1.0088149708349066,0.27389656079198466,0.27389656079198466
480,481,all_nonfinal,2991,2991,1.0,1.9608355814685423,0.5427238573012038,0.5427238573012039
480,481,immature,1316,1316,1.0,2.685408928116065,0.8428216263328225,0.8428216263328225
480,481,immature_final,48,48,1.0,0.17406181734284634,0.08296854411892522,0.08296854411892521
480,481,immature_nonfinal,1268,1268,1.0,2.7355551085700545,0.8715857808645795,0.8715857808645795
480,481,marginalized,1072,1072,1.0,0.6001162822358053,0.17462163052701501,0.17462163052701513
480,481,marginalized_final,530,530,1.0,0.6034149653333741,0.1755824672119749,0.1755824672119749
480,481,marginalized_nonfinal,542,542,1.0,0.5968730034180991,0.17368206697899088,0.17368206697899083
480,481,outlier,279,279,1.0,1.9760279906678135,0.7315349917379367,0.7315349917379368
480,481,outlier_final,122,122,1.0,2.060484926570854,0.7761179902814268,0.7761179902814267
480,481,outlier_nonfinal,157,157,1.0,1.9078193019772314,0.6968908782200655,0.6968908782200652
482,483,active,1055,1055,1.0,1.216836947892871,0.35969573252800835,0.35969573252800857
482,483,active_nonfinal,1055,1055,1.0,1.216836947892871,0.35969573252800835,0.35969573252800857
482,483,all,3692,3692,1.0,1.542581256807818,0.5263313982037842,0.5263313982037844
482,483,all_final,695,695,1.0,1.0782000703105084,0.3016349466514673,0.30163494665146734
482,483,all_nonfinal,2997,2997,1.0,1.6314984282331415,0.5784381829314652,0.5784381829314653
482,483,immature,1242,1242,1.0,2.124479595687886,0.9174800321842318,0.9174800321842318
482,483,immature_final,27,27,1.0,0.05444516158539532,0.04308025915661638,0.04308025915661629
482,483,immature_nonfinal,1215,1215,1.0,2.1479398871120488,0.9369111382515115,0.9369111382515115
482,483,marginalized,1034,1034,1.0,0.7303125121413965,0.2007611180090195,0.20076111800901966
482,483,marginalized_final,512,512,1.0,0.7338142840247173,0.2019409808963372,0.20194098089633736
482,483,marginalized_nonfinal,522,522,1.0,0.7268614355305598,0.19960385785900675,0.19960385785900692
482,483,outlier,361,361,1.0,1.7184382681064567,0.6001089428176691,0.6001089428176689
482,483,outlier_final,156,156,1.0,1.846973718754098,0.6735855045295932,0.6735855045295932
482,483,outlier_nonfinal,205,205,1.0,1.6137808963240758,0.5441950714661564,0.5441950714661564
484,485,active,5389,5389,1.0,0.8600383030119771,0.2878154598320118,0.2878154598320115
484,485,active_nonfinal,5389,5389,1.0,0.8600383030119771,0.2878154598320118,0.2878154598320115
484,485,all,19778,19778,1.0,1.3412868533957492,0.4695551623602095,0.4695551623602096
484,485,all_final,723,723,1.0,1.038574539693442,0.35421200550351534,0.3542120055035155
484,485,all_nonfinal,19055,19055,1.0,1.3514380935335806,0.47393160436531967,0.4739316043653197
484,485,immature,3360,3360,1.0,2.2906588929019747,1.0350692031299604,1.0350692031299604
484,485,immature_nonfinal,3360,3360,1.0,2.2906588929019747,1.0350692031299604,1.0350692031299604
484,485,marginalized,7649,7649,1.0,0.8960471496202347,0.2829446540985334,0.2829446540985334
484,485,marginalized_final,552,552,1.0,0.8383084085999931,0.2709929702843671,0.2709929702843671
484,485,marginalized_nonfinal,7097,7097,1.0,0.9003828515682697,0.28387424821793883,0.28387424821793883
484,485,outlier,3380,3380,1.0,1.521430434380127,0.6194521616595045,0.6194521616595043
484,485,outlier_final,171,171,1.0,1.5139324486966423,0.6228488911232224,0.6228488911232225
484,485,outlier_nonfinal,3209,3209,1.0,1.521828947523819,0.6192711580015754,0.6192711580015754
486,487,active,1262,1262,1.0,1.1649726735705714,0.4218006338648567,0.4218006338648567
486,487,active_nonfinal,1262,1262,1.0,1.1649726735705714,0.4218006338648567,0.4218006338648567
486,487,all,3774,3774,1.0,1.7102675276218657,0.6144436365200856,0.6144436365200854
486,487,all_final,751,751,1.0,1.0998566105134708,0.39096188036830043,0.3909618803683005
486,487,all_nonfinal,3023,3023,1.0,1.8306152935625921,0.6699629216242823,0.6699629216242821
486,487,immature,979,979,1.0,2.7688710824107563,1.2198078867881412,1.2198078867881412
486,487,immature_final,17,17,1.0,0.15744788366927906,0.13092519343414002,0.13092519343414
486,487,immature_nonfinal,962,962,1.0,2.793150602130316,1.239050096545956,1.239050096545956
486,487,marginalized,1265,1265,1.0,1.1086886063253694,0.38635724777858216,0.38635724777858227
486,487,marginalized_final,625,625,1.0,1.1144867712251247,0.38849957964773923,0.3884995796477394
486,487,marginalized_nonfinal,640,640,1.0,1.102996920049795,0.38426512681260777,0.3842651268126079
486,487,outlier,268,268,1.0,0.9956916532272454,0.3868061368800391,0.386806136880039
486,487,outlier_final,109,109,1.0,1.099421044871227,0.44563675769152733,0.4456367576915271
486,487,outlier_nonfinal,159,159,1.0,0.9178334402083649,0.3464757112922894,0.3464757112922893
488,489,active,1252,1252,1.0,1.0682633765419633,0.43670694073844285,0.43670694073844274
488,489,active_nonfinal,1252,1252,1.0,1.0682633765419633,0.43670694073844285,0.43670694073844274
488,489,all,3815,3815,1.0,1.6351811511718906,0.6080337136363428,0.6080337136363425
488,489,all_final,760,760,1.0,1.0291750042018737,0.4123292665087767,0.41232926650877655
488,489,all_nonfinal,3055,3055,1.0,1.753707362796767,0.6567195990101408,0.6567195990101405
488,489,immature,942,942,1.0,2.7531745787735975,1.1882751162905858,1.1882751162905858
488,489,immature_final,10,10,1.0,0.15169928006569855,0.12455299892613785,0.12455299892613789
488,489,immature_nonfinal,932,932,1.0,2.7678608160717624,1.1996884437301185,1.1996884437301185
488,489,marginalized,1293,1293,1.0,1.0356150665483315,0.39354967098643895,0.3935496709864387
488,489,marginalized_final,611,611,1.0,1.0633944917345062,0.4050959756293043,0.4050959756293043
488,489,marginalized_nonfinal,682,682,1.0,1.010079010724273,0.3832054009911438,0.3832054009911439
488,489,outlier,328,328,1.0,0.8638665610636779,0.4410873280089006,0.4410873280089005
488,489,outlier_final,139,139,1.0,0.904978968737391,0.4648278521431923,0.4648278521431925
488,489,outlier_nonfinal,189,189,1.0,0.8323355263752577,0.42362736581489774,0.42362736581489757
490,491,active,950,950,1.0,0.7334821780434313,0.23221305156713726,0.23221305156713734
490,491,active_nonfinal,950,950,1.0,0.7334821780434313,0.23221305156713726,0.23221305156713734
490,491,all,3316,3316,1.0,1.2437603349021342,0.42301328209646305,0.423013282096463
490,491,all_final,624,624,1.0,0.7613385935505044,0.2406839154442978,0.24068391544429793
490,491,all_nonfinal,2692,2692,1.0,1.330848852144239,0.4652768499980049,0.46527684999800484
490,491,immature,1052,1052,1.0,1.9002752891226589,0.8028430498353034,0.8028430498353036
490,491,immature_final,15,15,1.0,0.9415506658897234,0.3092865094650275,0.30928650946502745
490,491,immature_nonfinal,1037,1037,1.0,1.9106166389056491,0.8099822476227231,0.8099822476227233
490,491,marginalized,910,910,1.0,0.6528267043925948,0.18712929910574128,0.18712929910574133
490,491,marginalized_final,449,449,1.0,0.6571509457586213,0.18909893857288196,0.1890989385728819
490,491,marginalized_nonfinal,461,461,1.0,0.6485873107003977,0.1852109300802615,0.18521093008026146
490,491,outlier,404,404,1.0,1.0339642320266307,0.41393835106467103,0.41393835106467114
490,491,outlier_final,160,160,1.0,0.9826492105310936,0.3790127636002652,0.37901276360026553
490,491,outlier_nonfinal,244,244,1.0,1.0662736285380454,0.43684037563149447,0.4368403756314942
493,494,active,1087,1087,1.0,0.8773278115151288,0.33331109153210225,0.33331109153210203
493,494,active_nonfinal,1087,1087,1.0,0.8773278115151288,0.33331109153210225,0.33331109153210203
493,494,all,3457,3457,1.0,1.679658311019008,0.5721182113777589,0.5721182113777589
493,494,all_final,671,671,1.0,0.9721884029022779,0.3591447242521477,0.3591447242521476
493,494,all_nonfinal,2786,2786,1.0,1.8091726545427973,0.6234122565541,0.6234122565540999
493,494,immature,948,948,1.0,2.760361429356034,1.1063525801881524,1.1063525801881524
493,494,immature_final,10,10,1.0,0.16924470757767976,0.14219202391970542,0.14219202391970548
493,494,immature_nonfinal,938,938,1.0,2.774981478931427,1.1166314773765156,1.1166314773765156
493,494,marginalized,1008,1008,1.0,0.8058727521022967,0.2956836427293746,0.29568364272937453
493,494,marginalized_final,496,496,1.0,0.7812085496213855,0.29209956632715695,0.29209956632715683
493,494,marginalized_nonfinal,512,512,1.0,0.8290667851293463,0.29915571674402264,0.29915571674402247
493,494,outlier,414,414,1.0,1.5837317232629144,0.6488699090530032,0.6488699090530029
493,494,outlier_final,165,165,1.0,1.4167978311453249,0.5738351808225698,0.5738351808225698
493,494,outlier_nonfinal,249,249,1.0,1.6852659382093997,0.6985917169165435,0.6985917169165432
496,497,active,1271,1271,1.0,0.9810285411347244,0.4152008246491245,0.41520082464912444
496,497,active_nonfinal,1271,1271,1.0,0.9810285411347244,0.4152008246491245,0.41520082464912444
496,497,all,3697,3697,1.0,1.6451379883862454,0.6219802788778623,0.6219802788778623
496,497,all_final,747,747,1.0,1.0168444187047587,0.4194932552651127,0.41949325526511283
496,497,all_nonfinal,2950,2950,1.0,1.76917824023735,0.6732541116367536,0.6732541116367536
496,497,immature,833,833,1.0,2.88576930740763,1.2886142165140464,1.288614216514046
496,497,immature_final,4,4,1.0,0.5020338759355707,0.30319038525025044,0.3031903852502506
496,497,immature_nonfinal,829,829,1.0,2.8925127698874324,1.293368975651628,1.2933689756516278
496,497,marginalized,1156,1156,1.0,1.0453103422753192,0.4288567863348407,0.42885678633484076
496,497,marginalized_final,567,567,1.0,0.9758530834577237,0.4092580349010602,0.40925803490106033
496,497,marginalized_nonfinal,589,589,1.0,1.1080679673427132,0.4477234961191425,0.4477234961191425
496,497,outlier,437,437,1.0,1.154580496247271,0.4635394863229973,0.4635394863229973
496,497,outlier_final,176,176,1.0,1.1466883140411328,0.45511019518827994,0.45511019518828016
496,497,outlier_nonfinal,261,261,1.0,1.159872112267897,0.4692236060153731,0.4692236060153731
499,500,active,1299,1299,1.0,0.6069506065943877,0.2574817691073435,0.2574817691073435
499,500,active_nonfinal,1299,1299,1.0,0.6069506065943877,0.2574817691073435,0.2574817691073435
499,500,all,3730,3730,1.0,1.315248326925355,0.44637098717873175,0.44637098717873197
499,500,all_final,754,754,1.0,0.7469355915352586,0.2885736460647415,0.2885736460647415
499,500,all_nonfinal,2976,2976,1.0,1.4236599183438385,0.4863505554582841,0.4863505554582842
499,500,immature,830,830,1.0,2.4072624582691313,0.9817354234975799,0.9817354234975799
499,500,immature_final,3,3,1.0,0.03355067161468297,0.030080401294875287,0.03008040129487531
499,500,immature_nonfinal,827,827,1.0,2.4116239150804426,0.9851876182576864,0.9851876182576864
499,500,marginalized,1168,1168,1.0,0.5652791744361241,0.22161964901508743,0.22161964901508743
499,500,marginalized_final,577,577,1.0,0.568467798738001,0.22303524444532488,0.223035244445325
499,500,marginalized_nonfinal,591,591,1.0,0.5621486357047641,0.220237587148341,0.22023758714834102
499,500,outlier,433,433,1.0,1.3515087912528863,0.5930780890383763,0.5930780890383763
499,500,outlier_final,174,174,1.0,1.1601675819123365,0.510361792436655,0.5103617924366551
499,500,outlier_nonfinal,259,259,1.0,1.4660973846674143,0.6486481106935865,0.6486481106935865
502,503,active,1398,1398,1.0,0.6373312732688242,0.27498492575882943,0.2749849257588295
502,503,active_nonfinal,1398,1398,1.0,0.6373312732688242,0.27498492575882943,0.2749849257588295
502,503,all,3982,3982,1.0,1.3212917847362324,0.4288718367918721,0.42887183679187185
502,503,all_final,825,825,1.0,0.740134017904012,0.3088489395981158,0.3088489395981159
502,503,all_nonfinal,3157,3157,1.0,1.4348803924640716,0.4602367053965118,0.4602367053965117
502,503,immature,822,822,1.0,2.5148552984934573,0.8827614256958412,0.8827614256958412
502,503,immature_final,7,7,1.0,0.08389966400318012,0.0652228027875674,0.06522280278756726
502,503,immature_nonfinal,815,815,1.0,2.525620230355645,0.8897832298189797,0.8897832298189797
502,503,marginalized,1256,1256,1.0,0.4471260491090544,0.205999807480882,0.20599980748088204
502,503,marginalized_final,607,607,1.0,0.4497097823838981,0.20326636837626974,0.20326636837626968
502,503,marginalized_nonfinal,649,649,1.0,0.44469593621608045,0.20855635222125116,0.2085563522212511
502,503,outlier,506,506,1.0,1.3587149096000353,0.6699072683328436,0.6699072683328434
502,503,outlier_final,211,211,1.0,1.248933898663028,0.6206688622963826,0.6206688622963824
502,503,outlier_nonfinal,295,295,1.0,1.4320831912402345,0.7051252468877349,0.7051252468877351
505,506,active,1247,1247,1.0,0.5407380168125725,0.1893383300953953,0.18933833009539514
505,506,active_nonfinal,1247,1247,1.0,0.5407380168125725,0.1893383300953953,0.18933833009539514
505,506,all,3677,3677,1.0,0.8021612781694014,0.2619982228753185,0.2619982228753186
505,506,all_final,734,734,1.0,0.5403270601946406,0.19788160907447208,0.1978816090744721
505,506,all_nonfinal,2943,2943,1.0,0.8550620116436992,0.2779892505782818,0.2779892505782819
505,506,immature,834,834,1.0,1.3560459318759637,0.4811969629646378,0.481196962964638
505,506,immature_final,1,1,1.0,0.027823448844010557,0.027823448844010557,0.02782344884400974
505,506,immature_nonfinal,833,833,1.0,1.3568592984174708,0.4817412288879519,0.48174122888795207
505,506,marginalized,1045,1045,1.0,0.36927900920776685,0.1206958387034683,0.12069583870346835
505,506,marginalized_final,509,509,1.0,0.363256389860795,0.11808799793352168,0.11808799793352168
505,506,marginalized_nonfinal,536,536,1.0,0.37490869985589786,0.12317231436000357,0.12317231436000357
505,506,outlier,551,551,1.0,0.7683382743817119,0.36264455413059016,0.3626445541305901
505,506,outlier_final,224,224,1.0,0.8104445767867741,0.37995752974846436,0.3799575297484644
505,506,outlier_nonfinal,327,327,1.0,0.7381098443488127,0.35078490110794863,0.35078490110794863
509,510,active,1177,1177,1.0,0.6961359330312047,0.21524159058642534,0.21524159058642522
509,510,active_nonfinal,1177,1177,1.0,0.6961359330312047,0.21524159058642534,0.21524159058642522
509,510,all,3601,3601,1.0,0.9521032433652983,0.3239745018813014,0.32397450188130106
509,510,all_final,695,695,1.0,0.6706771696235472,0.22261414983860603,0.22261414983860608
509,510,all_nonfinal,2906,2906,1.0,1.0078310277147018,0.3482158799507003,0.3482158799507
509,510,immature,884,884,1.0,1.4955000745595717,0.6220735625126941,0.622073562512694
509,510,immature_nonfinal,884,884,1.0,1.4955000745595717,0.6220735625126941,0.622073562512694
509,510,marginalized,984,984,1.0,0.5580041733423532,0.16513978769912882,0.16513978769912882
509,510,marginalized_final,481,481,1.0,0.5341560355943051,0.1588298523952738,0.15882985239527386
509,510,marginalized_nonfinal,503,503,1.0,0.5798926247766114,0.17117374173720823,0.17117374173720826
509,510,outlier,556,556,1.0,0.8592046985017302,0.36129900862801795,0.3612990086280179
509,510,outlier_final,214,214,1.0,0.9052708128001208,0.36597979035375977,0.36597979035375955
509,510,outlier_nonfinal,342,342,1.0,0.82907883537105,0.35837009842536166,0.35837009842536144
512,513,active,3094,3094,1.0,0.8566197831379645,0.23985849491783717,0.2398584949178373
512,513,active_nonfinal,3094,3094,1.0,0.8566197831379645,0.23985849491783717,0.2398584949178373
512,513,all,11219,11219,1.0,1.3174836563476553,0.463243820206445,0.4632438202064447
512,513,all_final,560,560,1.0,1.3049607966573393,0.4504490100009019,0.45044901000090193
512,513,all_nonfinal,10659,10659,1.0,1.3181382899023761,0.4639160308936671,0.46391603089366684
512,513,immature,1754,1754,1.0,1.3677660508850928,0.5233763508586995,0.5233763508586993
512,513,immature_nonfinal,1754,1754,1.0,1.3677660508850928,0.5233763508586995,0.5233763508586993
512,513,marginalized,4174,4174,1.0,1.0550277732264683,0.356149411157031,0.3561494111570313
512,513,marginalized_final,411,411,1.0,0.9037315697741275,0.2757208576903744,0.27572085769037435
512,513,marginalized_nonfinal,3763,3763,1.0,1.070257756608318,0.3649339276265491,0.3649339276265494
512,513,outlier,2197,2197,1.0,2.0547569962720287,0.9332910669297877,0.9332910669297879
512,513,outlier_final,149,149,1.0,2.0365129476734483,0.9324172690587997,0.9324172690587993
512,513,outlier_nonfinal,2048,2048,1.0,2.056078004815427,0.933354639138175,0.9333546391381751
515,516,active,1143,1143,1.0,2.1053084953581545,0.6639092551348057,0.6639092551348059
515,516,active_nonfinal,1143,1143,1.0,2.1053084953581545,0.6639092551348057,0.6639092551348059
515,516,all,3246,3246,1.0,2.313098854135379,0.7926349948664103,0.7926349948664103
515,516,all_final,630,630,1.0,2.1205814022799827,0.6878283353073856,0.6878283353073854
515,516,all_nonfinal,2616,2616,1.0,2.357113845801553,0.8178751307693879,0.8178751307693879
515,516,immature,743,743,1.0,2.8489576439220974,1.1283477791806533,1.1283477791806533
515,516,immature_nonfinal,743,743,1.0,2.8489576439220974,1.1283477791806533,1.1283477791806533
515,516,marginalized,1088,1088,1.0,2.1093440343627314,0.6744267237005896,0.6744267237005894
515,516,marginalized_final,526,526,1.0,2.107306655669581,0.6609731096821527,0.6609731096821525
515,516,marginalized_nonfinal,562,562,1.0,2.111249123599146,0.6870185403797671,0.6870185403797671
515,516,outlier,272,272,1.0,2.292779833703781,0.8893611742640426,0.8893611742640425
515,516,outlier_final,104,104,1.0,2.186486708931822,0.8236538033734658,0.8236538033734657
515,516,outlier_nonfinal,168,168,1.0,2.3561785522339798,0.9300371657677327,0.9300371657677324
517,518,active,1138,1138,1.0,3.1030328975435104,0.8382441032345362,0.8382441032345362
517,518,active_nonfinal,1138,1138,1.0,3.1030328975435104,0.8382441032345362,0.8382441032345362
517,518,all,3154,3154,1.0,3.3313983287474542,1.0358530010875098,1.03585300108751
517,518,all_final,622,622,1.0,3.214601016114308,0.9283161065326283,0.9283161065326285
517,518,all_nonfinal,2532,2532,1.0,3.35946901767842,1.0622700423249263,1.0622700423249265
517,518,immature,676,676,1.0,3.7123378554524233,1.4124783382253425,1.4124783382253425
517,518,immature_nonfinal,676,676,1.0,3.7123378554524233,1.4124783382253425,1.4124783382253425
517,518,marginalized,1115,1115,1.0,3.303351318788234,0.990987986889213,0.990987986889213
517,518,marginalized_final,527,527,1.0,3.165482647310424,0.8952132249952346,0.8952132249952347
517,518,marginalized_nonfinal,588,588,1.0,3.422200706230727,1.0768269316479293,1.0768269316479293
517,518,outlier,225,225,1.0,3.375001898960603,1.1260960618991096,1.1260960618991103
517,518,outlier_final,95,95,1.0,3.4744913496274488,1.1119499862190054,1.1119499862190054
517,518,outlier_nonfinal,130,130,1.0,3.3004020103347425,1.1364335787422628,1.136433578742263
519,520,active,1080,1080,1.0,1.1663679612737878,0.27745056802035917,0.2774505680203592
519,520,active_nonfinal,1080,1080,1.0,1.1663679612737878,0.27745056802035917,0.2774505680203592
519,520,all,3075,3075,1.0,2.4142528039890903,0.660786986104706,0.6607869861047067
519,520,all_final,592,592,1.0,1.132283864957559,0.2686094637240031,0.2686094637240032
519,520,all_nonfinal,2483,2483,1.0,2.6291844299217426,0.7542904469381233,0.7542904469381237
519,520,immature,708,708,1.0,4.586790292053118,1.964634508412408,1.9646345084124077
519,520,immature_nonfinal,708,708,1.0,4.586790292053118,1.964634508412408,1.9646345084124077
519,520,marginalized,996,996,1.0,0.9181345191459314,0.20952424228102848,0.20952424228102853
519,520,marginalized_final,478,478,1.0,0.9312459270308253,0.20983511019075496,0.20983511019075496
519,520,marginalized_nonfinal,518,518,1.0,0.9058672335814622,0.20923737961529676,0.20923737961529676
519,520,outlier,291,291,1.0,1.5716439070433117,0.45575942110684864,0.4557594211068488
519,520,outlier_final,114,114,1.0,1.7382508996591162,0.5150492969599032,0.5150492969599031
519,520,outlier_nonfinal,177,177,1.0,1.4542669428138058,0.41757272140488094,0.4175727214048812
521,522,active,1102,1102,1.0,1.775680595143474,0.3557865726533306,0.3557865726533306
521,522,active_nonfinal,1102,1102,1.0,1.775680595143474,0.3557865726533306,0.3557865726533306
521,522,all,3065,3065,1.0,2.5836175416158507,0.6779966552379719,0.677996655237972
521,522,all_final,597,597,1.0,1.899537714319634,0.36902748010781117,0.36902748010781117
521,522,all_nonfinal,2468,2468,1.0,2.72340518747534,0.752735146953006,0.7527351469530064
521,522,immature,681,681,1.0,4.167008631326439,1.7502553105283445,1.7502553105283445
521,522,immature_nonfinal,681,681,1.0,4.167008631326439,1.7502553105283445,1.7502553105283445
521,522,marginalized,1033,1033,1.0,1.4324278717493555,0.3142510980050957,0.31425109800509554
521,522,marginalized_final,498,498,1.0,1.4489878621737322,0.31287306846273544,0.31287306846273544
521,522,marginalized_nonfinal,535,535,1.0,1.4168392254781714,0.31553382456976026,0.31553382456976026
521,522,outlier,249,249,1.0,3.4941426149779202,0.680472668800574,0.6804726688005737
521,522,outlier_final,99,99,1.0,3.3462440961868634,0.651501187170919,0.651501187170919
521,522,outlier_nonfinal,150,150,1.0,3.58841795713385,0.6995938466761462,0.6995938466761462
523,524,active,1157,1157,1.0,1.796629342430426,0.3671313876808032,0.3671313876808031
523,524,active_nonfinal,1157,1157,1.0,1.796629342430426,0.3671313876808032,0.3671313876808031
523,524,all,3303,3303,1.0,2.3179782218020435,0.6533700821565015,0.6533700821565013
523,524,all_final,629,629,1.0,1.8414959344174713,0.4009930865427452,0.4009930865427452
523,524,all_nonfinal,2674,2674,1.0,2.416448915312102,0.7127362490379724,0.7127362490379722
523,524,immature,798,798,1.0,3.3975527156954906,1.4425750460190125,1.4425750460190123
523,524,immature_nonfinal,798,798,1.0,3.3975527156954906,1.4425750460190125,1.4425750460190123
523,524,marginalized,1078,1078,1.0,1.2936959713849066,0.28355761720581735,0.2835576172058174
523,524,marginalized_final,524,524,1.0,1.228980336280218,0.2589987165071922,0.25899871650719214
523,524,marginalized_nonfinal,554,554,1.0,1.3520596346741016,0.30678661353448233,0.30678661353448244
523,524,outlier,270,270,1.0,3.3314676241141865,1.0239272879451689,1.0239272879451686
523,524,outlier_final,105,105,1.0,3.57446062453199,1.1096126093868384,1.1096126093868381
523,524,outlier_nonfinal,165,165,1.0,3.167143769952972,0.969400265209561,0.9694002652095609
525,526,active,1153,1153,1.0,1.1196089296211718,0.22692108260568739,0.22692108260568727
525,526,active_nonfinal,1153,1153,1.0,1.1196089296211718,0.22692108260568739,0.22692108260568727
525,526,all,3268,3268,1.0,2.19073155024165,0.5367531396157111,0.5367531396157117
525,526,all_final,630,630,1.0,1.392857726308074,0.27880880011942183,0.27880880011942166
525,526,all_nonfinal,2638,2638,1.0,2.341397776186295,0.5983547066675164,0.5983547066675168
525,526,immature,759,759,1.0,3.773264021807355,1.3934162894595563,1.3934162894595563
525,526,immature_nonfinal,759,759,1.0,3.773264021807355,1.3934162894595563,1.3934162894595563
525,526,marginalized,1014,1014,1.0,1.4459706501967684,0.29731094586810186,0.2973109458681019
525,526,marginalized_final,491,491,1.0,1.2600352262801584,0.2561293791484996,0.25612937914849954
525,526,marginalized_nonfinal,523,523,1.0,1.600996087011488,0.33597279913640915,0.335972799136409
525,526,outlier,342,342,1.0,1.9589597788296471,0.3900379801454016,0.3900379801454016
525,526,outlier_final,139,139,1.0,1.784582211396774,0.3589209993764205,0.3589209993764206
525,526,outlier_nonfinal,203,203,1.0,2.0699051975283362,0.4113446812630782,0.41134468126307816
527,528,active,1024,1024,1.0,1.0128980074074336,0.20776952910131688,0.2077695291013169
527,528,active_nonfinal,1024,1024,1.0,1.0128980074074336,0.20776952910131688,0.2077695291013169
527,528,all,2943,2943,1.0,1.926334416409814,0.4656513821337399,0.4656513821337401
527,528,all_final,603,603,1.0,1.0381635255455357,0.2295580967305912,0.22955809673059127
527,528,all_nonfinal,2340,2340,1.0,2.0950568432994228,0.5264908056799359,0.5264908056799361
527,528,immature,539,539,1.0,3.9323477684281833,1.5398066037761984,1.539806603776198
527,528,immature_nonfinal,539,539,1.0,3.9323477684281833,1.5398066037761984,1.539806603776198
527,528,marginalized,918,918,1.0,1.230540920581952,0.26248279879089087,0.2624827987908908
527,528,marginalized_final,401,401,1.0,1.2022465434326892,0.24934616900346787,0.249346169003468
527,528,marginalized_nonfinal,517,517,1.0,1.2520466197070448,0.27267194491227686,0.2726719449122769
527,528,outlier,462,462,1.0,0.5609579631295196,0.18775119284510883,0.18775119284510883
527,528,outlier_final,202,202,1.0,0.589929332702235,0.19027583444631574,0.19027583444631574
527,528,outlier_nonfinal,260,260,1.0,0.5373723664719903,0.18578974052417133,0.18578974052417127
529,530,active,142,142,1.0,32.9966727494872,26.610084195463756,26.610084195463756
529,530,active_nonfinal,142,142,1.0,32.9966727494872,26.610084195463756,26.610084195463756
529,530,all,3305,3305,1.0,27.22345158014695,21.600529876527066,21.600529876527066
529,530,all_nonfinal,3305,3305,1.0,27.22345158014695,21.600529876527066,21.600529876527066
529,530,immature,2597,2597,1.0,27.451468998426137,21.965314839713372,21.965314839713372
529,530,immature_nonfinal,2597,2597,1.0,27.451468998426137,21.965314839713372,21.965314839713372
529,530,marginalized,209,209,1.0,27.37750251251553,23.31397080499031,23.31397080499031
529,530,marginalized_nonfinal,209,209,1.0,27.37750251251553,23.31397080499031,23.31397080499031
529,530,outlier,357,357,1.0,22.52144244599204,15.951195375875246,15.951195375875246
529,530,outlier_nonfinal,357,357,1.0,22.52144244599204,15.951195375875246,15.951195375875246
530,531,active,4124,4124,1.0,0.4282120491452916,0.3325480057095784,0.3325480057095784
530,531,active_nonfinal,4124,4124,1.0,0.4282120491452916,0.3325480057095784,0.3325480057095784
530,531,all,16452,16452,1.0,1.065454452024906,0.42413492139810727,0.42413492139810727
530,531,all_final,508,508,1.0,0.5178166051851141,0.36911061549240903,0.36911061549240903
530,531,all_nonfinal,15944,15944,1.0,1.0783408588213794,0.4258880791627904,0.4258880791627904
530,531,immature,1775,1775,1.0,2.884273793940547,0.8940390787127825,0.8940390787127825
530,531,immature_nonfinal,1775,1775,1.0,2.884273793940547,0.8940390787127825,0.8940390787127825
530,531,marginalized,7874,7874,1.0,0.4426803209979275,0.3428303511663171,0.3428303511663172
530,531,marginalized_final,406,406,1.0,0.43257797914699025,0.33854824470303285,0.3385482447030328
530,531,marginalized_nonfinal,7468,7468,1.0,0.4432229384066838,0.34306314913419245,0.3430631491341925
530,531,outlier,2679,2679,1.0,0.7753855768274739,0.49274886207414414,0.4927488620741441
530,531,outlier_final,102,102,1.0,0.7684965276698743,0.49076083647757446,0.49076083647757435
530,531,outlier_nonfinal,2577,2577,1.0,0.7756569928317397,0.49282754993244837,0.49282754993244815
534,535,active,1485,1485,1.0,0.6451225989994358,0.22299542663178817,0.22299542663178815
534,535,active_nonfinal,1485,1485,1.0,0.6451225989994358,0.22299542663178817,0.22299542663178815
534,535,all,3965,3965,1.0,1.3590880790542812,0.3975310936888464,0.3975310936888464
534,535,all_final,591,591,1.0,0.9385290633274682,0.26493758371059123,0.2649375837105912
534,535,all_nonfinal,3374,3374,1.0,1.4199920959016814,0.4207565721705139,0.4207565721705139
534,535,immature,1028,1028,1.0,2.144361507212938,0.7718111054068854,0.7718111054068854
534,535,immature_nonfinal,1028,1028,1.0,2.144361507212938,0.7718111054068854,0.7718111054068854
534,535,marginalized,1131,1131,1.0,1.000853681684549,0.2639973943001352,0.2639973943001352
534,535,marginalized_final,501,501,1.0,0.826354651558761,0.23354990974377302,0.233549909743773
534,535,marginalized_nonfinal,630,630,1.0,1.1203868274200448,0.2882103939235279,0.2882103939235279
534,535,outlier,321,321,1.0,1.6232637661513065,0.4768215221692641,0.47682152216926404
534,535,outlier_final,90,90,1.0,1.408153571625129,0.4396623021258787,0.43966230212587865
534,535,outlier_nonfinal,231,231,1.0,1.6997193343296957,0.4912991403679856,0.49129914036798533
537,538,active,2380,2380,1.0,0.5695698847546012,0.3490573409423014,0.3490573409423014
537,538,active_nonfinal,2380,2380,1.0,0.5695698847546012,0.3490573409423014,0.3490573409423014
537,538,all,7206,7206,1.0,0.992938098011102,0.43725820410411403,0.43725820410411376
537,538,all_final,552,552,1.0,0.6464020135419501,0.386858691418818,0.386858691418818
537,538,all_nonfinal,6654,6654,1.0,1.016392395824094,0.4414392276992871,0.441439227699287
537,538,immature,1724,1724,1.0,1.6662926766719748,0.5950214161899028,0.5950214161899028
537,538,immature_nonfinal,1724,1724,1.0,1.6662926766719748,0.5950214161899028,0.5950214161899028
537,538,marginalized,2655,2655,1.0,0.6767917741224889,0.39576384444408924,0.39576384444408913
537,538,marginalized_final,495,495,1.0,0.6150708460025226,0.3668513376560009,0.366851337656001
537,538,marginalized_nonfinal,2160,2160,1.0,0.6901591848993859,0.4023896272496927,0.40238962724969257
537,538,outlier,447,447,1.0,0.8587394957180676,0.5448684984812402,0.5448684984812401
537,538,outlier_final,57,57,1.0,0.872390532661393,0.560606763569597,0.5606067635695972
537,538,outlier_nonfinal,390,390,1.0,0.8567261258658526,0.5425682905067879,0.5425682905067878
540,541,active,1055,1055,1.0,0.4719860285353448,0.186276023374767,0.18627602337476698
540,541,active_nonfinal,1055,1055,1.0,0.4719860285353448,0.186276023374767,0.18627602337476698
540,541,all,3045,3045,1.0,0.8140601191187777,0.29109540524341276,0.29109540524341276
540,541,all_final,574,574,1.0,0.4737411345627302,0.2000259507635723,0.2000259507635723
540,541,all_nonfinal,2471,2471,1.0,0.8743569428166849,0.3122503493435458,0.3122503493435457
540,541,immature,756,756,1.0,1.4088887606664608,0.5743775795177841,0.5743775795177841
540,541,immature_nonfinal,756,756,1.0,1.4088887606664608,0.5743775795177841,0.5743775795177841
540,541,marginalized,1076,1076,1.0,0.4403607894155555,0.18516325418549234,0.18516325418549254
540,541,marginalized_final,514,514,1.0,0.44535388054177766,0.18178463819236199,0.18178463819236196
540,541,marginalized_nonfinal,562,562,1.0,0.4357440639778116,0.1882533051115942,0.18825330511159433
540,541,outlier,158,158,1.0,0.6824603054762515,0.35695691573909966,0.35695691573909977
540,541,outlier_final,60,60,1.0,0.6692831956338646,0.3562931951236081,0.35629319512360824
540,541,outlier_nonfinal,98,98,1.0,0.6904038087364495,0.35736327529960493,0.357363275299605
542,543,active,1346,1346,1.0,0.7975173934075532,0.41925787706116774,0.41925787706116757
542,543,active_nonfinal,1346,1346,1.0,0.7975173934075532,0.41925787706116774,0.41925787706116757
542,543,all,3691,3691,1.0,1.268504203567837,0.5490134534191142,0.5490134534191142
542,543,all_final,533,533,1.0,0.8665280014136423,0.4435989110904565,0.4435989110904565
542,543,all_nonfinal,3158,3158,1.0,1.3243690448727752,0.5668050782009937,0.5668050782009937
542,543,immature,1027,1027,1.0,1.9584841402515174,0.8265028767212971,0.8265028767212974
542,543,immature_nonfinal,1027,1027,1.0,1.9584841402515174,0.8265028767212971,0.8265028767212974
542,543,marginalized,1115,1115,1.0,0.5996047716753026,0.4015692771854818,0.40156927718548197
542,543,marginalized_final,470,470,1.0,0.5804705668607374,0.3935609722412886,0.39356097224128855
542,543,marginalized_nonfinal,645,645,1.0,0.6131715765098722,0.4074047862145841,0.40740478621458426
542,543,outlier,203,203,1.0,1.9131419921617225,0.8153662836996919,0.8153662836996918
542,543,outlier_final,63,63,1.0,1.9593061095162116,0.8168978199651995,0.8168978199651996
542,543,outlier_nonfinal,140,140,1.0,1.892000691145688,0.8146770923802127,0.8146770923802125
544,545,active,1334,1334,1.0,0.5022190798842415,0.2253751280125843,0.22537512801258422
544,545,active_nonfinal,1334,1334,1.0,0.5022190798842415,0.2253751280125843,0.22537512801258422
544,545,all,3551,3551,1.0,2.0512967401098905,0.6010323882555693,0.6010323882555694
544,545,all_final,515,515,1.0,0.5860411204255904,0.2521139819950065,0.25211398199500645
544,545,all_nonfinal,3036,3036,1.0,2.205297332338835,0.6602197990672254,0.6602197990672254
544,545,immature,983,983,1.0,3.782286536343392,1.5152436815865802,1.5152436815865806
544,545,immature_nonfinal,983,983,1.0,3.782286536343392,1.5152436815865802,1.5152436815865806
544,545,marginalized,1056,1056,1.0,0.5508191021072371,0.2483822176015376,0.24838221760153767
544,545,marginalized_final,458,458,1.0,0.5170244375063868,0.2355950174274234,0.23559501742742334
544,545,marginalized_nonfinal,598,598,1.0,0.5753612247879604,0.25817575887201344,0.25817575887201344
544,545,outlier,178,178,1.0,1.1183081937383366,0.4597720738196936,0.4597720738196933
544,545,outlier_final,57,57,1.0,0.9773202275125685,0.3848453113275165,0.3848453113275165
544,545,outlier_nonfinal,121,121,1.0,1.1788961335424857,0.49506815201848803,0.49506815201848764
546,547,active,2843,2843,1.0,1.0811644526915785,0.30482633993142405,0.3048263399314242
546,547,active_nonfinal,2843,2843,1.0,1.0811644526915785,0.30482633993142405,0.3048263399314242
546,547,all,13608,13608,1.0,1.224471203241929,0.35842335918352347,0.35842335918352336
546,547,all_final,538,538,1.0,0.7847939826387677,0.26644751034859976,0.2664475103485998
546,547,all_nonfinal,13070,13070,1.0,1.2392313149970284,0.362209358163874,0.36220935816387384
546,547,immature,1779,1779,1.0,2.724175530411611,0.9634914664999592,0.9634914664999598
546,547,immature_nonfinal,1779,1779,1.0,2.724175530411611,0.9634914664999592,0.9634914664999598
546,547,marginalized,7180,7180,1.0,0.46635440224077895,0.2191254316441201,0.21912543164411988
546,547,marginalized_final,442,442,1.0,0.5028512263951164,0.2189052997942775,0.21890529979427759
546,547,marginalized_nonfinal,6738,6738,1.0,0.46385992675491694,0.21913987187529121,0.21913987187529102
546,547,outlier,1806,1806,1.0,1.1324035724774164,0.4005713561661785,0.4005713561661785
546,547,outlier_final,96,96,1.0,1.5124181207451355,0.4853397714424584,0.4853397714424584
546,547,outlier_nonfinal,1710,1710,1.0,1.1072094779337647,0.3958124275892646,0.3958124275892646
548,549,active,1017,1017,1.0,0.5274830811680974,0.24311077488347807,0.24311077488347793
548,549,active_nonfinal,1017,1017,1.0,0.5274830811680974,0.24311077488347807,0.24311077488347793
548,549,all,3051,3051,1.0,1.9869474840139234,0.5818548015401065,0.581854801540106
548,549,all_final,550,550,1.0,0.5035350044932461,0.24165284106718343,0.24165284106718346
548,549,all_nonfinal,2501,2501,1.0,2.181835498533131,0.6566693070419484,0.656669307041948
548,549,immature,857,857,1.0,3.659044443148391,1.4511097876492902,1.4511097876492909
548,549,immature_nonfinal,857,857,1.0,3.659044443148391,1.4511097876492902,1.4511097876492909
548,549,marginalized,1049,1049,1.0,0.3365819048462392,0.21370198798714737,0.21370198798714735
548,549,marginalized_final,498,498,1.0,0.33258913328107675,0.20964275329695362,0.20964275329695356
548,549,marginalized_nonfinal,551,551,1.0,0.3401502963943392,0.21737076997574356,0.2173707699757436
548,549,outlier,128,128,1.0,1.1503546640299136,0.4704755314719258,0.47047553147192583
548,549,outlier_final,52,52,1.0,1.2737330861512466,0.5482109893282306,0.5482109893282306
548,549,outlier_nonfinal,76,76,1.0,1.0576776851081529,0.41728811293866463,0.41728811293866475
550,551,active,1289,1289,1.0,0.8718215898564226,0.4739947500701609,0.4739947500701605
550,551,active_nonfinal,1289,1289,1.0,0.8718215898564226,0.4739947500701609,0.4739947500701605
550,551,all,3821,3821,1.0,2.6141749169847075,0.9465676433603148,0.9465676433603143
550,551,all_final,509,509,1.0,0.8464023597663899,0.48487971511401273,0.4848797151140125
550,551,all_nonfinal,3312,3312,1.0,2.7882022607936157,1.0175214946517905,1.0175214946517899
550,551,immature,1286,1286,1.0,4.3454833315325745,1.857436035528078,1.857436035528077
550,551,immature_nonfinal,1286,1286,1.0,4.3454833315325745,1.857436035528078,1.857436035528077
550,551,marginalized,1088,1088,1.0,0.8379108649147677,0.4905261544092705,0.4905261544092703
550,551,marginalized_final,461,461,1.0,0.8542667102357072,0.47772159388836327,0.4777215938883631
550,551,marginalized_nonfinal,627,627,1.0,0.8256786205637233,0.4999406717938614,0.49994067179386115
550,551,outlier,158,158,1.0,0.733170981791012,0.5284843971704923,0.5284843971704921
550,551,outlier_final,48,48,1.0,0.7667753999245177,0.5536275043853542,0.5536275043853541
550,551,outlier_nonfinal,110,110,1.0,0.7180145232816498,0.5175128594767342,0.5175128594767342
552,553,active,1364,1364,1.0,0.7122251075228021,0.47380248911706807,0.4738024891170679
552,553,active_nonfinal,1364,1364,1.0,0.7122251075228021,0.47380248911706807,0.4738024891170679
552,553,all,3973,3973,1.0,3.0523911291486567,1.0613107781307527,1.0613107781307527
552,553,all_final,531,531,1.0,0.7309366261465157,0.4847119544317058,0.4847119544317058
552,553,all_nonfinal,3442,3442,1.0,3.2668064736224918,1.1502631242621266,1.1502631242621266
552,553,immature,1324,1324,1.0,5.185277076840041,2.214687264712693,2.214687264712693
552,553,immature_nonfinal,1324,1324,1.0,5.185277076840041,2.214687264712693,2.214687264712693
552,553,marginalized,1130,1130,1.0,0.7723448419382133,0.5056134224906174,0.5056134224906171
552,553,marginalized_final,475,475,1.0,0.7468946761941371,0.4925766415690934,0.4925766415690934
552,553,marginalized_nonfinal,655,655,1.0,0.790288545015891,0.5150675765940124,0.5150675765940121
552,553,outlier,155,155,1.0,0.5809563189559069,0.4305291642825203,0.4305291642825203
552,553,outlier_final,56,56,1.0,0.5781274789220608,0.4180025546056517,0.41800255460565167
552,553,outlier_nonfinal,99,99,1.0,0.5825503881388003,0.43761492329165785,0.4376149232916578
554,555,active,3629,3629,1.0,1.0511000548470504,0.28774074379613596,0.287740743796136
554,555,active_nonfinal,3629,3629,1.0,1.0511000548470504,0.28774074379613596,0.287740743796136
554,555,all,14998,14998,1.0,2.746677929273176,0.6986240330949974,0.6986240330949975
554,555,all_final,535,535,1.0,1.0718811454550712,0.3532514402601012,0.353251440260101
554,555,all_nonfinal,14463,14463,1.0,2.7894100107259674,0.7113996907847363,0.7113996907847364
554,555,immature,2733,2733,1.0,6.02467822245259,2.2722703054077504,2.2722703054077513
554,555,immature_nonfinal,2733,2733,1.0,6.02467822245259,2.2722703054077504,2.2722703054077513
554,555,marginalized,6673,6673,1.0,1.1077547220978663,0.3470053193892278,0.34700531938922785
554,555,marginalized_final,436,436,1.0,1.0944862469574745,0.32667820698396244,0.32667820698396227
554,555,marginalized_nonfinal,6237,6237,1.0,1.1086763219016753,0.3484262943785976,0.34842629437859757
554,555,outlier,1963,1963,1.0,0.9446094075243211,0.4625934020167872,0.4625934020167868
554,555,outlier_final,99,99,1.0,0.9660533765955797,0.47028103327420795,0.47028103327420806
554,555,outlier_nonfinal,1864,1864,1.0,0.9434568535527469,0.46218509971287897,0.46218509971287847
556,557,active,1140,1140,1.0,0.5964310953314114,0.266007951882442,0.266007951882442
556,557,active_nonfinal,1140,1140,1.0,0.5964310953314114,0.266007951882442,0.266007951882442
556,557,all,3322,3322,1.0,3.1824758111723686,0.8506088818359995,0.8506088818359989
556,557,all_final,600,600,1.0,0.5848067915283379,0.25736165495858904,0.25736165495858915
556,557,all_nonfinal,2722,2722,1.0,3.5050358708457368,0.9813760883482853,0.9813760883482846
556,557,immature,938,938,1.0,5.914855196771195,2.3471736101564993,2.347173610156499
556,557,immature_nonfinal,938,938,1.0,5.914855196771195,2.3471736101564993,2.347173610156499
556,557,marginalized,1066,1066,1.0,0.5582220990340253,0.23444752986690598,0.23444752986690612
556,557,marginalized_final,518,518,1.0,0.5561515011078717,0.2328600979378212,0.23286009793782123
556,557,marginalized_nonfinal,548,548,1.0,0.5601723064562762,0.23594805858819437,0.23594805858819437
556,557,outlier,178,178,1.0,0.7173652302174599,0.39833554577686464,0.3983355457768645
556,557,outlier_final,82,82,1.0,0.7406297839117709,0.4121397834556354,0.4121397834556355
556,557,outlier_nonfinal,96,96,1.0,0.6968786688126954,0.38654442609291473,0.3865444260929147
557,558,active,1027,1027,1.0,0.5827980617290357,0.35675740023656716,0.35675740023656716
557,558,active_nonfinal,1027,1027,1.0,0.5827980617290357,0.35675740023656716,0.35675740023656716
557,558,all,3120,3120,1.0,2.575662036780641,0.7943006986141472,0.7943006986141473
557,558,all_final,543,543,1.0,0.571622573505621,0.35380826977426044,0.3538082697742604
557,558,all_nonfinal,2577,2577,1.0,2.82188646898881,0.8871169147026456,0.8871169147026459
557,558,immature,968,968,1.0,4.544373511625365,1.7735317374523445,1.7735317374523445
557,558,immature_nonfinal,968,968,1.0,4.544373511625365,1.7735317374523445,1.7735317374523445
557,558,marginalized,933,933,1.0,0.5183874863578394,0.33088015923895137,0.33088015923895125
557,558,marginalized_final,461,461,1.0,0.5197996460642919,0.3306518474232815,0.3306518474232814
557,558,marginalized_nonfinal,472,472,1.0,0.5170045137477541,0.3311031502284094,0.33110315022840936
557,558,outlier,192,192,1.0,0.7505405751108836,0.4496792667155036,0.4496792667155038
557,558,outlier_final,82,82,1.0,0.8029531941031582,0.48399254664988534,0.4839925466498854
557,558,outlier_nonfinal,110,110,1.0,0.7089529252289473,0.4241002762189648,0.4241002762189646
559,560,active,1014,1014,1.0,0.7298679508157145,0.38598891274575703,0.38598891274575725
559,560,active_nonfinal,1014,1014,1.0,0.7298679508157145,0.38598891274575703,0.38598891274575725
559,560,all,3162,3162,1.0,3.670941764693146,1.251745093949879,1.2517450939498787
559,560,all_final,538,538,1.0,0.7154007117871671,0.3794073145927773,0.3794073145927768
559,560,all_nonfinal,2624,2624,1.0,4.016694139800967,1.4306009343820913,1.430600934382091
559,560,immature,1035,1035,1.0,6.332227402002229,3.03395673926553,3.03395673926553
559,560,immature_nonfinal,1035,1035,1.0,6.332227402002229,3.03395673926553,3.03395673926553
559,560,marginalized,903,903,1.0,0.6607981925477627,0.34786039721904316,0.34786039721904294
559,560,marginalized_final,445,445,1.0,0.6613364494396929,0.3474144162719508,0.34741441627195047
559,560,marginalized_nonfinal,458,458,1.0,0.6602747934075331,0.3482937193182926,0.34829371931829234
559,560,outlier,210,210,1.0,0.9143190927808623,0.5350574557938426,0.5350574557938428
559,560,outlier_final,93,93,1.0,0.9316397544281488,0.532491613009635,0.5324916130096353
559,560,outlier_nonfinal,117,117,1.0,0.9003137152196845,0.5370969718530844,0.5370969718530844
560,561,active,1004,1004,1.0,0.9828160972405714,0.3673291054168391,0.36732910541683916
560,561,active_nonfinal,1004,1004,1.0,0.9828160972405714,0.3673291054168391,0.36732910541683916
560,561,all,3162,3162,1.0,3.95245827848754,1.2587740963857958,1.2587740963857943
560,561,all_final,529,529,1.0,1.0061364134839335,0.3787231619977452,0.3787231619977452
560,561,all_nonfinal,2633,2633,1.0,4.3078029683365955,1.4355864565419978,1.4355864565419965
560,561,immature,1059,1059,1.0,6.67872620344408,3.0035832221964247,3.0035832221964247
560,561,immature_nonfinal,1059,1059,1.0,6.67872620344408,3.0035832221964247,3.0035832221964247
560,561,marginalized,831,831,1.0,0.8912508787892288,0.29408214795210014,0.29408214795210014
560,561,marginalized_final,409,409,1.0,0.8980635280040252,0.2963028882453791,0.2963028882453792
560,561,marginalized_nonfinal,422,422,1.0,0.8845980318764701,0.29192981908965665,0.2919298190896567
560,561,outlier,268,268,1.0,1.4056817122049876,0.6950312450715327,0.6950312450715325
560,561,outlier_final,120,120,1.0,1.3090911039959918,0.6596389283703938,0.6596389283703938
560,561,outlier_nonfinal,148,148,1.0,1.479375932496101,0.7237277180724568,0.7237277180724567
561,562,active,922,922,1.0,1.2688214087434557,0.447103421664756,0.44710342166475586
561,562,active_nonfinal,922,922,1.0,1.2688214087434557,0.447103421664756,0.44710342166475586
561,562,all,2990,2990,1.0,3.6397732410781507,1.0972750091633332,1.097275009163333
561,562,all_final,505,505,1.0,1.3520370232929158,0.4804652933124198,0.4804652933124197
561,562,all_nonfinal,2485,2485,1.0,3.9457195394738704,1.222622657656177,1.2226226576561767
561,562,immature,974,974,1.0,6.0746758516965595,2.3709896480174644,2.370989648017465
561,562,immature_nonfinal,974,974,1.0,6.0746758516965595,2.3709896480174644,2.370989648017465
561,562,marginalized,792,792,1.0,1.1643776465981623,0.37750667679603866,0.3775066767960385
561,562,marginalized_final,379,379,1.0,1.1474200186565235,0.3673595624024777,0.3673595624024777
561,562,marginalized_nonfinal,413,413,1.0,1.1797247880365886,0.3868184355252379,0.3868184355252379
561,562,outlier,302,302,1.0,1.9180360367124218,0.8618997265960227,0.8618997265960225
561,562,outlier_final,126,126,1.0,1.834763562764217,0.8206801505732774,0.8206801505732775
561,562,outlier_nonfinal,176,176,1.0,1.9754967329552258,0.8914091957941246,0.8914091957941246
563,564,active,1064,1064,1.0,1.5231940367090961,0.52870528091999,0.5287052809199899
563,564,active_nonfinal,1064,1064,1.0,1.5231940367090961,0.52870528091999,0.5287052809199899
563,564,all,3168,3168,1.0,2.7822154682275544,0.9039964368067115,0.9039964368067113
563,564,all_final,558,558,1.0,1.619014916169392,0.5598060613812954,0.5598060613812954
563,564,all_nonfinal,2610,2610,1.0,2.9724130963049076,0.9775819653459389,0.9775819653459386
563,564,immature,941,941,1.0,4.4593050911714345,1.7117836033818674,1.7117836033818667
563,564,immature_nonfinal,941,941,1.0,4.4593050911714345,1.7117836033818674,1.7117836033818667
563,564,marginalized,865,865,1.0,0.8006308287863595,0.28778304670351945,0.2877830467035194
563,564,marginalized_final,424,424,1.0,0.794038128549219,0.2843975193809535,0.2843975193809535
563,564,marginalized_nonfinal,441,441,1.0,0.8069186010090243,0.2910380661701142,0.29103806617011424
563,564,outlier,298,298,1.0,3.0583617529700113,1.4818710963889647,1.4818710963889647
563,564,outlier_final,134,134,1.0,2.9866672032183508,1.431248015173421,1.431248015173421
563,564,outlier_nonfinal,164,164,1.0,3.115717020687549,1.5232338578699574,1.5232338578699574
565,566,active,1114,1114,1.0,1.3007852637846495,0.4537077711796841,0.453707771179684
565,566,active_nonfinal,1114,1114,1.0,1.3007852637846495,0.4537077711796841,0.453707771179684
565,566,all,3279,3279,1.0,1.8254442814352152,0.5894667599874521,0.5894667599874525
565,566,all_final,590,590,1.0,1.2924535577952554,0.4431282616697093,0.4431282616697092
565,566,all_nonfinal,2689,2689,1.0,1.922724295675554,0.6215752441850972,0.6215752441850976
565,566,immature,924,924,1.0,2.7473731338458225,0.9477799592115729,0.9477799592115729
565,566,immature_nonfinal,924,924,1.0,2.7473731338458225,0.9477799592115729,0.9477799592115729
565,566,marginalized,938,938,1.0,0.7335214720834156,0.27313378794887055,0.27313378794887044
565,566,marginalized_final,460,460,1.0,0.7383120473488091,0.2722746503999904,0.2722746503999903
565,566,marginalized_nonfinal,478,478,1.0,0.728881565769632,0.2739605730377512,0.27396057303775107
565,566,outlier,303,303,1.0,2.270779480654014,0.9751910016407603,0.9751910016407603
565,566,outlier_final,130,130,1.0,2.377473133366297,1.0476871938548686,1.0476871938548689
565,566,outlier_nonfinal,173,173,1.0,2.1871827740822134,0.9207140941966334,0.9207140941966334
567,568,active,1100,1100,1.0,0.8768701218564645,0.33320251009261803,0.33320251009261814
567,568,active_nonfinal,1100,1100,1.0,0.8768701218564645,0.33320251009261803,0.33320251009261814
567,568,all,3338,3338,1.0,1.191086313237237,0.427243592257261,0.4272435922572611
567,568,all_final,607,607,1.0,0.8891405434177935,0.35995944301429517,0.3599594430142951
567,568,all_nonfinal,2731,2731,1.0,1.2483162368325003,0.44219836288724323,0.4421983628872433
567,568,immature,919,919,1.0,1.742792801624155,0.5943398000528974,0.5943398000528975
567,568,immature_nonfinal,919,919,1.0,1.742792801624155,0.5943398000528974,0.5943398000528975
567,568,marginalized,900,900,1.0,0.45821734203279174,0.20749815998602422,0.20749815998602422
567,568,marginalized_final,444,444,1.0,0.45373714148522387,0.20543640360186935,0.2054364036018692
567,568,marginalized_nonfinal,456,456,1.0,0.46253794662628767,0.20950565962322762,0.20950565962322762
567,568,outlier,419,419,1.0,1.4733223992367117,0.7796413594673641,0.7796413594673641
567,568,outlier_final,163,163,1.0,1.5437723241358774,0.7808688264444608,0.780868826444461
567,568,outlier_nonfinal,256,256,1.0,1.4266540272084771,0.7788598082280408,0.7788598082280407
570,571,active,1198,1198,1.0,0.40747915799044615,0.22569845098749786,0.22569845098749786
570,571,active_nonfinal,1198,1198,1.0,0.40747915799044615,0.22569845098749786,0.22569845098749786
570,571,all,3359,3359,1.0,0.5544870801947402,0.262502567027317,0.26250256702731695
570,571,all_final,654,654,1.0,0.4124279494843421,0.23610982342784315,0.23610982342784317
570,571,all_nonfinal,2705,2705,1.0,0.5836658725327522,0.2688836591951752,0.26888365919517515
570,571,immature,753,753,1.0,0.880491384409773,0.34882205316809595,0.34882205316809595
570,571,immature_nonfinal,753,753,1.0,0.880491384409773,0.34882205316809595,0.34882205316809595
570,571,marginalized,967,967,1.0,0.3253754253753937,0.18587754945924762,0.18587754945924762
570,571,marginalized_final,477,477,1.0,0.3226903987904699,0.18338255449599836,0.18338255449599836
570,571,marginalized_nonfinal,490,490,1.0,0.32796810237765084,0.18830635067857424,0.18830635067857426
570,571,outlier,441,441,1.0,0.5786827546714507,0.3831128843516252,0.3831128843516252
570,571,outlier_final,177,177,1.0,0.5898086372294967,0.3782053447865437,0.3782053447865437
570,571,outlier_nonfinal,264,264,1.0,0.5711019940249682,0.3864031665600324,0.3864031665600324
580,581,active,1182,1182,1.0,0.30822165423495707,0.18295170442134295,0.1829517044213429
580,581,active_nonfinal,1182,1182,1.0,0.30822165423495707,0.18295170442134295,0.1829517044213429
580,581,all,3405,3405,1.0,1.0410127966338947,0.2703188229115844,0.2703188229115843
580,581,all_final,636,636,1.0,0.30506523605785807,0.18312660544107343,0.18312660544107348
580,581,all_nonfinal,2769,2769,1.0,1.1450957357764877,0.2903456377585492,0.2903456377585491
580,581,immature,878,878,1.0,1.982175385806903,0.5133800285941178,0.5133800285941178
580,581,immature_nonfinal,878,878,1.0,1.982175385806903,0.5133800285941178,0.5133800285941178
580,581,marginalized,971,971,1.0,0.2538417983374419,0.1556675849000833,0.15566758490008337
580,581,marginalized_final,481,481,1.0,0.2536851284140584,0.15496290700007073,0.15496290700007082
580,581,marginalized_nonfinal,490,490,1.0,0.253995496658762,0.15635931973662587,0.1563593197366259
580,581,outlier,374,374,1.0,0.41845109589384705,0.273491410011507,0.27349141001150706
580,581,outlier_final,155,155,1.0,0.4267953066950385,0.2705249212483141,0.2705249212483141
580,581,outlier_nonfinal,219,219,1.0,0.4124433671336091,0.2755909796840865,0.2755909796840866
583,584,active,1289,1289,1.0,0.8481850557027172,0.25250033729555227,0.2525003372955524
583,584,active_nonfinal,1289,1289,1.0,0.8481850557027172,0.25250033729555227,0.2525003372955524
583,584,all,3642,3642,1.0,1.0196273101076818,0.32808156981689196,0.32808156981689185
583,584,all_final,701,701,1.0,0.8846509896142224,0.2611975642857209,0.2611975642857208
583,584,all_nonfinal,2941,2941,1.0,1.0492400336594476,0.3440236602206157,0.3440236602206156
583,584,immature,861,861,1.0,1.3817807206430859,0.5376274350142819,0.5376274350142818
583,584,immature_nonfinal,861,861,1.0,1.3817807206430859,0.5376274350142819,0.5376274350142818
583,584,marginalized,1049,1049,1.0,0.4832038319226183,0.18542972499988408,0.18542972499988417
583,584,marginalized_final,515,515,1.0,0.48563382473141653,0.18359886622859267,0.18359886622859256
583,584,marginalized_nonfinal,534,534,1.0,0.48084866720745845,0.1871954408560923,0.18719544085609222
583,584,outlier,443,443,1.0,1.4798794737390617,0.4785262741015313,0.4785262741015314
583,584,outlier_final,186,186,1.0,1.5154226134953999,0.4760541744976614,0.4760541744976615
583,584,outlier_nonfinal,257,257,1.0,1.4536136415081415,0.4803154201183397,0.4803154201183399
585,586,active,1187,1187,1.0,1.350465193776155,0.3998456646214728,0.39984566462147275
585,586,active_nonfinal,1187,1187,1.0,1.350465193776155,0.3998456646214728,0.39984566462147275
585,586,all,3434,3434,1.0,1.710952707096892,0.5397642738471066,0.5397642738471068
585,586,all_final,646,646,1.0,1.5143314880789456,0.43841632922718243,0.4384163292271827
585,586,all_nonfinal,2788,2788,1.0,1.753367764694701,0.5632473341858708,0.5632473341858709
585,586,immature,867,867,1.0,2.18817943427387,0.8303391559157017,0.8303391559157015
585,586,immature_nonfinal,867,867,1.0,2.18817943427387,0.8303391559157017,0.8303391559157015
585,586,marginalized,943,943,1.0,1.2255811119914148,0.34861384311248944,0.34861384311248916
585,586,marginalized_final,461,461,1.0,1.2360408373205252,0.3449296537048736,0.34492965370487355
585,586,marginalized_nonfinal,482,482,1.0,1.2154928912296246,0.35213751804384064,0.35213751804384075
585,586,outlier,437,437,1.0,2.304116506062817,0.7558050577832748,0.7558050577832756
585,586,outlier_final,185,185,1.0,2.049512416881583,0.6713750179611523,0.6713750179611523
585,586,outlier_nonfinal,252,252,1.0,2.474408453869425,0.8177874282876102,0.8177874282876104
587,588,active,1151,1151,1.0,1.8045339406507068,0.5220264475459002,0.5220264475459002
587,588,active_nonfinal,1151,1151,1.0,1.8045339406507068,0.5220264475459002,0.5220264475459002
587,588,all,3350,3350,1.0,2.350999500508762,0.7678309625791399,0.7678309625791397
587,588,all_final,604,604,1.0,1.9639654432835743,0.5512182561295509,0.551218256129551
587,588,all_nonfinal,2746,2746,1.0,2.427866165259563,0.8154762920385528,0.8154762920385525
587,588,immature,947,947,1.0,3.1196347326445912,1.3066616508256992,1.3066616508256992
587,588,immature_nonfinal,947,947,1.0,3.1196347326445912,1.3066616508256992,1.3066616508256992
587,588,marginalized,906,906,1.0,1.5081523757716937,0.418823586515411,0.41882358651541096
587,588,marginalized_final,447,447,1.0,1.5172310080761608,0.41857145030311393,0.4185714503031137
587,588,marginalized_nonfinal,459,459,1.0,1.499258256458511,0.4190691309313096,0.4190691309313094
587,588,outlier,346,346,1.0,3.1764251521448874,1.024620031213545,1.0246200312135452
587,588,outlier_final,157,157,1.0,2.8783568593704887,0.9288814548838003,0.9288814548838
587,588,outlier_nonfinal,189,189,1.0,3.4042401630439887,1.1041489014980406,1.1041489014980403
589,590,active,3884,3884,1.0,2.106543930220937,0.561883577978691,0.5618835779786907
589,590,active_nonfinal,3884,3884,1.0,2.106543930220937,0.561883577978691,0.5618835779786907
589,590,all,13105,13105,1.0,3.0394341824812665,0.9083609442217033,0.9083609442217037
589,590,all_final,621,621,1.0,2.1956425625538882,0.5886048206608914,0.5886048206608914
589,590,all_nonfinal,12484,12484,1.0,3.0753688497994482,0.9242667879201397,0.92426678792014
589,590,immature,2603,2603,1.0,5.197198110843675,2.2208102178197553,2.2208102178197553
589,590,immature_nonfinal,2603,2603,1.0,5.197198110843675,2.2208102178197553,2.2208102178197553
589,590,marginalized,5022,5022,1.0,2.4080768477875973,0.597074536888193,0.5970745368881929
589,590,marginalized_final,499,499,1.0,2.322672227626532,0.5947786696172552,0.5947786696172553
589,590,marginalized_nonfinal,4523,4523,1.0,2.417314310798831,0.5973278284575483,0.5973278284575482
589,590,outlier,1596,1596,1.0,1.6603321608727222,0.5904993959391548,0.5904993959391548
589,590,outlier_final,122,122,1.0,1.572658803247207,0.5633527663229757,0.5633527663229758
589,590,outlier_nonfinal,1474,1474,1.0,1.6673821499252628,0.5927462675898834,0.5927462675898834
590,591,active,1830,1830,1.0,3.1638676454580175,0.8975999575709864,0.8975999575709861
590,591,active_nonfinal,1830,1830,1.0,3.1638676454580175,0.8975999575709864,0.8975999575709861
590,591,all,4561,4561,1.0,4.056260530156726,1.4116835318732819,1.411683531873282
590,591,all_final,656,656,1.0,3.069869401931963,0.8707906781615975,0.8707906781615977
590,591,all_nonfinal,3905,3905,1.0,4.199294573220611,1.5025479907810595,1.5025479907810597
590,591,immature,1302,1302,1.0,5.814627307004585,2.7453853268367636,2.7453853268367636
590,591,immature_final,1,1,1.0,0.00877708208180139,0.00877708208180139,0.008777082081801321
590,591,immature_nonfinal,1301,1301,1.0,5.8168615488010404,2.747488792051794,2.747488792051794
590,591,marginalized,1134,1134,1.0,2.301334945923423,0.6471262388848447,0.6471262388848443
590,591,marginalized_final,548,548,1.0,2.3214751194450707,0.6495752640934049,0.6495752640934053
590,591,marginalized_nonfinal,586,586,1.0,2.2823399856225755,0.6448360241846903,0.6448360241846904
590,591,outlier,295,295,1.0,4.765184668547216,1.6533824273975226,1.653382427397523
590,591,outlier_final,107,107,1.0,5.4933273864354755,2.011800589427476,2.011800589427476
590,591,outlier_nonfinal,188,188,1.0,4.296002257853268,1.4493891117740936,1.4493891117740936
591,592,active,1673,1673,1.0,3.710985621441223,0.8616732581508254,0.8616732581508257
591,592,active_nonfinal,1673,1673,1.0,3.710985621441223,0.8616732581508254,0.8616732581508257
591,592,all,4438,4438,1.0,4.83768301519312,1.6042793359423089,1.6042793359423084
591,592,all_final,600,600,1.0,3.6409589593402756,0.8424004048455085,0.8424004048455086
591,592,all_nonfinal,3838,3838,1.0,4.998940743511368,1.7233849531017853,1.7233849531017849
591,592,immature,1466,1466,1.0,6.6058909708875175,3.1188213259931947,3.1188213259931947
591,592,immature_nonfinal,1466,1466,1.0,6.6058909708875175,3.1188213259931947,3.1188213259931947
591,592,marginalized,1111,1111,1.0,1.57185341565505,0.4348209579918999,0.43482095799190024
591,592,marginalized_final,534,534,1.0,1.4902728519330355,0.42009260019236105,0.42009260019236105
591,592,marginalized_nonfinal,577,577,1.0,1.6437507288488384,0.44845170853774663,0.44845170853774663
591,592,outlier,188,188,1.0,8.662017101898886,3.3134797010137573,3.3134797010137573
591,592,outlier_final,66,66,1.0,10.12645923017542,4.2592544606755185,4.259254460675519
591,592,outlier_nonfinal,122,122,1.0,7.755357703733088,2.8018310605410006,2.801831060541001
592,593,active,2661,2661,1.0,3.33206360264974,0.6683650169635255,0.668365016963525
592,593,active_nonfinal,2661,2661,1.0,3.33206360264974,0.6683650169635255,0.668365016963525
592,593,all,7273,7273,1.0,5.507504809789742,1.6250873931228569,1.6250873931228562
592,593,all_final,569,569,1.0,4.158124487384127,0.8243716976921686,0.8243716976921686
592,593,all_nonfinal,6704,6704,1.0,5.607102358677324,1.6930478988955375,1.6930478988955366
592,593,immature,2206,2206,1.0,7.7356679299731255,3.4466174291694838,3.4466174291694838
592,593,immature_nonfinal,2206,2206,1.0,7.7356679299731255,3.4466174291694838,3.4466174291694838
592,593,marginalized,1851,1851,1.0,1.1181014836972971,0.33767953986460175,0.33767953986460175
592,593,marginalized_final,476,476,1.0,1.2198799531875137,0.356084034359347,0.356084034359347
592,593,marginalized_nonfinal,1375,1375,1.0,1.0806363067456701,0.33130823849769336,0.3313082384976934
592,593,outlier,555,555,1.0,10.11132804803662,3.2656908522618497,3.2656908522618493
592,593,outlier_final,93,93,1.0,9.908001868279479,3.221198877761231,3.221198877761232
592,593,outlier_nonfinal,462,462,1.0,10.15176496838751,3.274647028947039,3.274647028947038
593,594,active,979,979,1.0,3.9680734322270914,0.8043334329133796,0.8043334329133792
593,594,active_nonfinal,979,979,1.0,3.9680734322270914,0.8043334329133796,0.8043334329133792
593,594,all,3127,3127,1.0,6.257826541147007,1.9475555466948178,1.9475555466948178
593,594,all_final,531,531,1.0,4.872193375239569,0.9438628019826183,0.9438628019826184
593,594,all_nonfinal,2596,2596,1.0,6.504991816499448,2.152856335385951,2.152856335385951
593,594,immature,1074,1074,1.0,8.190269984530584,3.8128146519630435,3.812814651963043
593,594,immature_final,2,2,1.0,0.4878132147102838,0.35969346197667523,0.3596934619766753
593,594,immature_nonfinal,1072,1072,1.0,8.19787952396479,3.8192570422428687,3.819257042242868
593,594,marginalized,926,926,1.0,1.4037706437340491,0.4349434417416271,0.43494344174162713
593,594,marginalized_final,460,460,1.0,1.4082905526277665,0.4369607277602618,0.43696072776026174
593,594,marginalized_nonfinal,466,466,1.0,1.3992946120170673,0.4329521293627175,0.43295212936271743
593,594,outlier,148,148,1.0,14.970775400106296,5.438129732644935,5.438129732644936
593,594,outlier_final,69,69,1.0,13.017398996177084,4.340142408102848,4.340142408102849
593,594,outlier_nonfinal,79,79,1.0,16.488636091598476,6.397131319903204,6.397131319903205
594,595,active,1510,1510,1.0,7.031553002826196,1.320887166034233,1.3208871660342332
594,595,active_nonfinal,1510,1510,1.0,7.031553002826196,1.320887166034233,1.3208871660342332
594,595,all,4032,4032,1.0,8.654810753618424,2.6079411352380326,2.6079411352380317
594,595,all_final,560,560,1.0,7.511196207299905,1.4494009729858215,1.4494009729858215
594,595,all_nonfinal,3472,3472,1.0,8.825397054380266,2.794802451730325,2.794802451730324
594,595,immature,1300,1300,1.0,10.526135590548238,4.9673415765333555,4.9673415765333555
594,595,immature_final,1,1,1.0,0.5087662719970367,0.5087662719970367,0.5087662719970368
594,595,immature_nonfinal,1299,1299,1.0,10.530176979880848,4.970773890085731,4.970773890085731
594,595,marginalized,1024,1024,1.0,1.470530747696958,0.457270587117542,0.4572705871175418
594,595,marginalized_final,486,486,1.0,1.5003087112692002,0.4687694074581222,0.468769407458122
594,595,marginalized_nonfinal,538,538,1.0,1.4431028044673637,0.4468831769214046,0.44688317692140433
594,595,outlier,198,198,1.0,20.239437640148186,8.054999524577422,8.054999524577422
594,595,outlier_final,73,73,1.0,20.440327233019993,7.990874610622134,7.990874610622134
594,595,outlier_nonfinal,125,125,1.0,20.121190457073073,8.092448474327313,8.092448474327313
595,596,active,2280,2280,1.0,7.504419757300947,1.4805084880602541,1.4805084880602546
595,596,active_nonfinal,2280,2280,1.0,7.504419757300947,1.4805084880602541,1.4805084880602546
595,596,all,8875,8875,1.0,9.673692280439496,2.5725067184058195,2.57250671840582
595,596,all_nonfinal,8875,8875,1.0,9.673692280439496,2.5725067184058195,2.57250671840582
595,596,immature,2005,2005,1.0,13.32205895506974,6.292854672154794,6.292854672154794
595,596,immature_nonfinal,2005,2005,1.0,13.32205895506974,6.292854672154794,6.292854672154794
595,596,marginalized,3598,3598,1.0,2.0325556527966757,0.5654514918966665,0.5654514918966665
595,596,marginalized_nonfinal,3598,3598,1.0,2.0325556527966757,0.5654514918966665,0.5654514918966665
595,596,outlier,992,992,1.0,18.27814638672607,4.842509765685218,4.842509765685217
595,596,outlier_nonfinal,992,992,1.0,18.27814638672607,4.842509765685218,4.842509765685217
596,597,active,1004,1004,1.0,2.3471027919916483,0.6982385278389721,0.6982385278389723
596,597,active_nonfinal,1004,1004,1.0,2.3471027919916483,0.6982385278389721,0.6982385278389723
596,597,all,3050,3050,1.0,5.621693577492883,1.8606460152763176,1.8606460152763176
596,597,all_final,548,548,1.0,2.300072706330796,0.7044903299059143,0.7044903299059143
596,597,all_nonfinal,2502,2502,1.0,6.112827541147363,2.1138727601136402,2.1138727601136402
596,597,immature,859,859,1.0,9.933996822923923,4.828954977007375,4.828954977007375
596,597,immature_nonfinal,859,859,1.0,9.933996822923923,4.828954977007375,4.828954977007375
596,597,marginalized,898,898,1.0,2.229938131088798,0.6175110614362577,0.6175110614362577
596,597,marginalized_final,422,422,1.0,2.243059810599626,0.6235758080885673,0.6235758080885673
596,597,marginalized_nonfinal,476,476,1.0,2.218240135888048,0.6121343322613109,0.612134332261311
596,597,outlier,289,289,1.0,2.370768416603955,0.9388982914302451,0.9388982914302446
596,597,outlier_final,126,126,1.0,2.4814988023085793,0.9754897601195689,0.9754897601195688
596,597,outlier_nonfinal,163,163,1.0,2.2814933212028463,0.9106128616458598,0.9106128616458594
597,598,active,143,143,1.0,11.011447747034822,5.200425460943126,5.200425460943126
597,598,active_nonfinal,143,143,1.0,11.011447747034822,5.200425460943126,5.200425460943126
597,598,all,1218,1218,1.0,15.494470390578606,10.065000527731257,10.065000527731257
597,598,all_final,59,59,1.0,10.081348180045829,4.478229416695455,4.478229416695455
597,598,all_nonfinal,1159,1159,1.0,15.720250920724913,10.34940043761143,10.34940043761143
597,598,immature,925,925,1.0,16.86247600974293,11.845074780983355,11.845074780983357
597,598,immature_nonfinal,925,925,1.0,16.86247600974293,11.845074780983355,11.845074780983357
597,598,marginalized,30,30,1.0,16.08718120675811,8.408069867777662,8.408069867777662
597,598,marginalized_final,13,13,1.0,17.2230531687601,9.202035270122193,9.202035270122193
597,598,marginalized_nonfinal,17,17,1.0,15.161261955606689,7.800919854220079,7.800919854220079
597,598,outlier,120,120,1.0,5.982913191747491,2.554779445157472,2.554779445157472
597,598,outlier_final,46,46,1.0,6.82091572427158,3.1432408059444192,3.143240805944419
597,598,outlier_nonfinal,74,74,1.0,5.396802144448579,2.188979139803424,2.188979139803424
598,599,active,1555,1555,1.0,1.8639715633263247,0.8187247532098076,0.8187247532098076
598,599,active_nonfinal,1555,1555,1.0,1.8639715633263247,0.8187247532098076,0.8187247532098076
598,599,all,3822,3822,1.0,4.352477598938761,1.6480284434509391,1.6480284434509391
598,599,all_final,549,549,1.0,1.8443908861116132,0.7873361469532993,0.7873361469532998
598,599,all_nonfinal,3273,3273,1.0,4.642312145660385,1.7923975454299195,1.7923975454299195
598,599,immature,1077,1077,1.0,7.652997152448359,3.7938729899143913,3.793872989914392
598,599,immature_nonfinal,1077,1077,1.0,7.652997152448359,3.7938729899143913,3.793872989914392
598,599,marginalized,1007,1007,1.0,1.7948229806821427,0.7348023993389221,0.7348023993389221
598,599,marginalized_final,488,488,1.0,1.814608712160558,0.7395687757400221,0.7395687757400226
598,599,marginalized_nonfinal,519,519,1.0,1.7760179999842463,0.7303207197941503,0.7303207197941506
598,599,outlier,183,183,1.0,1.926883225989239,1.0912595265363811,1.0912595265363814
598,599,outlier_final,61,61,1.0,2.0672594034015788,1.1694751166595208,1.1694751166595208
598,599,outlier_nonfinal,122,122,1.0,1.852710913613325,1.0521517314748101,1.0521517314748108
600,601,active,1538,1538,1.0,1.4748686001519715,0.7164194760467372,0.7164194760467374
600,601,active_nonfinal,1538,1538,1.0,1.4748686001519715,0.7164194760467372,0.7164194760467374
600,601,all,3877,3877,1.0,3.0487796913886887,1.166077111479516,1.166077111479516
600,601,all_final,557,557,1.0,1.4594371738221068,0.7517671215360606,0.751767121536061
600,601,all_nonfinal,3320,3320,1.0,3.2399312226565122,1.235586347744126,1.235586347744126
600,601,immature,1092,1092,1.0,5.25470351985657,2.2727304307269773,2.272730430726977
600,601,immature_nonfinal,1092,1092,1.0,5.25470351985657,2.2727304307269773,2.272730430726977
600,601,marginalized,1049,1049,1.0,1.3370231540154331,0.6717115898126557,0.6717115898126558
600,601,marginalized_final,490,490,1.0,1.3638409683557342,0.6752730628933151,0.6752730628933153
600,601,marginalized_nonfinal,559,559,1.0,1.3130651828961584,0.6685897261104676,0.6685897261104676
600,601,outlier,198,198,1.0,1.8312573539689705,1.1746500958528796,1.1746500958528798
600,601,outlier_final,67,67,1.0,2.0257871210995617,1.3112012817591265,1.3112012817591265
600,601,outlier_nonfinal,131,131,1.0,1.7232983430710027,1.1048109397023564,1.1048109397023564
602,603,active,3115,3115,1.0,2.0097695044834776,1.028438541256055,1.0284385412560548
602,603,active_nonfinal,3115,3115,1.0,2.0097695044834776,1.028438541256055,1.0284385412560548
602,603,all,6495,6495,1.0,3.3847662062716624,1.4334308024755298,1.4334308024755302
602,603,all_nonfinal,6495,6495,1.0,3.3847662062716624,1.4334308024755298,1.4334308024755302
602,603,immature,1829,1829,1.0,5.655970371798149,2.558789463791166,2.558789463791166
602,603,immature_nonfinal,1829,1829,1.0,5.655970371798149,2.558789463791166,2.558789463791166
602,603,marginalized,1103,1103,1.0,1.3895490648534832,0.8660582873257407,0.8660582873257407
602,603,marginalized_nonfinal,1103,1103,1.0,1.3895490648534832,0.8660582873257407,0.8660582873257407
602,603,outlier,448,448,1.0,1.6294108180621074,1.051916932749132,1.0519169327491322
602,603,outlier_nonfinal,448,448,1.0,1.6294108180621074,1.051916932749132,1.0519169327491322
604,605,active,1209,1209,1.0,2.9865101552591407,1.124208729116167,1.1242087291161669
604,605,active_nonfinal,1209,1209,1.0,2.9865101552591407,1.124208729116167,1.1242087291161669
604,605,all,3397,3397,1.0,4.4528029038943675,1.655972927822606,1.655972927822606
604,605,all_final,627,627,1.0,2.923711820439689,1.0817767909473004,1.0817767909473002
604,605,all_nonfinal,2770,2770,1.0,4.73081179579478,1.7859443999600848,1.7859443999600848
604,605,immature,919,919,1.0,7.06163473759392,3.150011317507945,3.150011317507945
604,605,immature_nonfinal,919,919,1.0,7.06163473759392,3.150011317507945,3.150011317507945
604,605,marginalized,1123,1123,1.0,2.1509573301550122,0.8850811485330518,0.8850811485330518
604,605,marginalized_final,559,559,1.0,2.155313102167994,0.8864194015280235,0.8864194015280232
604,605,marginalized_nonfinal,564,564,1.0,2.146631451961742,0.8837547594830675,0.8837547594830673
604,605,outlier,146,146,1.0,6.164036491878739,2.584692819996771,2.5846928199967714
604,605,outlier_final,68,68,1.0,6.374222621007261,2.687729448085176,2.687729448085176
604,605,outlier_nonfinal,78,78,1.0,5.974767395946757,2.494866016022262,2.494866016022262
605,606,active,2600,2600,1.0,3.2622676043794474,1.1869417285548802,1.1869417285548807
605,606,active_nonfinal,2600,2600,1.0,3.2622676043794474,1.1869417285548802,1.1869417285548807
605,606,all,5201,5201,1.0,4.202801747529102,1.5766988254119871,1.5766988254119871
605,606,all_nonfinal,5201,5201,1.0,4.202801747529102,1.5766988254119871,1.5766988254119871
605,606,immature,1824,1824,1.0,4.842563266096074,2.0170507519282834,2.0170507519282834
605,606,immature_nonfinal,1824,1824,1.0,4.842563266096074,2.0170507519282834,2.0170507519282834
605,606,marginalized,545,545,1.0,1.775747957766743,0.9621045196766459,0.9621045196766461
605,606,marginalized_nonfinal,545,545,1.0,1.775747957766743,0.9621045196766459,0.9621045196766461
605,606,outlier,232,232,1.0,9.21621711209266,3.9263558706210233,3.9263558706210238
605,606,outlier_nonfinal,232,232,1.0,9.21621711209266,3.9263558706210233,3.9263558706210238
606,607,active,1054,1054,1.0,5.3159755394090356,2.1035003454815198,2.1035003454815198
606,607,active_nonfinal,1054,1054,1.0,5.3159755394090356,2.1035003454815198,2.1035003454815198
606,607,all,3085,3085,1.0,5.57453493683025,2.379657082328393,2.379657082328393
606,607,all_final,548,548,1.0,5.409232735839898,2.1161222288134796,2.1161222288134796
606,607,all_nonfinal,2537,2537,1.0,5.609601049726496,2.4365814417001554,2.4365814417001554
606,607,immature,918,918,1.0,5.876200577778617,2.956781480128237,2.956781480128237
606,607,immature_nonfinal,918,918,1.0,5.876200577778617,2.956781480128237,2.956781480128237
606,607,marginalized,972,972,1.0,1.985081972294035,1.2648187371560446,1.2648187371560449
606,607,marginalized_final,483,483,1.0,1.9811325790471332,1.2609960452392848,1.260996045239285
606,607,marginalized_nonfinal,489,489,1.0,1.9889752084033028,1.268594524877506,1.2685945248775061
606,607,outlier,141,141,1.0,14.720470481700788,8.371798039518778,8.371798039518778
606,607,outlier_final,65,65,1.0,14.748480837716087,8.470367562141735,8.470367562141737
606,607,outlier_nonfinal,76,76,1.0,14.69647190173229,8.287495158328097,8.287495158328099
607,608,active,1038,1038,1.0,5.724145691507026,1.752030352684489,1.752030352684489
607,608,active_nonfinal,1038,1038,1.0,5.724145691507026,1.752030352684489,1.752030352684489
607,608,all,3095,3095,1.0,6.3131149844764485,2.2567261062499346,2.2567261062499346
607,608,all_final,549,549,1.0,6.006601711254868,1.8453589755618018,1.8453589755618018
607,608,all_nonfinal,2546,2546,1.0,6.377278604772621,2.3454301733150498,2.3454301733150498
607,608,immature,920,920,1.0,6.925745149521587,3.2041659980966717,3.2041659980966717
607,608,immature_nonfinal,920,920,1.0,6.925745149521587,3.2041659980966717,3.2041659980966717
607,608,marginalized,913,913,1.0,1.959861710596193,0.9392779278614112,0.939277927861411
607,608,marginalized_final,449,449,1.0,1.9596582500666162,0.9334562151583545,0.9334562151583542
607,608,marginalized_nonfinal,464,464,1.0,1.9600585736311866,0.9449114386451878,0.9449114386451878
607,608,outlier,224,224,1.0,13.645058194497663,6.073956814154618,6.073956814154618
607,608,outlier_final,100,100,1.0,13.447393448312754,5.939802369773286,5.939802369773286
607,608,outlier_nonfinal,124,124,1.0,13.802403450715051,6.182145882204085,6.182145882204084
608,609,active,915,915,1.0,6.021426625905656,1.5114757183792118,1.5114757183792122
608,609,active_nonfinal,915,915,1.0,6.021426625905656,1.5114757183792118,1.5114757183792122
608,609,all,2896,2896,1.0,7.741145609912377,2.5648605766657844,2.564860576665785
608,609,all_final,489,489,1.0,7.200778262170811,1.8256314561208475,1.8256314561208473
608,609,all_nonfinal,2407,2407,1.0,7.846378439959533,2.715040485243468,2.715040485243468
608,609,immature,970,970,1.0,8.620045259837294,3.9733158743265284,3.9733158743265293
608,609,immature_nonfinal,970,970,1.0,8.620045259837294,3.9733158743265284,3.9733158743265293
608,609,marginalized,832,832,1.0,1.996962408971814,0.7485853103439446,0.7485853103439445
608,609,marginalized_final,411,411,1.0,1.9803395699136048,0.7381392971687635,0.7381392971687635
608,609,marginalized_nonfinal,421,421,1.0,2.0130579992943867,0.7587831996907366,0.7587831996907366
608,609,outlier,179,179,1.0,19.05214299131279,8.759198722928808,8.759198722928804
608,609,outlier_final,78,78,1.0,17.447137517511003,7.55587860136837,7.555878601368367
608,609,outlier_nonfinal,101,101,1.0,20.204587244850053,9.688495450470525,9.688495450470523
609,610,active,894,894,1.0,8.320397603042377,2.2567097047470415,2.256709704747042
609,610,active_nonfinal,894,894,1.0,8.320397603042377,2.2567097047470415,2.256709704747042
609,610,all,1796,1796,1.0,8.668943329086796,3.123907011851405,3.123907011851406
609,610,all_nonfinal,1796,1796,1.0,8.668943329086796,3.123907011851405,3.123907011851406
609,610,immature,873,873,1.0,8.250674020879348,3.7112642057710032,3.7112642057710032
609,610,immature_nonfinal,873,873,1.0,8.250674020879348,3.7112642057710032,3.7112642057710032
609,610,marginalized,12,12,1.0,7.214658432052093,5.75715242967802,5.757152429678018
609,610,marginalized_nonfinal,12,12,1.0,7.214658432052093,5.75715242967802,5.757152429678018
609,610,outlier,17,17,1.0,27.681817083567406,16.707002143943306,16.707002143943306
609,610,outlier_nonfinal,17,17,1.0,27.681817083567406,16.707002143943306,16.707002143943306
610,611,active,384,384,1.0,5.175594489263044,1.0663765518628703,1.0663765518628705
610,611,active_nonfinal,384,384,1.0,5.175594489263044,1.0663765518628703,1.0663765518628705
610,611,all,900,900,1.0,8.561013302913025,3.2437825252959773,3.243782525295977
610,611,all_nonfinal,900,900,1.0,8.561013302913025,3.2437825252959773,3.243782525295977
610,611,immature,512,512,1.0,10.427920103124379,4.901221190554165,4.901221190554164
610,611,immature_nonfinal,512,512,1.0,10.427920103124379,4.901221190554165,4.901221190554164
610,611,marginalized,2,2,1.0,0.07225358199456833,0.0678473703166127,0.06784737031661281
610,611,marginalized_nonfinal,2,2,1.0,0.07225358199456833,0.0678473703166127,0.06784737031661281
610,611,outlier,2,2,1.0,0.17822694840334213,0.17736627333465949,0.17736627333465943
610,611,outlier_nonfinal,2,2,1.0,0.17822694840334213,0.17736627333465949,0.17736627333465943
