frame,full_sequence_time_s,relative_time_s,v_cam_x,v_cam_y,v_cam_z,v_world_x,v_world_y,v_world_z,p_cam_x,p_cam_y,p_cam_z,p_world_x,p_world_y,p_world_z,omega_x_radps,omega_y_radps,omega_z_radps,roll_deg,pitch_deg,yaw_deg
700,23.3497665,0.0,0.07209054072427516,-0.23259672136187967,-0.8193747885947807,0.07209054072427516,-0.23259672136187967,-0.8193747885947807,0.0,0.0,0.0,0.0,0.0,0.0,0.005406974091918769,0.026414130808863477,-0.042815434501325335,0.0,-0.0,0.0
701,23.3830995,0.03333299999999895,-0.28680945997330204,-0.20337823602400462,3.4804694998496633,-0.2841059306653085,-0.20348756692388634,3.4806848381992834,-0.009560219729289774,-0.006779206741387931,0.11601448983848514,-0.009470102986866428,-0.00678285106827369,0.11602166771169303,0.003193914360702432,0.024977480969766958,-0.039074590547242764,0.008179671601090645,0.04908047287546777,-0.0781949331624501
702,23.4164325,0.0666659999999979,-0.7633984681796083,0.5822208097851886,3.0343739048113063,-0.7567877080452657,0.5832879254275187,3.0358245746037045,-0.035006580869119855,0.012627959511181149,0.21715927520755723,-0.03469610765913848,0.012659885350001178,0.2172148082569551,0.005534215035857498,0.02485679505469869,-0.03248092946140685,0.016427435034953128,0.09668290265483415,-0.14651457094295317
703,23.4497655,0.0999990000000004,-0.8918022597970994,0.34186380938711963,-0.20571258085577265,-0.8910158594028194,0.3453418986285981,-0.20329661092718404,-0.06473302559493879,0.024023305869482862,0.21030225774989125,-0.06439633930061488,0.024171166856989106,0.21043832232491877,0.006226909310818757,0.025325689556836298,-0.041504948360794665,0.02750962981934873,0.1446302578967954,-0.2171469489813687
704,23.4830985,0.13333199999999934,0.8682291139238543,0.33334442670622055,1.660227647215765,0.8755493765150731,0.3277203249828591,1.6575007751243713,-0.03579234454051588,0.03513467564488096,0.26564262591453264,-0.03521165193323887,0.0350950684496424,0.2656877956621377,0.004820847154090307,0.026141140728021477,-0.04172833795639572,0.03782468706981483,0.19382228504783375,-0.29660039795957954
705,23.5164315,0.1666649999999983,0.9768429921825227,-0.6184744033253199,-0.8921553617299434,0.9687990138275077,-0.624304103194394,-0.8968538710122691,-0.0032312370820968745,0.014519068358838724,0.23590441124198935,-0.002918674405327579,0.014285139777864322,0.23579296557968665,0.005578335479152268,0.028506142647942306,-0.053607683536658735,0.04740574639428741,0.24607378341442193,-0.3876005110440947
706,23.549764500000002,0.1999980000000008,-0.08714951140128402,0.6014516732636536,-3.0276333105459226,-0.09780413017090227,0.6054612121006085,-3.02650849800551,-0.006136191745636092,0.03456725698373759,0.13498431010155457,-0.006178779476314508,0.03446697836081542,0.13491035781566144,0.007765344354220129,0.027313306687675377,-0.05280804930256043,0.059664348559345985,0.2994718372373617,-0.4891703326287084
707,23.5830975,0.23333099999999973,0.2326092547243574,-0.04661451001084852,-1.331368846163742,0.22397772358764984,-0.047261551357923544,-1.332825310219641,0.0016173725420906677,0.033013455521546026,0.09060579235237995,0.0012870699840323878,0.032891609069401806,0.09048329175011152,0.005148174401824966,0.026364463718455376,-0.05228956197378747,0.07142650795229365,0.35084460905770304,-0.5894730627709757
708,23.6164305,0.2666639999999987,0.5386082188320162,-0.5768519273487429,-2.5039508533939414,0.5139042823068645,-0.5796227172274305,-2.5084988997390774,0.019570800300417694,0.013785250227230988,0.00714159855620234,0.01841704142616656,0.013571045036060473,0.006867497925111508,0.006563127191441265,0.02809423934599317,-0.06667462874877435,0.08186298662467782,0.4030002549661949,-0.7030071462301178
709,23.6497635,0.2999969999999976,0.36720868228932396,0.6679702694594126,-1.0685096819869515,0.36825519937549117,0.6644549471920186,-1.0703397446676306,0.03181096730716734,0.036050703219120885,-0.02847503467346759,0.030692091986949416,0.03571932179081133,-0.028810136783893492,0.0038533021201417007,0.02767983290179466,-0.05725535464127385,0.09092285868234408,0.4564384391979613,-0.8212732595261804
710,23.6830965,0.3333300000000001,0.44854432852364157,-0.6619558654544089,-2.149092510758612,0.41870117883031127,-0.6652414817060586,-2.154093613593107,0.046762295409847006,0.01398572835592742,-0.10011073533458978,0.04464865838090123,0.013544827481101617,-0.10061253920579791,0.0019469208739333788,0.027210586478968315,-0.05492289504557684,0.09555978073162773,0.5090286759856764,-0.9283128794094376
711,23.7164295,0.3666629999999991,-0.37118260030234573,-0.2163841777220658,-3.061920494126115,-0.4048652466796327,-0.20375417013727884,-3.058516653161772,0.03438966579396931,0.006772994559918029,-0.20217373116529236,0.03115328511332946,0.006753089727915916,-0.20256207480563604,0.004485571936351941,0.026810071740738545,-0.05172895866525921,0.10075229099395758,0.5607885002743177,-1.03007278757983
712,23.7497625,0.399995999999998,0.6324011733846815,-1.37763538480739,-1.6052382951076278,0.5879922286030687,-1.3865040685981647,-1.6144572117324447,0.05546949410640023,-0.03914772572186524,-0.25568113925611324,0.05075283006935493,-0.03946325039066524,-0.25637677704431194,0.0025517768019154576,0.026516741061844956,-0.05186959457923205,0.10646091897243921,0.6118901652577964,-1.1289140573206247
713,23.7830955,0.4333290000000005,-0.37654608550990193,-0.9704701953842407,1.6322238578554678,-0.3784501919474329,-0.9657134861765589,1.634603007346497,0.04291808343809773,-0.07149640874461058,-0.20127422140221285,0.038137949821170206,-0.0716533780253909,-0.20189055500042707,0.002707816866845261,0.027396594593071488,-0.053685491837729596,0.1103625411343249,0.6635637362305163,-1.2296193731149594
714,23.8164285,0.46666199999999947,-0.02097796179677256,0.05975163656915713,-0.07540627422756983,-0.020518418252680304,0.060395975607818016,-0.07501839634057021,0.04221882503752593,-0.06950470744285092,-0.20378773874104036,0.037454009385553634,-0.06964019897045556,-0.20439114320564722,0.0026804153782658945,0.028829702411807087,-0.055853791973949796,0.11424845967806284,0.7174602985789341,-1.3341227813726273
715,23.8497615,0.4999949999999984,0.20221220031951814,-0.38539888810369693,-1.7743822797957491,0.16855546226371002,-0.3860132417808022,-1.7777619033700014,0.04895916431077622,-0.08235120858001105,-0.2629332232734702,0.0430724686091897,-0.08250717835873464,-0.2636492807306776,0.005907701594491892,0.0300713113347031,-0.05719871228576133,0.12104582585679399,0.7739276284789507,-1.4419723019662247
716,23.883094500000002,0.5333280000000009,-0.6090192456941715,0.38305864551888247,-1.6752798131835507,-0.6225282670046764,0.4038243181446867,-1.6654084474530875,0.028658725794050873,-0.06958271474892919,-0.3187753252863217,0.022321733885121264,-0.06904650236201679,-0.31916234050963554,0.006519209751796677,0.027477685430789756,-0.049935300115913454,0.13148299231245086,0.8291076549565405,-1.5441653662558337
717,23.9164275,0.5666609999999999,-0.00640124455435423,1.1454459054915833,0.8206864210691713,0.038982222468443815,1.1427382297389517,0.8235552347542396,0.02844535310932059,-0.03140156638117944,-0.29141938481282387,0.02362112830666186,-0.030955608950129505,-0.29171077386957334,0.007646707454508681,0.025313928319782172,-0.0514492871015582,0.14356826468206707,0.8797516756515172,-1.6408690156630106
718,23.9497605,0.5999939999999988,-0.15011423988015288,1.0096502586094425,-2.290975897923655,-0.15614772052773654,1.0212997136400639,-2.28540221380936,0.023441595151395614,0.0022531056890480374,-0.36778448441831063,0.018416256338310982,0.003087374404633669,-0.36789008586247834,0.011996502750482876,0.02550258134092853,-0.057717495820408284,0.16068282826070496,0.9285540059659305,-1.744998325837619
719,23.9830935,0.6333269999999978,0.15551353127406667,0.8251245115187078,-2.4512355536567965,0.14048775231093885,0.8285650579056525,-2.4509822099921243,0.028625327689353913,0.029756981031500256,-0.44949151912835006,0.02309913458609136,0.03070593347980191,-0.4495886758681432,0.006211273212111172,0.02608987500601016,-0.050633363920185886,0.17635049617323606,0.9781247921144608,-1.8483336920849076
720,24.0164265,0.6666600000000003,0.2309931613581709,1.427272779293767,0.5335566931681113,0.2891923171962527,1.4164616889995758,0.5339964973694273,0.0363250227369064,0.07733226458370296,-0.43170647387497607,0.03273878209519478,0.07792085095922831,-0.43178897062132676,0.0081610990831268,0.029187644300850867,-0.06371374313672781,0.18816301967509041,1.0312574939009806,-1.9573743413155809
721,24.0497595,0.6999929999999992,0.17275692958924155,0.831608194957552,-0.32338384728964964,0.1964936936258447,0.82619980688705,-0.32369486680296494,0.04208352947090441,0.10505226054622216,-0.4424858276566816,0.03928850638482485,0.10546056912219348,-0.4425786916164697,0.005853683557162674,0.02560604179341449,-0.04426192968147331,0.19964586432861517,1.083929746248483,-2.0603223489191214
722,24.0830925,0.7333259999999981,0.02849673493662573,0.5378955156397792,-0.5640300273611513,0.03758756766702425,0.5389216268805781,-0.5625159342185084,0.04303341113654692,0.12298193176904235,-0.46128664055871027,0.04054141277786973,0.12342444371100322,-0.4613290352517746,0.005912416743593443,0.02591375796760933,-0.0464810128296718,0.2092080152926589,1.1334359031996157,-2.1468147154531683
723,24.116425500000002,0.7666590000000006,0.29198127581376193,0.4626035059872655,-0.8167816957499838,0.29307505869523737,0.4545957793391581,-0.8208758097712271,0.05276602300324778,0.13840189443411702,-0.4885124248231465,0.05031048370935881,0.1385774848237165,-0.488691288618881,0.005912861020639756,0.027851315299618574,-0.05400702077161176,0.21856228796172034,1.185135117627379,-2.2426000366910426
724,24.1497585,0.7999919999999996,0.024379651230834933,0.4066787305185943,-1.9069164428915464,0.00020690644241538533,0.41469546910561095,-1.9053450875139397,0.053578669917725176,0.15195771655849288,-0.5520756706140484,0.050317380521803845,0.15240052889541342,-0.5522021564209811,0.009287770779527913,0.02832102148849371,-0.06347414659222758,0.2307083574197533,1.239214651237937,-2.354599061165264
725,24.1830915,0.8333249999999985,0.35935089320175273,-0.05846735231504487,-1.8635314075394183,0.31463997253094017,-0.06416013024687259,-1.8714128267140602,0.06555691324081883,0.15000882430377555,-0.6141927630215579,0.06080527472617734,0.15026187927389448,-0.6145819601738389,0.008598380842967624,0.030140952089579585,-0.06597569992065498,0.24505856435897322,1.2955539322005538,-2.478010660427042
726,24.216424500000002,0.866658000000001,0.22005271863619472,0.19299442609753412,-1.1056959246610543,0.2026513089703807,0.18907806094485718,-1.1096916054192194,0.07289193051111965,0.15644190750888512,-0.6510489252782876,0.06756025080808756,0.15656441827936987,-0.6515713104572806,0.0070793396359708355,0.025836701407466446,-0.029153159771410066,0.2579378568695894,1.3494063556746794,-2.5686397486885815
727,24.2497575,0.899991,0.3074807688903728,0.25820461608020745,-1.360898311679854,0.2862114446123012,0.2516726718133103,-1.3667487468334876,0.08314118698054213,0.1650486419766864,-0.6964117487015108,0.07710053689134909,0.16495342344892266,-0.6971291464354797,0.012254980148000784,0.025483202522475015,-0.07267439747198699,0.2740735712165973,1.3988636864666006,-2.6656762653941266
728,24.2830905,0.9333239999999989,0.3093393882826551,0.266635842273593,-0.9585001425229462,0.29789154328380746,0.25735898969516924,-0.9646424371795059,0.09345239681016754,0.1739364145071918,-0.7283614339522272,0.08703015570362793,0.17353197065243148,-0.7292835727939831,0.004944513879246097,0.021881891061405877,-0.035697924019202555,0.28793481314264735,1.4446005792392946,-2.7689718995251997
729,24.3164235,0.9666569999999979,0.6363368487050558,0.37422114382490573,-1.6571119024285246,0.6114646457175127,0.3527698966513842,-1.6711224652101093,0.1146634129880525,0.18641032789430698,-0.7835979449958754,0.10741210673932913,0.1852908496175117,-0.78498709792683,0.01205744459502325,0.026801679873547896,-0.06982875770236424,0.30159388482512745,1.4916073144090534,-2.8695339572925076
730,24.3497565,0.9999900000000004,0.7925864055265267,0.7021222993428221,-2.7505948096627866,0.7549101437293104,0.6788608541645249,-2.766983801177986,0.14108269564347017,0.20981417049830303,-0.8752835217863719,0.13257552656026012,0.2079193184693795,-0.8772189689715026,0.011128346271945052,0.02704393547406497,-0.07063813681980127,0.32018805788252885,1.5437526624222029,-3.003434614118126
731,24.3830895,1.0333229999999993,0.8898025253024865,0.45418353362614594,-1.5985959898998048,0.8691624427307298,0.4166508297843561,-1.6200305828477157,0.17074248321937702,0.2249534702246629,-0.9285695219177005,0.16154731826380261,0.22180754057858101,-0.9312194483895638,0.01311450916858708,0.026191222897712182,-0.07371356948789766,0.33956907334116265,1.5953807974993872,-3.1410356171937774
732,24.4164225,1.0666559999999983,0.39652516797384274,0.3517021044488149,-1.1552031983129476,0.38318031676140385,0.3375576202918047,-1.1638937693502949,0.1839598566434487,0.23667675647225486,-0.9670759101270647,0.1743198677624101,0.2330593487357674,-0.970015519403316,0.011035785916474375,0.026087905456922772,-0.07189185399834423,0.3587051535608937,1.6461495433370192,-3.2798258982389505
733,24.449755500000002,1.0999890000000008,-0.3091718634869974,0.17984646232379492,-1.7123762982449826,-0.34766410464813013,0.21193888274942388,-1.7012866185013436,0.17365423091783583,0.24267157860089436,-1.024154549276469,0.1627311801621731,0.24012390751445448,-1.0267245062578254,0.006654769140654571,0.022880280182406718,-0.05109033676754727,0.3721832477334652,1.6936583533408613,-3.3970131942667794
734,24.4830885,1.1333219999999997,0.27957118263210984,0.05197970044190995,-1.490372736472909,0.23761594302605887,0.047544102133241416,-1.4977820438936618,0.18297317714851166,0.24440421795572448,-1.0738331437013189,0.1706516323910605,0.24170869507086176,-1.0766500751269312,0.005118674880091195,0.02145537425218423,-0.03773787738585375,0.3808944387409083,1.7365518997590004,-3.4815948704756114
735,24.5164215,1.1666549999999987,-0.285067473772212,0.13776088024729796,-0.7765022133387472,-0.29951068164709227,0.16189244310170453,-0.766342873976923,0.17347102304526282,0.2489962013770075,-1.0997162919785386,0.16066804283971828,0.2471050558767707,-1.1021945821452033,0.003930869892215756,0.01993325338143682,-0.03997934377187147,0.38726826647766,1.7765713369857317,-3.555576765128422
736,24.5497545,1.1999879999999976,-1.4702937629612893,-0.35875750070871093,2.7731916257552376,-1.4029830693746181,-0.28946082996306877,2.815832633847735,0.1244617210444757,0.23703773760588442,-1.007277495517242,0.11390240818825562,0.23745645803161203,-1.0083344329611597,0.004733043968199263,0.019325434844179867,-0.041189890170161066,0.3931198052073602,1.8145872373926435,-3.6328677474423463
737,24.5830875,1.2333210000000001,-1.427038975955541,0.4338869275409896,1.5760171118954895,-1.3449648409656574,0.5111355536592441,1.6242961750020473,0.07689423085894609,0.25150049056160934,-0.9547441171264258,0.069070695144344,0.2544941394417369,-0.9541917685598124,0.005150369144423451,0.019038230571372262,-0.04675721671242326,0.3998778953507615,1.851801774024767,-3.716637555110299
738,24.6164205,1.266653999999999,-1.6071481691193958,0.44207257352073354,2.988501969321826,-1.476478933947879,0.519569527846441,3.042951672594402,0.023323160937690955,0.26623609565477546,-0.8551283809830246,0.019855222839060896,0.27181295051344173,-0.8527610604572263,0.004368390381197421,0.02083939265266202,-0.029682851039089957,0.40659176039704803,1.8903944926965746,-3.789400704267051
739,24.6497535,1.299986999999998,-0.6412734088140518,-0.34009022364875924,-0.7564950932779212,-0.6874266182784365,-0.28913274859682403,-0.7369020758541437,0.001947594401692844,0.25489986822989175,-0.8803446319272568,-0.0030587686280135044,0.2621752886044641,-0.8773242173516718,0.00469936734849607,0.02007157166321475,-0.032928275959049735,0.4132661310472168,1.9298879594793024,-3.8489413772571286
740,24.6830865,1.3333200000000005,-1.123676849022809,0.49647759470310837,1.6524276791778432,-1.03068667639796,0.5558915718589226,1.6936134250226729,-0.03550792600678726,0.27144895589413165,-0.8252642600972175,-0.03741464761238929,0.28070482236923894,-0.8208710010553868,0.0038032075544408004,0.018498457704742274,-0.028284785809813806,0.4194059122913925,1.9671430323431685,-3.907159449434606
741,24.7164195,1.3666529999999995,-0.17197039335003164,-0.3136674886997014,0.23786743829628154,-0.18507914894673252,-0.30334150029829277,0.24139525819640967,-0.04124021512832368,0.2609934774933048,-0.8173354247764878,-0.04358389088423053,0.27059354013979625,-0.8128245729139262,0.006407674426486002,0.020345202602961618,-0.039162721394529476,0.4269327478970723,2.0047103030955773,-3.9713292626904453
742,24.7497525,1.3999859999999984,0.35054209919986606,-0.8158271056976422,-1.0365152584864439,0.25530933125220034,-0.8279871529552792,-1.054548211650006,-0.029555595335694913,0.23379951257908616,-0.8518855878876154,-0.035073664945601206,0.24299424437033879,-0.8479758284528547,0.006284936500563348,0.022083808239116112,-0.03949704633507434,0.4364078729104671,2.0457913817356426,-4.046182430426845
743,24.783085500000002,1.433319000000001,0.578911287187758,-1.3893278381828822,-1.7570458970990306,0.41376996189493964,-1.409113204648123,-1.7876730126104166,-0.010258745399863928,0.18748904774893266,-0.9104531987756217,-0.021281470805756146,0.19602427391979937,-0.9075643329822022,0.004519334809345257,0.021476379424459225,-0.045943360028766624,0.443792177353966,2.088013353814303,-4.127502183180455
744,24.8164185,1.4666519999999998,0.8728283980405982,-0.6957323871119149,-4.651045442772712,0.6486499206575058,-0.7089433621707398,-4.685589532524635,0.018835243592022412,0.16429820008933194,-1.0654864965195596,0.0003399769995198142,0.17239306482856284,-1.0637490888698409,0.00474498698518143,0.02259151336202978,-0.05431776944904883,0.44912460128247866,2.1308394285074916,-4.222977440249846
745,24.8497515,1.4999849999999988,0.7452451776510655,-0.14379607145804887,-2.9223926218789305,0.6229570745602622,-0.16788776744970976,-2.949607516634615,0.04367650109866459,0.15950504563942094,-1.162898609784647,0.021105005165836375,0.16679686187616186,-1.1620683562218195,0.008882432582240966,0.021000307995684423,-0.053961798398010775,0.458264682631446,2.173283589250613,-4.326115661553103
746,24.8830845,1.5333179999999977,-0.4855922917478967,-0.4340806393348376,-2.524162357614104,-0.6130917998891647,-0.367187984368618,-2.5069728582276842,0.02749025323783246,0.14503583568847325,-1.2470365136509953,0.0006688162001314952,0.1545573847932031,-1.2456332825051202,0.006294034054250261,0.021955587387160344,-0.05108005754667642,0.46892662277668007,2.2151133041742894,-4.426160413340107
747,24.9164175,1.5666510000000002,-0.39785088371342303,0.4740827769800505,3.202739355836594,-0.23521654712423173,0.4674414857939281,3.219743905940811,0.01422868973101194,0.16083843689355046,-1.140279602702886,-0.007171656965161109,0.17013861183917328,-1.1383095588883871,0.004207355862245077,0.021023403759680093,-0.040258393878271424,0.4755623725606146,2.2568723070322574,-4.513106303612899
748,24.9497505,1.5999839999999992,-1.494547851971175,-0.3765806772237414,-2.0033338304055253,-1.5975074403686125,-0.2325629790297656,-1.9449208629373442,-0.035589073818741664,0.1482858731796519,-1.2070567292717913,-0.06042137247496639,0.16238659005917436,-1.2031396060126756,0.007023386637856725,0.020500306226480188,-0.04110663531761807,0.48321070632728186,2.2971728251348864,-4.590530060094139
749,24.9830835,1.6333169999999981,-1.3268483176231936,-0.11741139207993649,1.1556390718667737,-1.2847489300646053,-0.023072974011516464,1.2077671058456851,-0.07981690879007416,0.14437219924745148,-1.1685358120892573,-0.10324590856080851,0.1616174986164485,-1.1628811050735226,0.006886462977715286,0.022371331129092033,-0.03155281798414432,0.49369922695947277,2.338701832463712,-4.659619033324047
750,25.016416500000002,1.6666500000000006,-1.5176736271637736,-0.45661839571048846,-0.47345774619034614,-1.5682181566613071,-0.32447130147319747,-0.4140121048416434,-0.13040552380432802,0.12915173826323265,-1.1843175791430212,-0.15551932437680377,0.1508018967244416,-1.17668137056421,0.006084448769723017,0.02048413159213817,-0.03300521183076434,0.5035601022067887,2.38016032678519,-4.720960319513452
751,25.0497495,1.6999829999999996,-1.8832613623979013,0.15206560651639706,0.013678489675190687,-1.8617180182883692,0.30832486912735346,0.09447859188102428,-0.19318027479713526,0.13422054112524354,-1.183861634046678,-0.21757597108040802,0.16107928958706336,-1.17353211566104,0.0053796105264622175,0.01859905679376972,-0.03479605904189207,0.5118087252870478,2.418053869051701,-4.785428389856364
752,25.0830825,1.7333159999999985,-1.8731665454158701,0.8008457203012119,0.09105187321506414,-1.792937152585205,0.9549372585351056,0.17851727464611886,-0.2556185352554805,0.160915131520043,-1.1808266019568006,-0.2773399451875288,0.19291021322581303,-1.1675815993452612,0.006344144932715099,0.021105703932867332,-0.031326478320727685,0.5203310245682209,2.456535926781436,-4.848282929446271
753,25.116415500000002,1.766649000000001,-1.2436466147886989,0.8658716305552324,0.458947223246726,-1.1440482957924905,0.9628633682390416,0.5206445695475119,-0.2970730078662353,0.18977723058134272,-1.1655285141643164,-0.31547450703118274,0.22500533787932742,-1.1502269539085326,0.005036339655393174,0.02003398669981864,-0.024395125966047402,0.5289128860320095,2.496306601886002,-4.901180075092766
754,25.1497485,1.799982,-0.8733822728813052,1.6258742079722381,-2.2112726680179375,-0.823904344180159,1.7240568900371047,-2.1551797648021114,-0.3261854591681869,0.24397249555567962,-1.2392368660073558,-0.3429377105357391,0.28247332619493243,-1.222065561008679,0.0055443672069115085,0.019005275481992462,-0.027900192402463518,0.5368383534973578,2.5340488054186707,-4.950816874650016
755,25.1830815,1.833314999999999,-0.09885914466286315,1.2788952857326155,-1.154710700611924,-0.03683172981136493,1.2980041766616244,-1.1368956264795558,-0.329480731037234,0.2866019121150035,-1.277726837790852,-0.34416542258554134,0.325739699415593,-1.2599617029261208,0.006293958668128553,0.01940234376041459,-0.032916642892857416,0.5455694705122425,2.5712719384884446,-5.008600409206143
756,25.2164145,1.8666479999999979,0.15823493905600966,1.5883797661037615,-2.396220419604651,0.19267878374688807,1.6009149353030874,-2.3853316609757895,-0.3242062858136802,0.33954737485853853,-1.3576000530375312,-0.3377428606869065,0.37910299695404914,-1.3394719631814243,0.012404459017554777,0.019080254810096623,-0.059050015180428315,0.5594685178238255,2.6088649114257048,-5.096152212767448
757,25.2497475,1.8999810000000004,0.809489399829935,1.5889107251194845,-2.825526956473611,0.8228432388162303,1.5490419006776193,-2.8437494891208805,-0.297223575649147,0.39251053605895025,-1.4517833430776732,-0.31031502700744307,0.4307372106293401,-1.4342626649022976,0.009851974150165602,0.015521549908205983,-0.049222887597690244,0.5759950548150948,2.6429297299670935,-5.199320036646354
758,25.2830805,1.9333139999999993,0.8436516012440908,1.8951167846262331,-2.3083227697924733,0.9097382062534236,1.8426427690622122,-2.32564263869188,-0.2691021368248786,0.4556804638408945,-1.5287266659631633,-0.27999072337839864,0.4921580220504889,-1.5117833109778116,0.008003646900916999,0.019547663094556543,-0.050958866919486465,0.5886169855410944,2.6773885525605365,-5.294743154275778
759,25.3164135,1.9666469999999983,0.44726962966694145,0.6092316596792449,-2.9380890778122626,0.3665935058188719,0.6081519791281816,-2.949464551017955,-0.2541932982591909,0.47598798275298215,-1.6266619891938763,-0.2677710620489386,0.512429551970768,-1.61009781285689,0.008537960645359654,0.02177041916426839,-0.05757956794242843,0.5995488973309667,2.7179165606881464,-5.3980885467187
760,25.349746500000002,1.9999800000000008,0.9640712750091522,-0.045662493919699954,-1.9074452443317833,0.8646415822520869,-0.10874079200162068,-1.9520338678332767,-0.2220579104493084,0.4744659148431567,-1.6902428615231924,-0.23894996418772757,0.5088048951509777,-1.6751649577733814,0.007933077077667258,0.021229977553870776,-0.051278401347267376,0.6103253468981024,2.7600737326813825,-5.501718272605011
761,25.3830795,2.0333129999999997,5.467464690648665,0.5194636153506564,-4.7496017505423955,5.259613139034765,0.05760488921356283,-5.00548505984685,-0.03981090991592221,0.4917811955336396,-1.848561336674017,-0.06363127942428728,0.5107250389231334,-1.8420127912732511,0.010645560329766653,0.02390262371569372,-0.057749221356240034,0.6230297959147355,2.804289825506306,-5.605483361176794
762,25.4164125,2.0666459999999987,2.1069881487060655,-0.37812094536944785,-3.1217308649881863,1.9053920371144109,-0.5353295461156519,-3.226527787497172,0.030421326044894857,0.47917729006164017,-1.952617991596665,-0.00011884665115464163,0.4928808991624609,-1.949562642013891,0.009982049339703895,0.019281129509760866,-0.04461639125126603,0.6379258697371643,2.8465999949542926,-5.702893079414158
763,25.449745500000002,2.099979000000001,3.30011777085881,-1.7041736405152483,-2.5744974141409664,2.9802091441277923,-1.9858388874867792,-2.7564142294267024,0.14042415170093983,0.4223720701023411,-2.038433713902232,0.09922046475006452,0.4266869315258591,-2.041442197523378,0.007981713868435464,0.01837607369536327,-0.051126140521309385,0.6505247331298968,2.883585314245181,-5.794023364331809
764,25.4830785,2.133312,1.515748396322669,-0.711546386790434,-1.4501136989115695,1.3608961238937485,-0.8385239077538172,-1.5334472920112046,0.19094859299556174,0.3986540943914563,-2.0867703538280495,0.1445832152478134,0.39873641410870203,-2.0925565961079857,0.00610764413702403,0.015201060941674921,-0.03482086583511802,0.6598400546858312,2.9165851908015723,-5.875828650546697
765,25.5164115,2.166644999999999,2.443412601708304,-2.0198449055286787,-2.8482848058053505,2.074280323644743,-2.213301192842752,-2.993563743811016,0.27239486524830203,0.331326604155471,-2.181712231259956,0.21372520127586142,0.3249604454476769,-2.1923410563804353,0.008026613145358767,0.016928693771430525,-0.04148377025513091,0.6696232098415834,2.9481098199938143,-5.948427686262901
766,25.5497445,2.199977999999998,1.789470878699941,-0.7946726256618055,-3.8566232415558166,1.4982907071474199,-0.911326146812214,-3.9537150941882433,0.3320432980480053,0.30483778152428687,-2.310265053770732,0.2636677254172048,0.29458321099598633,-2.324130241615008,0.007946039344456108,0.020090444915327032,-0.04719829987603181,0.6805095600937526,2.9844554311561025,-6.032802655362832
767,25.5830775,2.2333110000000005,-0.03216763664130623,-0.4892038659098028,-5.533869013617619,-0.367551002164064,-0.38550277722315074,-5.529950751020018,0.33097105421584055,0.2885311490619142,-2.494725509601662,0.2514161478620691,0.2817332469228061,-2.508460089998772,0.007154889616601925,0.02012306030660016,-0.04683890859782523,0.6902414849325735,3.0239275201762323,-6.122257847855667
768,25.6164105,2.2666439999999994,-0.41434347320530845,-0.3368155577455405,-2.3925567489198287,-0.5719120408711132,-0.2471176542519991,-2.370928618282871,0.31715974322348844,0.27730407607558244,-2.5744766037134044,0.23235260380371292,0.2734960741536245,-2.587490253631992,0.00793768188306748,0.01958986599561584,-0.04942201856736082,0.6997912085985287,3.062962420429392,-6.213841748431457
769,25.6497435,2.2999769999999984,0.1450117296265214,0.48574655553870677,-4.326897144996221,-0.029158816400420187,0.5457947808309616,-4.3220683523016215,0.32199341920712915,0.2934954660113536,-2.718705066247559,0.23138065297663774,0.29168905158306235,-2.7315577580192576,0.00697200429203159,0.017564652742404114,-0.033488962939736876,0.7097907791285768,3.099413219883369,-6.292686680152381
770,25.683076500000002,2.333310000000001,-1.1047732256189824,-0.034380640905501705,-2.6394381479427484,-1.2399147076918529,0.13660610416857133,-2.5753232681126472,0.28516801327756885,0.29234945610805047,-2.8066854580329412,0.1900505760251421,0.2962425428533137,-2.817401008515263,0.004622680938415016,0.01751662108734237,-0.02394207774561607,0.7178997510591896,3.1335936930362944,-6.347187721013185
771,25.7164095,2.366643,-1.02071063492167,0.7505099925429245,-2.2135609670074965,-1.047145847970003,0.9006774129051389,-2.144115989112956,0.2511446656837259,0.317366205689483,-2.8804700857462,0.1551460634747591,0.32626482305767973,-2.8888708267803627,0.005519788030040228,0.017619280125205628,-0.02547270564775087,0.7250110430760209,3.1677371680737987,-6.394019470244788
772,25.7497425,2.3999759999999988,-1.4548027400252552,0.9072690799501179,-3.29211176603091,-1.5188126928868972,1.1270200229079648,-3.1938412527468962,0.20265172595046563,0.3476082059314593,-2.9902060472433045,0.10451947998276175,0.3638317814812697,-2.9953311372581717,0.00659964344059833,0.017663758387915268,-0.030673715058495865,0.7336248272044339,3.2021093752427046,-6.447283883260644
773,25.7830755,2.4333089999999977,-0.41665826253516114,1.1878133578255752,-2.2131852946673574,-0.3986995473378033,1.2698048683176444,-2.170559397171376,0.18876325608538155,0.38720158858785797,-3.0639781526704493,0.09122962797135117,0.40615818715690044,-3.0676823936440827,0.00700295776868913,0.018165753663691664,-0.035039112330536526,0.7431094684094939,3.237129498609656,-6.5096867635970606
774,25.8164085,2.4666420000000002,-0.33589402312614397,1.248550884357827,-1.5807047474900677,-0.27647196183887346,1.3094638712947284,-1.542465308663701,0.17756690061251695,0.42881953521616056,-3.1166677840185395,0.08201398806737531,0.4498065463787709,-3.1190973897777736,0.006073699771283401,0.017358934230061688,-0.035137512809635944,0.7518115318490319,3.2719240587289438,-6.576359122563448
775,25.8497415,2.499974999999999,0.1662621315665471,1.5016156151400135,-2.541532895792605,0.19816182769176388,1.522533768071813,-2.526757769860068,0.1831089162440245,0.47887288851562104,-3.2013847000339917,0.08861931626982467,0.5005571644699071,-3.2033218065205165,0.007949438926698115,0.018821173158779885,-0.042139075943208176,0.7609875501665205,3.307444326553267,-6.649810602930786
776,25.8830745,2.533307999999998,0.7335274632786117,1.1200542209434077,-2.1524792196836597,0.7380943069739713,1.069744284016345,-2.1763765182601214,0.2075595871774897,0.5162076558623264,-3.2731332898637047,0.11322221380418727,0.5362149506890227,-3.275866965003679,0.007010320568972443,0.01880417152255326,-0.04479630499383298,0.7704768275742877,3.344479765387337,-6.732478611328384
777,25.916407500000002,2.5666410000000006,0.9574746914857243,0.9811606767887634,-3.6586093701891045,0.8579755151644469,0.935586479686457,-3.6950524402982414,0.23947509106878576,0.5489126847017287,-3.395085716000227,0.14182111165116593,0.5674008548164137,-3.3990341479961494,0.006236978525021214,0.01716461132709331,-0.040659649866055685,0.7783605244983494,3.379926881481946,-6.813750426745488
778,25.9497405,2.5999739999999996,1.006683721453996,0.4757351394698818,-2.246777222559652,0.9260371836400929,0.3981645698593914,-2.296010460691407,0.27303087955601074,0.5647703641056778,-3.4699775411598055,0.17268870909344017,0.5806728744235363,-3.4755670646823735,0.010727440310031913,0.01889587076404772,-0.056815383488272364,0.7890622707489053,3.415631699868468,-6.906514657427149
779,25.9830735,2.6333069999999985,2.3216705592315274,0.2254861406828922,-3.994960854891802,2.0958836146614543,0.025936215395294226,-4.12399195002669,0.3504191243068728,0.5722864936330604,-3.6031415713359096,0.24255079762094822,0.5815374062913077,-3.613032088352609,0.011308553718699613,0.018753912106074862,-0.051512778298362094,0.803927538174439,3.453018757123792,-7.009634814898395
780,26.016406500000002,2.666640000000001,2.35380923063268,0.2007272312426459,-3.1341508897251464,2.1726793265038293,-0.02374033948189319,-3.26841124334179,0.4288786473915578,0.578977334432072,-3.707612222943126,0.3149727176113058,0.5807460695553577,-3.721978040326929,0.011151047551786756,0.017592231367755513,-0.057925396305137954,0.8190662254798322,3.489203030436864,-7.113828634803238
781,26.0497395,2.699973,1.326036846461536,-0.5633468074761905,-5.360155378153492,0.9244980326407967,-0.6063360727185,-5.439178152642059,0.47307943359465876,0.5601992952984687,-3.8862822821631107,0.3457890105333205,0.5605350692434325,-3.903282165688941,0.010785874624482602,0.019531550875187893,-0.054754316271824886,0.8334506357821394,3.5262012412209818,-7.221107337574328
782,26.0830725,2.733305999999999,1.111973129045305,1.024113220305288,0.06717315581925774,1.2362761049164706,0.8724999911741149,0.013019923168815537,0.5101448339051248,0.5943360612709038,-3.8840431993601876,0.3869978019384999,0.5896181114492384,-3.902848172589955,0.010865954458260425,0.019185271937787032,-0.05473364440467393,0.8476827654457982,3.564702540939542,-7.3253053923641565
783,26.1164055,2.766638999999998,-0.41266977187973897,-0.2576637524408784,-2.8878335051921242,-0.616166050643171,-0.13561509225845506,-2.8597582499998055,0.4963893123990578,0.5857473554107923,-3.9803033535887535,0.3664591389724117,0.5850976535789875,-3.998172494337195,0.011296464124805602,0.01691894775959292,-0.05790858865012265,0.8621442211757222,3.6007802726862947,-7.432552945928813
784,26.1497385,2.7999720000000003,0.16016874010412802,0.33840751780903705,-3.819053510310961,-0.0292678950007723,0.4040305318185472,-3.8159200866521474,0.5017282170129491,0.5970274932019217,-4.107603864247959,0.3654835522283509,0.5985652032960961,-4.125368558585581,0.00875484582855674,0.017511326764006234,-0.03976663510496602,0.8754263475586214,3.6350689068902664,-7.525500981320023
785,26.1830715,2.8333049999999993,-1.3322993164042607,-0.20058029045067924,-1.0224297907293785,-1.407379658418592,0.0011002955530235448,-0.938028722800492,0.45731868389924724,0.5903415503803294,-4.14168451646234,0.31857136607428543,0.598601879447765,-4.156635870002689,0.006169766582469167,0.017905473946803363,-0.02609238751107532,0.885697289592836,3.6698516327191926,-7.587990834035306
786,26.2164045,2.8666379999999982,-1.0070608856087295,0.3300561338408755,-0.25473172167967284,-0.9676035521935784,0.46680894588944255,-0.18392852595198766,0.4237503233992525,0.601343311489647,-4.1501754889410885,0.2863182368690179,0.6141620220410973,-4.162766759558247,0.007939731254742373,0.01891911173256923,-0.030350428756157247,0.8957324116665525,3.7058497889691187,-7.641446750152207
787,26.249737500000002,2.8999710000000007,-0.44934232515257855,-1.0012188424610649,-4.696286270499396,-0.8733172183767264,-0.8171118304412422,-4.672161996634259,0.4087723956749405,0.5679696838138899,-4.306716799195657,0.2572079540288643,0.5869252333969973,-4.3185039353920684,0.007708495653343071,0.018823158109903874,-0.03245703759528882,0.9068085377012927,3.742829579383262,-7.700974252685431
788,26.2830705,2.9333039999999997,-0.7806605312406216,-0.5395335603379678,-0.14035847421942574,-0.8541369973134689,-0.4257120372974179,-0.0971960913487344,0.3827506381870977,0.549985411647145,-4.311395368216813,0.22873700549741538,0.572734974057763,-4.321743772704996,0.008152034875677812,0.018746082225249684,-0.03543591474235286,0.9177300132565628,3.7797328825113783,-7.765365885772837
789,26.3164035,2.9666369999999986,-1.873580960788013,-1.5492498035896833,-2.248797241087396,-2.208097143704241,-1.222987709514324,-2.143869788120158,0.3202985640211528,0.4983442679440917,-4.386354526653976,0.15513450340632426,0.5319691247365232,-4.393205384352402,0.008881516089296968,0.018913245812419047,-0.037622509118007345,0.9294031079153174,3.8168143766986513,-7.834694410938932
790,26.349736500000002,2.999970000000001,-2.8691906431813816,-0.17265641677318075,0.7512935575487281,-2.8111128281721443,0.20354751091147935,0.9395319435093817,0.22465983231198067,0.4925891116037908,-4.3613116585002025,0.06143167950485514,0.538753973917736,-4.361887966079402,0.007693021717844283,0.01916991291886076,-0.035704831428537795,0.9405763800570023,3.8543185229651726,-7.904269252794009
791,26.3830695,3.033303,-1.3160610100673742,0.4492898987728454,-3.634371838881326,-1.4735779536289089,0.7207967028800844,-3.5286763504618186,0.18079157066340626,0.5075652917995856,-4.4824561750056295,0.012312905576544271,0.5627802904148371,-4.479509334869341,0.008011880268591483,0.020848757492553778,-0.031766436270765794,0.9512536718702421,3.893591594801232,-7.968205360125015
792,26.4164025,3.066635999999999,-2.074202666408745,0.8417182712208864,4.277879513610771,-1.650269691651564,1.0103289805581015,4.423449420788673,0.11165217318400573,0.5356222869341906,-4.339861617178446,-0.042695534055275576,0.5964575863237792,-4.3320624953261975,0.012683547954260915,0.013220128263927596,-0.04716932668353528,0.9659015083356781,3.9273811400647425,-8.043202500741325
793,26.4497355,3.099968999999998,-1.7344664266974994,-0.34358677643458574,0.6667270241923737,-1.717946810325024,-0.11339891603967817,0.7789416061586535,0.05383720378289981,0.5241695089152969,-4.317637605281043,-0.09995985508383778,0.5926776602554288,-4.3060980347681115,0.007179755479940151,0.018885798555097984,-0.034261262218916934,0.9795457698180757,3.9593554027673212,-8.12061379770884
794,26.4830685,3.1333020000000005,-1.1314306882181957,-0.589012703810732,2.89325987942911,-1.0093769720788224,-0.5001427643784241,2.954494786064679,0.016123224652519863,0.5045359484591724,-4.221196573720025,-0.1336054176941437,0.5760064014904015,-4.20761586006421,0.008372824597734073,0.018111265187426052,-0.04202801672491416,0.9893745825884604,3.995931087988839,-8.193020624002342
795,26.5164015,3.1666349999999994,-0.26366413428787155,-0.1701377826156588,-0.30458246966331404,-0.30537412714724377,-0.1221701374402053,-0.2881964982373135,0.00733450806430252,0.49886474575124473,-4.231349221181312,-0.14378445347434243,0.5719341042991073,-4.217222313939954,0.006940427685512406,0.019505311588975727,-0.03438798437493584,0.9989208000029385,4.033112581725052,-8.265535505134642
796,26.5497345,3.1999679999999984,0.25573751297317615,-0.5458884053971464,-0.6306435952288103,0.12995247843883317,-0.5594528739505111,-0.6566825763395752,0.01585900658423713,0.48066864753414223,-4.252370464141073,-0.13945274751054093,0.5532858616517154,-4.23911151425708,0.006384812111180557,0.019572479331294884,-0.03460884248753914,1.007024610286336,4.0715763320644305,-8.33092214670418
797,26.583067500000002,3.233301000000001,1.0054272529464325,0.2506875130176798,-0.8190136786685545,0.97307904253417,0.12424247897553015,-0.8844165191782632,0.04937291320670308,0.48902481440556117,-4.279670647092134,-0.10701710378574701,0.5574272362034071,-4.268591770090851,0.008433109490130153,0.0198801194614843,-0.045063076520462174,1.0157813524177033,4.110587471805885,-8.406518235882823
798,26.6164005,3.266634,0.8638044336072256,-0.007603887559082689,-2.7854903782458726,0.6589711522198023,-0.05572380793303551,-2.8403916004131187,0.07816610639213183,0.48877135402155425,-4.3725193978702,-0.08505161836880504,0.5555697945135752,-4.363270543307419,0.00805487729497253,0.01992851564104655,-0.04812570400561822,1.025149811606367,4.150180349379607,-8.495044875341323
799,26.6497335,3.2999669999999988,0.5606067457164179,-0.645486265130593,0.43126454417726445,0.48544912038661614,-0.7340374112356488,0.3774251969619221,0.09685281104709659,0.4672553603459569,-4.35814405681914,-0.06887014283895848,0.5311021254848581,-4.350689829217087,0.013412170115552458,0.019133594164343935,-0.06214146155499555,1.0380226980942018,4.189371222093246,-8.599930218848325
800,26.683066500000002,3.3333000000000013,0.7758335553115648,-0.2942457936594274,-3.36543186386404,0.48385957510190175,-0.3091782109063884,-3.4183210306271654,0.12271367094629893,0.45744726530590646,-4.470323997137328,-0.052741651622085585,0.5207962881807147,-4.464632724130991,0.014102500646136919,0.02058273701783528,-0.06756433985098634,1.0552333486334784,4.229553246782042,-8.723408569762139
801,26.7163995,3.366633,1.1533460655125392,0.4569094202472056,-2.3850798706683807,1.0386957872060674,0.3458364048443633,-2.4554200449894688,0.1611581553480272,0.47267742701100607,-4.549825864466315,-0.018118804947146835,0.5323240530633915,-4.546479240490622,0.012142720076716018,0.02073781550894008,-0.05948930182863628,1.0713344685123651,4.271255710675674,-8.844314074774369
802,26.7497325,3.399965999999999,0.7955433774014475,0.24994440725270767,-3.143646590922229,0.5988236193476025,0.21899445021994415,-3.1892518032205395,0.1876760027469488,0.4810088239379603,-4.654613036281522,0.0018417827565661688,0.5396237950725726,-4.652786570847368,0.014521053189236457,0.01819378031268353,-0.06304670539473882,1.0880707855112624,4.3106305752895295,-8.960931748745299
803,26.7830655,3.433298999999998,0.7089875124875945,0.525234716877275,-1.719202495159247,0.6582819576225577,0.46013687449919416,-1.75759237055496,0.21130868350069704,0.49851647275562994,-4.7119192130526635,0.02378429524999819,0.5549615375102538,-4.711372397335075,0.014276600886077734,0.020046158279133988,-0.06897789464304684,1.1060788771883223,4.349553825968745,-9.086641252054598
804,26.816398500000002,3.4666320000000006,0.22010494426121846,-0.12665310962869814,-2.9003255782761252,-0.013902364574360459,-0.06842282530936866,-2.9105842537032864,0.21864544160775679,0.4942947446523762,-4.808595765553349,0.023320887731640996,0.5526807994742164,-4.808390902263774,0.01398120591820648,0.021245749365130864,-0.06435610479128867,1.123392239674757,4.391453874633521,-9.213542379140586
805,26.8497315,3.4999649999999995,0.0804362920942456,0.04772873336364692,-0.16258439285228324,0.07507119868978379,0.03930426943718115,-0.16733560112780227,0.2213266245321342,0.4958856865215866,-4.814015191120294,0.02582323599756748,0.553990928687366,-4.813968699856167,0.015423592887421145,0.0207908934847279,-0.06269489060197275,1.1421721178677882,4.433986185316023,-9.33440691436342
806,26.8830645,3.5332979999999985,0.7071497429993711,-2.716014587398697,-3.713373034630122,-0.027943436987702686,-2.6718494736508225,-3.8113481665659794,0.2448980469155315,0.4053527722798287,-4.937793054483616,0.024891797412456416,0.4649301701821659,-4.941012368292307,0.014272663709448867,0.01839326791336515,-0.05860998018987651,1.161567426645017,4.4737249908831895,-9.449816284239747
807,26.916397500000002,3.566631000000001,0.6730268029499711,0.021527218809507496,-2.09729342479876,0.509774187366524,-0.020236899279354244,-2.142845994033449,0.26733204933826454,0.40607033906440604,-5.007702136212438,0.041884100399946035,0.46425561361848716,-5.012439853811429,0.017131155853050146,0.018472436905690167,-0.06724238060029897,1.1821715477340209,4.511379290445834,-9.569618210969834
808,26.9497305,3.599964,0.883456212617977,-0.13957898441654618,-1.8002393927646072,0.7100448217882364,-0.22445057931105716,-1.867162909942295,0.2967802952734586,0.40141775277684943,-5.067709515891458,0.06555202444461258,0.45677400245831196,-5.074677995088534,0.01369104299848999,0.01850193299819985,-0.056125371227775334,1.2023303667363099,4.549130449362601,-9.687031224587924
809,26.9830635,3.633296999999999,0.6244743871649202,0.2192362075473864,-0.5219454666208705,0.611801778499582,0.1280700349392807,-0.5654701539659203,0.3175959000208262,0.40872555328302623,-5.085107524130331,0.08594521312733851,0.4610429609329429,-5.093526811730679,0.010499566777395065,0.020247788153689376,-0.056065380921769103,1.2169338587831324,4.588386737257399,-9.793698342170284
810,27.0163965,3.666629999999998,0.18309522027309566,0.48126601821144116,0.07124625491779352,0.26870679327763536,0.4399875964938687,0.06651648660113116,0.3236990129981891,0.4247675934680677,-5.0827326727151565,0.09490201666766164,0.4757090674868725,-5.091309617682803,0.012177731757352029,0.02121149472016302,-0.05295142801490158,1.230266081685535,4.630191048535081,-9.897266477530666
811,27.0497295,3.6999630000000003,-0.14926261342881403,0.26224683954442923,-0.70478272957363,-0.15446479921838877,0.3089510139653341,-0.6844423462177892,0.3187236423047661,0.4335090673706028,-5.106225195440036,0.0897532415153147,0.4860073316353798,-5.114124134409283,0.0098347294777444,0.020619009279075277,-0.039781820118611956,1.2441537644845744,4.672038540938526,-9.985225854149826
812,27.0830625,3.7332959999999993,-0.9252408450857542,0.5143619286445622,-2.4555651728095538,-1.0064153254237105,0.7554162360747092,-2.3594307864390043,0.2878825892155236,0.45065429353811143,-5.188076549345294,0.05620639947296722,0.5111876210324573,-5.192771040813652,0.008760845670503472,0.01980482746271531,-0.035755680056756736,1.2560612186142988,4.71220458555164,-10.05673846563
813,27.1163955,3.7666289999999982,-1.3831780925968515,1.2146393608588637,0.6529417372162661,-1.0906931095138754,1.4135778684569293,0.7918645563820916,0.24177711385499426,0.49114186735361864,-5.1663120424186655,0.01985032605354236,0.5583064121217306,-5.1663758195557685,0.00845646350907424,0.019066137056000795,-0.0327751116020946,1.2671548659378464,4.75075510963043,-10.121567697548292
814,27.149728500000002,3.7999620000000007,-1.5558625322031578,0.24984653727635,-0.3016306402221629,-1.50499170621958,0.5308998777564228,-0.16509948041084332,0.1899155480690625,0.49947000198065183,-5.176366296549191,-0.030315562489878656,0.5760028977469868,-5.1718790805363035,0.006473485207652411,0.018207594258477636,-0.030735070990758114,1.2764190570753862,4.7876858467714625,-10.181617822549805
815,27.1830615,3.8332949999999997,-2.531565228102396,0.28427653040626927,1.86084278689086,-2.2848734049475663,0.6590735225993698,2.0730043759173484,0.10553088432072799,0.5089457915686837,-5.11433882393376,-0.10647724769699346,0.5979717954757908,-5.102779625673853,0.006183581348630941,0.017992763080090655,-0.02792789257763078,1.283862141792301,4.823497168232577,-10.237044839766764
816,27.2163945,3.8666279999999986,-4.743974779831658,0.1516657831352133,0.11781453846178407,-4.614158540711786,0.989302462176481,0.5224950587650041,-0.05260002701539566,0.5140012671179296,-5.110411711923214,-0.2602809943345346,0.6309482144475185,-5.08536329788004,0.006139024913012893,0.01655507341890978,-0.030508194497497504,1.2909675661663362,4.857733006881811,-10.292288364713754
817,27.249727500000002,3.899961000000001,-4.2727514105386994,0.439189144783755,0.9704275968962468,-4.030929413731738,1.1597905312977723,1.3407145210664704,-0.1950236497828928,0.5286407588810076,-5.078064448835868,-0.3946439644824647,0.66960751222727,-5.040673260749328,0.0037239460516463076,0.015241361418683269,-0.024576449909994587,1.295960467404363,4.889275714624635,-10.344379326344809
818,27.2830605,3.933294,-4.39787823975811,0.043433322340340696,0.7280576931207178,-4.24338621669511,0.8060371448551995,1.1032973338204488,-0.3416181251487453,0.5300885218145781,-5.053796101751076,-0.5360887572435583,0.6964751483767275,-5.003897050721092,0.004948513232154475,0.014881055437509953,-0.03240312125357852,1.299630323722445,4.919265185834414,-10.398322312481211
819,27.3163935,3.966626999999999,-1.8054059690579185,-0.1728637773772377,0.6112580753386738,-1.7513193633565243,0.13319765558471258,0.760360378626519,-0.401797722315351,0.5243264535232628,-5.033421036325813,-0.5944654855823195,0.7009150258303326,-4.978551958220335,0.0030304217262867254,0.004788145669009386,-0.023819401731098082,1.3026572362872313,4.939261969441408,-10.451767652260193
820,27.3497265,3.999959999999998,-2.2830758732755925,-0.5609045826545614,1.3269273634333492,-2.232410925940839,-0.1873594157038863,1.5063278291564688,-0.4778994903992439,0.5056298210696389,-4.989190566520491,-0.6688784389767031,0.6946697744266752,-4.928341532691063,0.005931064242333482,0.017595522472488325,-0.026491483475191056,1.3070965994865995,4.9617250955942644,-10.499489336651315
821,27.3830595,4.0332930000000005,-1.5108286213034596,-0.5693288179122586,2.5295375858700755,-1.3793222353572032,-0.38084617421444744,2.6377500235655233,-0.5282599408331559,0.48665238358216817,-4.904873490170678,-0.7148553870478682,0.6819750289015841,-4.840417411155547,0.00864449828721113,0.01374522061782598,-0.040764540676875925,1.315482830389809,4.993114892920501,-10.56325221852723
822,27.4163925,4.066625999999999,-1.006525743285669,-0.8046586040682053,-0.01940867314438615,-1.1371673485348555,-0.6043724116730639,0.05030553672984594,-0.561810463434096,0.4598306983327635,-4.9055204394726,-0.7527605862765794,0.6618294833032865,-4.838740576699731,0.009414853825107162,0.018822533431377696,-0.04299078839022192,1.325781971520985,5.026049558879325,-10.642797712524608
823,27.4497255,4.099958999999998,0.9528619592319982,-0.9482096390040838,-2.2060850083700343,0.5724293128081376,-1.0209468979597358,-2.3030090339360605,-0.5300487157470168,0.4282240264358414,-4.9790558710565955,-0.7336797999927464,0.6277982603535956,-4.915506776827919,0.009271504710171824,0.01910625141534922,-0.04906888566102595,1.3359413677656584,5.064300529416101,-10.73018096665039
824,27.483058500000002,4.133292000000001,1.2467986579022488,-0.51257519213319,-1.8133128180237934,0.9721076575055433,-0.6641984920211138,-1.9285203297768425,-0.4884891760831581,0.4111383575564645,-5.0394990272197875,-0.7012765354451117,0.6056585320190542,-4.979790144980376,0.007142867521670285,0.020392327797379227,-0.045009130313495405,1.3437036592808727,5.104108797769371,-10.819462739667783
825,27.5163915,4.166625,1.210570446739764,0.0991732261560106,-3.6405151376387455,0.8986086352051832,0.015245540698582138,-3.73107714968563,-0.44813723138198286,0.4144440987039227,-5.160848318302696,-0.6713232138078182,0.60616671162716,-5.104158139610843,0.007751912088089859,0.020703651441589917,-0.04338868241172044,1.3504414619552159,5.145325771559277,-10.903264685430193
826,27.5497245,4.199957999999999,1.3700500037272292,-1.1915917217668184,-0.07491437654738464,1.1033399600707543,-1.4261217394236485,-0.2266224277603768,-0.4024693546077446,0.3747247718422706,-5.16334543921615,-0.6345455829187809,0.558629795686953,-5.111712144995379,0.01133717116508915,0.02074730651168375,-0.05476894289063823,1.3602824082381644,5.187114149133728,-10.996413296076412
827,27.583057500000002,4.233291000000001,1.0004876712750708,-0.21832447353513637,-2.703864016043552,0.7059688018809956,-0.29492144543142595,-2.788216484631049,-0.36912009906113014,0.36744736216592333,-5.253473338462936,-0.61101352484568,0.5487991791463865,-5.2046517650775925,0.00952154283617735,0.020014210193759204,-0.04894180332386042,1.371261496862444,5.228387599720192,-11.09489942161991
828,27.6163905,4.266624,0.6806828502268747,-0.9569250913194172,-2.9521228386798017,0.2250543223150684,-0.9471701246856687,-3.0242822842047645,-0.34643089761451845,0.3355501780969742,-5.3518764490446475,-0.603511789119952,0.5172271573802402,-5.305460166456987,0.011040135183355185,0.020269736596055247,-0.05580639259995735,1.3817947744320545,5.269247351528485,-11.194389791586254
829,27.6497235,4.299956999999999,0.9503840377632274,-0.38504746954042307,-3.500400500680431,0.5506860115097887,-0.4158526281731034,-3.5816346193557203,-0.3147517464837578,0.3227153907947837,-5.468555298933825,-0.5851557722982967,0.5033655417253465,-5.424846793223967,0.010835714560686901,0.021053788158912894,-0.05815562864934221,1.3926991276916107,5.3113310701884435,-11.30268850477362
830,27.6830565,4.333289999999998,0.8540463151498355,-0.28280251110167376,-3.0624693364258544,0.511743689825757,-0.3151392017693594,-3.134788108419248,-0.28628382066086927,0.3132887346922319,-5.570636589324905,-0.5680978198853354,0.49286100671276883,-5.529338685241902,0.01142032152816862,0.021518109454080447,-0.0541953455033832,1.4040325651275058,5.354589913294933,-11.409412645195856
831,27.716389500000002,4.366623000000001,0.7469486246114745,0.2975192557334722,-1.0627638599233724,0.6960196849209729,0.1885494464626274,-1.1206795624716035,-0.2613857821566931,0.3232059440435965,-5.606061697067733,-0.5448973957278629,0.49914592541170805,-5.566694297097771,0.01207296807385725,0.021798120704399356,-0.057336123909130454,1.4165420025241457,5.398562167906359,-11.515332005410729
832,27.7497225,4.3999559999999995,0.6862867461769485,0.8433424944609216,-3.173875821198093,0.5621807840220112,0.8259033210050739,-3.2027394929586093,-0.2385097860463776,0.3513170794114615,-5.711856499815726,-0.5261582236540577,0.5266757608107693,-5.673451212616557,0.011316562728924028,0.020886378917170142,-0.05458710619555824,1.4288352313079005,5.441963468123153,-11.62164014456441
833,27.7830555,4.4332889999999985,-1.1025590263105227,1.1798901164979592,2.048292198137218,-0.6510808457867499,1.2871629563604168,2.1731505420658954,-0.27526138607038514,0.3906463566646867,-5.64358077597522,-0.5478607014866668,0.5695807636351297,-5.601013585597877,0.00984357461571283,0.020627431893184403,-0.05006885642783629,1.4395814996327678,5.484094786976969,-11.721006042452572
834,27.816388500000002,4.466622000000001,0.5774005387317737,-0.09252074535885428,-2.2461152846561547,0.3433749092391335,-0.10822219547901733,-2.2928948886781138,-0.2560148939128375,0.3875623626596398,-5.718450536758669,-0.5364149856369979,0.5659733931932273,-5.67744265092219,0.011527471786727809,0.02092307583778888,-0.04967166163143374,1.4509089345374897,5.526161802740972,-11.815655800334513
835,27.8497215,4.499955,-0.021919240893831727,-0.06614035926719498,-2.1563860272717434,-0.2284522737026562,0.03686634945303574,-2.1450655304153905,-0.2567455279695516,0.38535770606418646,-5.790329352205716,-0.5440299852763283,0.5672022592195453,-5.748944120247524,0.010394429615650088,0.02050522504672697,-0.04867363400507171,1.4628225749403831,5.568097391742646,-11.908968516430445
836,27.8830545,4.533287999999999,0.18090764799243655,0.01845829820910123,0.10736249591449305,0.18967255045120857,-0.024315753325732655,0.0895994372161837,-0.25071533333901985,0.3859729765183904,-5.786750638129399,-0.5377076301521384,0.5663917422139386,-5.745957502206797,0.011010536276885266,0.02087361426891251,-0.060223628224004504,1.4731887089280802,5.610261965040639,-12.012402026117522
837,27.9163875,4.566620999999998,-0.19450219241523015,-0.778577527227321,0.7506741004087211,-0.2863307850476479,-0.7544636165659934,0.7458719773488902,-0.25719867491879655,0.36002065180332293,-5.761728418340476,-0.5472518942101313,0.5412432064829451,-5.721095351585827,0.01048501399966449,0.02163418970217187,-0.04742889999260461,1.4836845641652663,5.653492323603957,-12.114613453585358
838,27.9497205,4.599954,0.6861614016595393,-0.47422679926119476,2.019637239466427,0.7508678974671723,-0.7008097629821033,1.9286539819176147,-0.2343268569172774,0.34421324990354835,-5.6944078502373365,-0.5222232145838562,0.5178831146534609,-5.656807528406563,0.0031543905150425745,0.018282795617400063,-0.02376393483187275,1.4900558301983517,5.693361051920737,-12.181914635891543
839,27.9830535,4.633286999999999,-1.2492063121586123,0.19888979421344324,0.348438616200563,-1.1400279285762047,0.44139052592547856,0.47643861674766264,-0.27596665092045913,0.35084284341406485,-5.682793345843524,-0.5602237655270856,0.5325959850541344,-5.640926399994513,0.004171301271796499,0.017876262690082956,-0.03332279337444266,1.4916909411523047,5.729296688257395,-12.235778464854016
840,28.0163865,4.666619999999998,0.509698595012545,0.10484552932718014,-0.9564520819233299,0.4295409984036417,0.03914019904527516,-0.9997741761529099,-0.2589768676529065,0.3543376594431276,-5.714674763090273,-0.5459058754272975,0.5339006453089106,-5.674251872608218,0.004208921002716401,0.018231270584004148,-0.0330757723342886,1.4934043151085872,5.765416316929248,-12.298579878292253
841,28.049719500000002,4.699953000000001,-0.2456238605722951,0.3558847966261781,1.0393447974547485,-0.06495271520715767,0.35062433751876293,1.0677389175613545,-0.2671642477973634,0.3662003673690689,-5.680030282956712,-0.5480709442832978,0.5455880063514243,-5.6386609312691425,0.008162068884765523,0.010682641324561457,-0.036713708587741624,1.4985468997658982,5.794757226280012,-12.364816484326138
842,28.0830525,4.733286,0.181066043332031,-1.2789482060869029,-2.976646182908616,-0.38087189814362843,-1.144959134482837,-3.0121289981828534,-0.26112877337497703,0.3235691868155755,-5.779250830171602,-0.560766547264119,0.5074230835217092,-5.739064227165568,0.011277904153671994,0.014328404043095813,-0.053254774853160006,1.5084387258578387,5.82088672699117,-12.45051285374907
843,28.1163855,4.766618999999999,1.1785450688299244,1.1757573055041326,-0.07716723897725208,1.3956088038298893,0.8955616701444452,-0.16605380188854274,-0.22184433059567038,0.3627607050799435,-5.781823045748431,-0.5142467190060588,0.537274840672633,-5.7445992985439185,0.006949525044225012,0.0203467190074956,-0.049778545336870934,1.5158761684778228,5.856583559215678,-12.548501733826212
844,28.149718500000002,4.799952000000001,-0.09872829541402753,-0.7270463901654988,1.268180547312562,-0.13683183760966716,-0.748567262820538,1.2520182632852284,-0.22513524086670642,0.33852606775655514,-5.739550783564858,-0.5188077346491021,0.5123228481010341,-5.702865773773829,0.0027017120250813578,0.019431739069127787,-0.028094083532167323,1.5175446684133704,5.896523760246062,-12.622219809476302
845,28.1830515,4.833285,-0.8625304199940037,-1.5082896173775204,0.9068387500449214,-1.0856193870373225,-1.3259346419872782,0.9510944672080006,-0.25388596735636565,0.28825024994051185,-5.709323127509611,-0.5549946856772161,0.4681254686796736,-5.671162941898386,0.003747847442507604,0.019772931009135505,-0.02502077133192172,1.5185524155289498,5.935291629276126,-12.672196831905902
846,28.2163845,4.866617999999999,-1.242226887825486,-1.1708432402185667,-0.1439446248079545,-1.4798593255363408,-0.8618209883880648,-0.04474985597913611,-0.29529311620825127,0.2492225322143076,-5.714121233688335,-0.6043228365753174,0.4393983896737351,-5.672654588847738,0.0059248370381314594,0.01992803551224438,-0.03014170557698222,1.5224013567686896,5.974587244702043,-12.724128330301383
847,28.2497175,4.899950999999998,-2.0704449692673146,-0.3329065995601158,2.7565277952134135,-1.817253491408065,-0.004428838241398503,2.948488560930186,-0.3643072583688365,0.2381257565311706,-5.622237892690489,-0.6648973472044205,0.4392507632086346,-5.5743726196462555,0.0052957210740609715,0.020069594034633587,-0.027612612654943424,1.5274337349596072,6.014235916603502,-12.77854065784394
848,28.2830505,4.9332840000000004,-0.2156792171879152,-1.7938532611282465,-1.975905414676766,-0.8036973181788248,-1.6018820013942947,-1.9891389919503795,-0.3714964937153618,0.17833124577797826,-5.688100747877915,-0.6916869899112773,0.38585523045615455,-5.640676589664943,0.005793081490902566,0.02025070260470684,-0.02918844389383249,1.5323997219631824,6.054173017648972,-12.83203018157927
849,28.3163835,4.966616999999999,-1.297369459758024,-0.7258258131234554,0.7397361692650466,-1.3492681054265114,-0.4559975114830127,0.8536639124550891,-0.41474170991747467,0.1541372939491349,-5.663443122147804,-0.7366621436694578,0.3706554654058918,-5.612221410471078,0.0050805518065741954,0.020138529020290147,-0.02768485234201079,1.5371159197233204,6.09418226440648,-12.885587844432404
850,28.3497165,4.999949999999998,-1.9628486642434715,-0.9715144674399807,2.092997653187007,-1.916929793579544,-0.6140407164805946,2.26397627646691,-0.48016934444270026,0.12175380220595904,-5.593677231374124,-0.8005591644788427,0.3501876462034448,-5.536756289247609,0.003323054928387305,0.018228509671064718,-0.02031164131363198,1.540339107916858,6.132037243589424,-12.930676714362454
851,28.383049500000002,5.033283000000001,-1.4868480648570013,-0.6758229787212723,0.9513822546048336,-1.5002588538762782,-0.3739632349860448,1.0871784265511741,-0.5297304509885824,0.09922659485624118,-5.561964806681378,-0.8505672928551044,0.337722329691654,-5.500517370755376,0.00500669466031013,0.018052210409917908,-0.024514068663903415,1.5437832199459174,6.167821803067103,-12.972776137314359
852,28.4163825,5.066616,-0.5554647155133465,-0.038724378193008446,1.5641349622779392,-0.39171029415460296,0.007485880756967406,1.613401938423769,-0.5482457563507882,0.09793579515793367,-5.509827495983769,-0.8636241720901593,0.337971856554926,-5.446737843941898,0.004971894310954598,0.019487803977265097,-0.02731243155852426,1.5480542840688751,6.204991622858051,-13.021565308187393
853,28.4497155,5.099948999999999,0.6247713853892214,-0.24590073434225862,-0.6628715190744726,0.4825096458698458,-0.34598426704097013,-0.7332696874643098,-0.5274202517616099,0.08973918598010343,-5.531922992329078,-0.8475406780643803,0.3264391629816497,-5.471179922434145,0.004532055992004074,0.020100773716688124,-0.028755625517796344,1.5514038138758959,6.244229707511861,-13.074375189050341
854,28.483048500000002,5.133282000000001,-0.4309660789462954,0.9622738387381996,-1.0063377581011146,-0.29684368998293,1.0850601433990295,-0.9267937711413845,-0.5417856440711278,0.12181465984676623,-5.565467248819865,-0.857435368782582,0.3626074727415723,-5.502072739207604,0.0058599076945711264,0.020309727775720272,-0.03441266365632924,1.5548230906313607,6.284439243957034,-13.133983719349446
855,28.5163815,5.166615,0.4888297433472668,-0.07117175264060951,-4.90661245839531,-0.03911891950097432,0.07339501637181454,-4.930714819875897,-0.525491482236134,0.11944229181599687,-5.729019361895551,-0.8587393197263079,0.3650539488222939,-5.666428256298522,0.008815796967211766,0.021842674722522163,-0.040897112830191075,1.5610145768328578,6.3266317284917335,-13.205208484904153
856,28.5497145,5.199947999999999,0.48841460461938574,0.8307227822681892,-0.5532777922343656,0.6094965465326208,0.7248776672039743,-0.5812330081115308,-0.5092111582203565,0.14713277431734156,-5.747461770544098,-0.8384229713407367,0.38921629610320324,-5.685802496157903,0.010004448804084224,0.021813239838153278,-0.04740317011340939,1.5697352016740476,6.37060749701185,-13.288870981311042
857,28.5830475,5.233280999999998,0.877148596289042,1.819890123415867,-2.3695941712643718,1.032164016768393,1.6915695613473736,-2.4019983595706575,-0.4799731640602548,0.20779517180116075,-5.826447453054851,-0.8040178481697969,0.44560138429159346,-5.7658683074774695,0.011177695438877778,0.02077160898645132,-0.05006306848798212,1.5796646509602417,6.413814931126012,-13.381365848210487
858,28.6163805,5.266614000000001,1.2512009744559685,2.054373721582944,-2.5813162279903996,1.4281988727612926,1.8431962542994933,-2.648022712001617,-0.4382668819787109,0.27627361106269016,-5.912490466882462,-0.7564116951440412,0.5070406450361631,-5.854134848536626,0.0072490369413041635,0.017031102160903127,-0.039242760178393586,1.587761402750189,6.452256640874483,-13.466149369282622
859,28.6497135,5.2999469999999995,1.5548103356526972,2.3134568182754207,-2.185766537281363,1.8243150340698073,2.0019991568489663,-2.282754261373605,-0.3864403890604012,0.3533880671862623,-5.985348622869659,-0.6956018021133942,0.5737732829314076,-5.93022589633099,0.00384086227091527,0.016822775603523018,-0.02863716170252483,1.591105746807543,6.486369883407027,-13.530457136699283
860,28.6830465,5.3332799999999985,2.0223370165528283,3.134538171068854,-2.3306797153992562,2.456729172117967,2.6965074866192915,-2.4577578480500684,-0.3190298292876479,0.45787162804249715,-6.06303716982306,-0.6137116486191886,0.6636559669828856,-6.012150338680041,0.0029918014891910172,0.013832717525274395,-0.027105451629599313,1.591658984530306,6.517110400376511,-13.58319255597849
861,28.716379500000002,5.366613000000001,0.8629076134554958,2.5365474378881943,-2.2564793545794677,1.2036084980724309,2.3815526802744644,-2.269342403892663,-0.2902665298083337,0.5424223637896307,-6.138252396149263,-0.5735917665529372,0.7430402624744803,-6.087794329029,0.0030907409969121464,0.018055398910410428,-0.03287215784586638,1.5910076259035952,6.54913978170502,-13.639967346917652
862,28.7497125,5.399946,1.0736831588005935,1.1945442659350454,-3.4179284633522378,0.9645601662404533,1.0915792293871234,-3.484256732939826,-0.2544774490760346,0.5822401078060423,-6.25218220561818,-0.5414400825316452,0.7794258729276401,-6.20393505870808,0.0038298396462102613,0.01782868037634637,-0.030548141122817566,1.5907564804708596,6.585074343143812,-13.699947552231468
863,28.7830455,5.433278999999999,-0.8164583035990182,-0.6566759262982903,0.7530917062980513,-0.8666489081807296,-0.48494619628061053,0.8238455003533923,-0.2816924537098998,0.5603511291547421,-6.227079399772148,-0.5703280905880326,0.763261161367019,-6.176473816644801,0.008559757168772237,0.023387213992513752,-0.04974062179351342,1.5938388095422305,6.62654746911847,-13.775998546509934
864,28.8163785,5.466611999999998,0.11414292142668746,-0.033627989051748436,-0.4338831561063056,0.05585775984790861,-0.03596005138243645,-0.44497283813913646,-0.27788772770998416,0.5592302073956802,-6.2415420270146384,-0.5684661838790223,0.7620625049742883,-6.191306096258493,0.007101579498962419,0.023990467171836075,-0.052186702846663935,1.597596712280732,6.6744822458991475,-13.872683993997184
865,28.8497115,5.499945,-0.08532987680218872,-0.19354790453640133,1.2711115215080462,0.0062438955009951405,-0.2374238450398246,1.2665138810575614,-0.2807320284934317,0.5527786750937679,-6.199172066668208,-0.5682580561102876,0.7541484559475752,-6.1490893890611975,0.0023813248888774645,0.020352189639110712,-0.02640106034278521,1.5979828092586021,6.718901969781349,-13.947026386482909
866,28.8830445,5.533277999999999,-1.2518065652178947,-0.5282133356117509,-0.26983265713192567,-1.3645633508613138,-0.19632234873591947,-0.13514090560798653,-0.32245849673183846,0.535171739977822,-6.208166398628386,-0.6137430462845463,0.747604443097161,-6.153594040867828,0.0042798908283362205,0.02109575928258044,-0.023828074368624098,1.5988084327901473,6.75980396503073,-13.994194434881708
867,28.9163775,5.566610999999998,-1.1210618896030322,-0.4631841784264277,0.9933369385753331,-1.0864361078468865,-0.2341599175432212,1.105831512295504,-0.35982685269797515,0.5197324217583343,-6.175055498454856,-0.6499572210674055,0.7397991905656931,-6.116733359068483,0.004572966777630817,0.01865071208936575,-0.026946489727983757,1.6016265246298131,6.799097852910771,-14.041935082611426
868,28.949710500000002,5.599944000000001,-1.8676194916181403,-0.41055792090020077,0.2962093188138383,-1.8676421815835074,0.03729678988334789,0.5047989337077189,-0.4220802132120873,0.506047294580967,-6.165181953230833,-0.7122113379061332,0.7410424044628748,-6.099906896211203,0.006022876091234842,0.016146421800515127,-0.030571939158358586,1.6052929348177964,6.833850252415073,-14.096293516221987
869,28.9830435,5.633277,-1.8437826640606538,-1.0491768811984556,1.4492648601372686,-1.876803282691932,-0.6502718128687948,1.6295494109187774,-0.4835390207532191,0.4710750815999799,-6.11687360764788,-0.7747708217281014,0.71936689412452,-6.045589125697049,0.006342143731648117,0.019230250591138653,-0.031195729077512984,1.6101300532638696,6.869273695772157,-14.154722964948583
870,29.0163765,5.666609999999999,-2.0520586951689563,-0.7424811837370426,0.025544758499927527,-2.1566520257179076,-0.22024396706585592,0.2514366048268196,-0.5519402932392837,0.44632595630247385,-6.116022124212802,-0.8466585037013542,0.7120255019703141,-6.037207989348357,0.004698043966488296,0.020777983642829498,-0.027230983288329597,1.614064118530706,6.909032847437036,-14.209816696389815
871,29.049709500000002,5.699943000000001,-1.0537009053029482,-1.3572614013558333,0.45928664843361855,-1.301580429915354,-1.0825962399704472,0.5452174800382423,-0.5870633055157496,0.40108436201107645,-6.100712722360563,-0.890044084171726,0.6759393215033764,-6.019034255086241,0.0011711545920938334,0.01816098216875367,-0.015150718414846994,1.6148802358416157,6.947341928692682,-14.249514018698536
872,29.0830425,5.733276,-0.3990805227615866,-1.9116909471206438,-0.6341590344830602,-0.932157963953766,-1.7160688832996023,-0.6341721690326676,-0.6003658565809611,0.33736196767070603,-6.121851145456986,-0.9211157055841959,0.6187375974163526,-6.0401731159966054,0.004777828137411841,0.020138967367572848,-0.02726363791307806,1.6157401714289226,6.985042498301635,-14.289262716092852
873,29.1163755,5.766608999999999,0.3215049201397228,-3.2820496384752853,-0.6859924783897589,-0.5909700060419565,-3.215198219430471,-0.8118225084506029,-0.5896491330779441,0.2279614070714128,-6.144717332739152,-0.9408145087955918,0.5115653951680801,-6.067233595670788,0.0036943143799645687,0.01844890860614466,-0.02934604546058688,1.617319248088602,7.023401144498758,-14.342657912971182
874,29.1497085,5.799941999999998,-0.34758177782902555,-4.142092058295248,0.6221986565898506,-1.308112736629688,-3.95700577247348,0.5438908574450433,-0.6012350764783186,0.08989305249226168,-6.123977584919043,-0.9844178306456678,0.37966652175422577,-6.049104081719573,0.004063819510398809,0.01345080622514937,-0.031618664968912975,1.6176479179108847,7.055493944462326,-14.400426773183435
875,29.1830415,5.833275,0.12361907110284037,-2.7557457500875424,-0.8316332054822377,-0.6713362543876132,-2.647362794164579,-0.9175009383888734,-0.5971144819812474,-0.001964220595413258,-6.1516984145573845,-1.006795482013172,0.2914219777363312,-6.0796871404988915,0.004410360453969779,0.020258719909569935,-0.01995052596815694,1.6197458061116292,7.0890620546310865,-14.449112704751451
876,29.2163745,5.866607999999999,-0.1477512092833474,-2.3332817471410925,0.5011623764789989,-0.676889243520518,-2.248694100447742,0.4498818218180183,-0.602039473040289,-0.07973950107286484,-6.13499316906221,-1.0293582311674407,0.216466257286109,-6.064691229732232,0.0036728246885836865,0.019426126253802304,-0.02541747501139233,1.6221976928627282,7.128168244233776,-14.491673353115722
877,29.2497075,5.899940999999998,-0.272483390782401,-0.9681922422575736,1.828986484451719,-0.30029670949306375,-0.9754512333197689,1.8207558194908129,-0.6111221619052385,-0.11201225308403553,-6.074027562575983,-1.0393680213849728,0.18395154132586217,-6.003999976001147,0.004490308866213586,0.020486162729098624,-0.033786520948317904,1.6230410813509346,7.167866874444425,-14.54754075057826
878,29.283040500000002,5.933274000000001,-0.5180629097174487,-0.929396206866261,1.6789711585920417,-0.5429839998296523,-0.8677492335527536,1.7039044230072902,-0.6283907528748515,-0.14299181684751094,-6.018062416946631,-1.0574673070512959,0.15502685612384606,-5.947203729869041,0.004602680478795648,0.02179590877188079,-0.026628717733655428,1.6245946264359206,7.209861484599411,-14.604513022757493
879,29.3163735,5.966607,-0.0401231235313437,-0.18928669603431442,0.13340195786808845,-0.07168192373625444,-0.18074368791059664,0.13201826309448358,-0.6297281769515217,-0.14930131028642254,-6.013615729485013,-1.0598566806151963,0.14900212677472233,-5.942803165105312,0.0028814388343276487,0.022556266263586037,-0.020380195794697034,1.6261999894992123,7.2534705153253025,-14.648533562445218
880,29.3497065,5.999939999999999,0.1543231091624613,-0.0482572575448066,0.013158702817956263,0.13717421622194084,-0.08624373267200944,-0.007923974120429188,-0.6245841247538095,-0.15090986945216353,-6.013177110443983,-1.0552842524658705,0.14612736443356633,-5.943067294934669,0.005161320650092099,0.025564611250529248,-0.03456588244067123,1.627349255395887,7.300893124755079,-14.700092327558718
881,29.383039500000002,6.033273000000001,0.30019510353213796,1.240279040245664,-2.362652556867673,0.3331973874068605,1.2637342293105438,-2.3457390308866115,-0.614577721367772,-0.10956764820365171,-6.091931408122059,-1.0441777839514368,0.18825141749917784,-6.021257814051218,0.004789675160568695,0.023742200587878123,-0.034926647844637976,1.6284963037630973,7.349843394599192,-14.765622607772148
882,29.4163725,6.066606,0.4638470940807244,1.488298332491484,-2.1018569936864466,0.5849486194716579,1.445860892272693,-2.1012639691070008,-0.5991163061807797,-0.05995819988671463,-6.161992607292607,-1.0246796916185887,0.236446298621302,-6.09129924593346,0.0064034010923471486,0.02009329764558567,-0.04608995373928806,1.629333539301179,7.393885052005799,-14.842400448721946
883,29.4497055,6.099938999999999,1.1329810540824197,0.9555082689653847,-2.456755056651175,1.0459821955790027,0.7819820016631599,-2.5547432209438705,-0.5613506487050516,-0.02810824275729247,-6.243883623595958,-0.9898139670933548,0.2625121046827393,-6.176456501717179,0.0095141190988048,0.02173570585039087,-0.04992685292252795,1.6327533996920605,7.436421981904398,-14.933678109715494
884,29.4830385,6.133271999999998,0.29417907389638825,1.482207387217726,-0.9514800899241663,0.5584231529886472,1.4123124248765815,-0.9393250898964018,-0.5515447776348635,0.021298176080834424,-6.2755993094333995,-0.9712000481347848,0.3095887147411489,-6.207767024938694,0.006433213622959389,0.023715024560969064,-0.04099476961892981,1.636780778533748,7.482283042305842,-15.019957644996312
885,29.5163715,6.166605000000001,1.2695192690951644,0.44140067692312407,-4.601001196268027,0.7841718385015541,0.38186481395423993,-4.713276941981736,-0.5092278918381112,0.03601138484471402,-6.428964482308613,-0.9450612482420105,0.32231741458468655,-6.364874685245783,0.009515378472528436,0.023076992052922657,-0.04643170204998263,1.6411836358111584,7.529335232091284,-15.102840958070578
886,29.5497045,6.1999379999999995,0.6963906267656855,1.4720110608640258,-1.9380188731034256,0.8252205380283302,1.3583875964485608,-1.970149187825416,-0.48601510307613144,0.08507792953649304,-6.493564465405767,-0.9175541720479131,0.367596548337105,-6.430545668123566,0.009642048519265135,0.02297023922009252,-0.04411815840398067,1.6481850932717472,7.575770286432974,-15.188756524346596
887,29.5830375,6.2332709999999985,-0.7393162894975385,0.7332445991284647,-0.912250193615185,-0.6208415147094652,0.9566148231457465,-0.7847805601373562,-0.510658732953952,0.10951917175924139,-6.523972501109541,-0.9382486822577231,0.3994833902370211,-6.456704758534624,0.00685683854631677,0.02392637630549503,-0.0476578785190515,1.6524245347597282,7.623058174563588,-15.27583406117608
888,29.616370500000002,6.266604000000001,-1.8086928777489473,-0.05400898648837611,-0.9537921385156747,-1.8583244674717339,0.48338487459935253,-0.7049649471711625,-0.5709478926479622,0.10771889021262421,-6.5557652544626865,-1.000192211731963,0.41559605826204254,-6.4802033551186815,0.006881657819893535,0.023721992165537383,-0.052086990278949606,1.6529365426706062,7.671286675136868,-15.370573133630817
889,29.6497035,6.299937,0.6655105703605654,-1.1836866588693706,-2.3670209688816835,0.027416327176821575,-1.164435328279851,-2.4678219960180456,-0.5487644288061342,0.06826306281253272,-6.634665164418418,-0.9992783432981781,0.3767819354644915,-6.562463265711949,0.007849319361925199,0.02307692006259636,-0.056994274490631096,1.6531090074149728,7.718962096332947,-15.474338993143833
890,29.6830365,6.333269999999999,-0.5967942128521095,-0.6371823403465872,-0.9314907179695955,-0.856903953910247,-0.3945152988924584,-0.8601819096677256,-0.5686573703031329,0.04702386386176061,-6.6657145445204975,-1.0278415227938675,0.3636315570065096,-6.591135709306902,0.006273675079595323,0.019852827219110983,-0.042666789910902,1.653825193335783,7.762685545677157,-15.569148802942497
891,29.716369500000003,6.366603000000001,-1.0025872768703334,0.41419758160597203,1.7961406290143695,-0.6226091183431952,0.5503371342256298,1.9267456936489755,-0.6020766120030542,0.060830311849433515,-6.605843788933557,-1.0485949525356029,0.3819759447016539,-6.526911495100496,0.00413764110898341,0.021126018740941117,-0.02809866192235289,1.6546889158808935,7.803751545645991,-15.636183890902817
892,29.7497025,6.399936,-1.8413413594677455,-0.4855883888246267,0.09022806238735626,-1.8780961583746203,0.020597586629503728,0.32681148696692375,-0.6634540435381906,0.044644194084742746,-6.602836216929999,-1.111197531782702,0.38266252405677514,-6.516017887805428,0.005898052136608696,0.022026012533254993,-0.02660184218505384,1.657260284056179,7.846450566826428,-15.687685453388195
893,29.7830355,6.433268999999999,-0.9319765957180062,0.831149275602034,-0.12020503333908429,-0.6749321308053623,1.0569912170842264,0.03278611220165008,-0.6945196194032579,0.07234889288838446,-6.606843011306291,-1.1336950444988365,0.41789521229584253,-6.5149250283274105,0.0055368370417203955,0.02222911611727425,-0.0278098557761445,1.661171197661886,7.890197417082239,-15.738880850827071
894,29.8163685,6.466601999999998,-0.7046033531769441,0.06741075640807467,-1.5889927176780585,-0.851323918095105,0.3587046828699132,-1.4739357140621836,-0.7180061629747042,0.07459589563173474,-6.659808905564652,-1.1620722246606998,0.42985191548994495,-6.564055727484243,0.004167789048517356,0.021258234108506465,-0.027022933563974588,1.6633322166040425,7.93322576019169,-15.790506554810744
895,29.849701500000002,6.499935000000001,-0.5260154040205577,0.5940680113269213,-0.774743807624175,-0.433899409338177,0.7638206202010634,-0.676865080745404,-0.7355398344369227,0.0943979646532965,-6.685633440904191,-1.1765353936721703,0.4553123482231089,-6.586617671220732,0.004845498328348085,0.020396188718275997,-0.031679285044130256,1.6642716738798997,7.974613209075161,-15.845917011346817
896,29.8830345,6.533268,-0.9008471287039709,0.01982579995008406,1.9326347506772208,-0.6087191398139942,0.1357341226285487,2.039125535110926,-0.7655677717780113,0.09505881804303264,-6.621212926759869,-1.1968258287595894,0.45983677373268617,-6.518647499758882,0.005401794974983544,0.019921839728649783,-0.036616834513183864,1.6650583016156186,8.014992011421597,-15.910617233942904
897,29.9163675,6.566600999999999,-0.5431973712168453,0.15789059613777304,-0.3771283111400059,-0.5206982502021459,0.32474132643994724,-0.29263456844226843,-0.7836741697527818,0.10032178528409286,-6.633783744755098,-1.214182263533577,0.4706613763669086,-6.5284018878287675,0.00721755380133565,0.014957469948365745,-0.04147089291475478,1.666726649872471,8.050452661982776,-15.984913951823332
898,29.949700500000002,6.599934000000001,0.0015867621974534872,-0.37768134810183157,-1.7487373669373636,-0.32658949800178316,-0.24582845026192807,-1.7417335530666203,-0.7836212782084541,0.08773253290781356,-6.692074407407225,-1.2250684712704714,0.4624671766343271,-6.586459092353142,0.006369170966504743,0.020377919748297273,-0.03374484091739858,1.6696626966476074,8.08627176494086,-16.056434192900397
899,29.9830335,6.633267,-1.4158877812274555,-0.12611689917238747,0.025138167043112242,-1.378867058623119,0.26642082637500925,0.2214072867952573,-0.8308170656201074,0.0835286783077005,-6.6912364768851775,-1.2710302469355543,0.47134778203988503,-6.579078923262395,0.004902205883843278,0.021067721931886753,-0.029145083992430355,1.6720394972822945,8.127583280579133,-16.115903831517404
900,30.0163665,6.666599999999999,-1.0886450825256793,-0.7076679052998531,0.6881195289683807,-1.1465084373939984,-0.42496269558230004,0.8150923729211847,-0.8671048721559347,0.05993998402034125,-6.6682993886260755,-1.3092468126792072,0.45718250050804066,-6.551909449195814,0.004391104408798944,0.02112448384682894,-0.029223188441280207,1.6731049195734367,8.169483142283282,-16.170997367822157
901,30.0496995,6.699932999999998,-0.32732857756604333,0.7883135528153624,-1.7324514972845653,-0.3108784869052691,0.9639875622932415,-1.6444004961720073,-0.8780157156319432,0.0862168396763349,-6.72604719438506,-1.3196093252832202,0.48931509792196026,-6.606722250934713,0.007705689829047424,0.019943290701608125,-0.038256929089076186,1.6755510428877105,8.210565624220491,-16.234914017871734
902,30.0830325,6.733266,-0.31588811082996904,-0.7434238327329755,-1.1745685489205457,-0.6636810470442898,-0.5443403778020195,-1.1381109746597566,-0.8885452140302394,0.06143629305984477,-6.765199087826232,-1.3417318056243492,0.47117060010868417,-6.64465890405305,0.004298247273005209,0.022175374662661538,-0.027276006762405977,1.6781350361310639,8.252599559746125,-16.2969279103982
903,30.1163655,6.766598999999999,1.3916574109341373,-0.9392637979530201,-0.7246677505075204,0.9591957634032365,-1.237486486614125,-0.9447967310990115,-0.8421570975515733,0.03012781288267774,-6.789354437953898,-1.30975893324283,0.4299214630503768,-6.6761518134907725,0.0013383443705261109,0.022689336496271723,-0.0185382067041623,1.6773401675153468,8.296704285335814,-16.339850584098997
904,30.1496985,6.799931999999998,-0.39089016871880555,-1.1122129496109203,-3.501994364614333,-1.1472871702517118,-0.7149925444367796,-3.4389380787460286,-0.8551866395454768,-0.006945581366701899,-6.906086416109584,-1.3480014564888292,0.4060886165666664,-6.79078193646961,0.0009281661015195675,0.02235987584672302,-0.015092835930802427,1.6749947431291856,8.34064365579448,-16.37102145081893
905,30.183031500000002,6.833265000000001,0.5384581025405646,-0.2506335231617207,1.3517744816219295,0.617059635723983,-0.4839513912811966,1.2510303741818016,-0.8372382156134908,-0.015299948594252164,-6.861027717313677,-1.3274330076512402,0.38995706484108905,-6.749081341007005,0.0007335736643464489,0.02078164772186093,-0.023180072485384572,1.6713887101897191,8.382889936787103,-16.40673015086264
906,30.2163645,6.866598,1.0256725832889015,-0.21949431688882642,0.9473637482635945,1.0351166018937563,-0.5635827644643202,0.7801206078958209,-0.8030494713947229,-0.022616352659107185,-6.829449241492807,-1.2929294659603168,0.3711711605532005,-6.723077580784015,0.0058638112406257095,0.022664472403684376,-0.04391256835034052,1.6684053680429631,8.426226909300219,-16.470244155095674
907,30.2496975,6.899930999999999,1.2627749233629806,-0.03428780711846545,-0.48441800681661595,1.1229414053945204,-0.35487784002096556,-0.6659589212798271,-0.7609573948742661,-0.023759268133786954,-6.845596346914025,-1.2554984600943024,0.359342017511782,-6.745275989507034,0.007048525322283452,0.022807178248098338,-0.0466932626094291,1.668076575079896,8.472149132134241,-16.55639979285113
908,30.283030500000002,6.933264000000001,2.3689919335699936,0.33903504175085836,-2.524419043381492,2.0063284267686754,-0.16943998478290317,-2.836493501303773,-0.6819917867525715,-0.012458213087104745,-6.929742806887067,-1.1886215146448171,0.3536940744990131,-6.839824827386,0.010222638054587565,0.01822114623276509,-0.05062729740637483,1.6708679778384168,8.514018772294012,-16.64916962335806
909,30.3163635,6.966597,1.9763935153171193,0.008906410216358535,-2.8470907228675046,1.4927401429971288,-0.35264882889130833,-3.1079739227888017,-0.6161126617065081,-0.012161335715362874,-7.024644881952406,-1.1388640074582954,0.34193923108557944,-6.943422922154316,0.005281361969326155,0.022687679219117865,-0.03663221459710443,1.6733446325047434,8.555498222096862,-16.732240031547963
910,30.3496965,6.999929999999999,2.4911269370950504,-0.0178748172659719,-3.899613466550215,1.8276301320494133,-0.4515450392233792,-4.227161375236395,-0.5330759275123215,-0.012757156999289495,-7.1546306976329195,-1.0779436122666943,0.326887880293147,-7.084326892275066,0.0050479460920827834,0.0221460013552933,-0.03534010626529288,1.673034288571325,8.600299306804317,-16.8004514933441
911,30.3830295,7.033262999999998,1.684183512557376,0.5053814276028812,-4.5640378528357815,1.124787479364085,0.326088096992401,-4.748773072354537,-0.47693703848824825,0.00408872212699681,-7.3067637713814895,-1.0404510712170525,0.3377573748301944,-7.242617745095855,0.00537568236648984,0.01939830621552776,-0.03468693841928633,1.673029580693539,8.641906222447608,-16.866885602614648
912,30.4163625,7.0665960000000005,2.1040850540342584,-0.13756809520566504,-2.9783683799738925,1.5446161217505816,-0.5232641432465567,-3.264526424319125,-0.4068015713821191,-0.0004968351904939671,-7.406041724591167,-0.9889643820307363,0.32031541114335566,-7.351434204397693,0.0032063157043201607,0.0190658202958091,-0.03658500422419861,1.671024974250863,8.680606598178523,-16.934616318022947
913,30.4496955,7.0999289999999995,0.6823163689842334,0.5191478334902867,-2.9854727409544206,0.3916443743133571,0.5137745031345101,-3.0382179038674915,-0.38405791985476834,0.01680791954323721,-7.505556487465397,-0.9759097001017496,0.3374410566563377,-7.452707121787305,0.005659272707972274,0.021029637395470254,-0.0394420169348855,1.6685560018076604,8.720993803207348,-17.006901411449515
914,30.4830285,7.133261999999998,0.7480270650807471,0.21636873746710453,-3.0552952094601413,0.35255435145308117,0.21100624085712355,-3.126079098997234,-0.3591239336944326,0.024020138669227982,-7.607398642682329,-0.9641580059047644,0.344474527682828,-7.556908716394176,0.00772805432542617,0.020328231262366075,-0.04401710634930128,1.6692669286596664,8.762791597610494,-17.086336996497863
915,30.516361500000002,7.166595000000001,0.9006023024667594,-0.09536371802978513,0.7683783707858286,0.9274683226972759,-0.40987479837185564,0.6183762824277057,-0.3291041571463058,0.020841379856140915,-7.5817862864489225,-0.9332427043042938,0.3308121710286979,-7.536296379772011,0.008930190898355098,0.02222851189520889,-0.048112880443672096,1.6717680950118061,8.805977314509938,-17.17412140491434
916,30.5496945,7.199928,-0.26099125998728956,1.0841779960955062,0.9160784788334603,0.20661319327477584,1.0426279004524495,0.9762152395615245,-0.33780377881546186,0.05698028499999128,-7.551250642513968,-0.926355666732866,0.36556608683447833,-7.503756197191708,0.0070216686570591285,0.020797137201718,-0.047380067035625945,1.673031057802658,8.84970718152477,-17.265149940936194
917,30.5830275,7.233260999999999,0.8389348988005011,0.8978732986343667,-2.8384856436623553,0.6687379427909745,0.8182291343830624,-2.906936466732925,-0.30983956183374567,0.08690909566336968,-7.645865884474162,-0.9040646248858151,0.3928401185708681,-7.600653110437314,0.0065986311496746665,0.020129562055714232,-0.03699073113440071,1.673646929311629,8.891124908035634,-17.345502773854314
918,30.616360500000003,7.266594000000001,-0.01750976366115296,0.6625088530270179,-0.6545696181269186,0.09331230288392967,0.6847977811696689,-0.6245244352089518,-0.31042321478586293,0.10899250326132093,-7.667684653555188,-0.9009542458937848,0.4156664830105984,-7.621470383436136,0.003945189293002371,0.02183707103284375,-0.0339498924258247,1.6732805649192584,8.933160910821005,-17.41285938441362
919,30.6496935,7.299927,0.03722692419550405,0.18981464921981472,0.4018002865236605,0.1491122213362775,0.13970242344308156,0.39636812879731603,-0.3091823297216542,0.11531959496376482,-7.654291444604495,-0.8959838882199829,0.42032318389122647,-7.608258244598935,0.0020577689124980413,0.020548001965572545,-0.027346120274017904,1.6699800987245903,8.975325526745332,-17.470893846660225
920,30.6830265,7.333259999999999,-0.19349999840421964,0.1033095474531192,0.7455359760691093,-0.04586997755046652,0.1000470982838938,0.7693019737887153,-0.3156322651684619,0.11876321210901952,-7.629440493914184,-0.8975128721816725,0.4236580538183234,-7.582615101906637,0.002761702088345176,0.019346022655508582,-0.030356189689255214,1.6660391473775134,9.015008884656627,-17.52553469990014
921,30.7163595,7.366592999999998,0.24809711681618296,-0.03574949792381301,-1.603477382002194,-0.0037973633679876002,0.012537468124200313,-1.622898121414713,-0.30736244397362833,0.1175715740947251,-7.682889205488461,-0.8976394496948177,0.4240759652433073,-7.6367111649877515,0.003035588157298728,0.020748474151630003,-0.026026274574959665,1.6631943753205838,9.054843788875887,-17.57890267513743
922,30.749692500000002,7.399926000000001,0.016715693909744665,0.06883168862401763,-2.1400909236586285,-0.26663108711775807,0.22203612132740957,-2.1129633696578938,-0.3068052597485348,0.11986594077162965,-7.75422485624678,-0.9065270637217145,0.4314770952755144,-7.707142572988563,0.003631237131620041,0.020691852804276458,-0.02999593679564981,1.6612023786155488,9.095951109257031,-17.63189238293492
923,30.7830255,7.433259,-0.39413223852161094,-0.2802386284965736,1.54185420073682,-0.23743442327959235,-0.2651427649619037,1.5762336424222516,-0.3199428696551752,0.11052474656795366,-7.702830230173621,-0.914441465352893,0.42263909149103956,-7.654601976985704,0.0008269291450857299,0.02028408279631256,-0.020931554566611485,1.6578410298026809,9.136471821688062,-17.679977865737335
924,30.8163585,7.466591999999999,-0.06558939575755396,-0.05112650303075264,-0.3802000990527578,-0.1318512321831504,-1.0765331991201277e-05,-0.366173805621885,-0.32212916098396166,0.10882054684242964,-7.715503440075346,-0.9188364624752537,0.4226387326502283,-7.666807648448498,0.0002715161779248644,0.020366476068535578,-0.021474389857818073,1.6525463412246104,9.17644332254927,-17.719841985223027
925,30.849691500000002,7.499925000000001,0.3185562904425528,1.0018030908372908,0.5520285328837687,0.6885766785377028,0.8143272715547536,0.5220692451060973,-0.31151072415463926,0.14221364926931157,-7.69710267298873,-0.8958841360495547,0.4497827035929649,-7.6494055143013755,-0.0005054178659109123,0.02041512662223528,-0.01721742722121695,1.6465251074502603,9.216433926406324,-17.756119559905212
926,30.8830245,7.533258,-0.3930340726323441,0.2591143117817656,-1.4888956255428087,-0.5040094698966627,0.4785541355275549,-1.3983513815220323,-0.3246117288976928,0.15085070662393288,-7.746732030874947,-0.9126842837096196,0.4657343485925044,-7.696016760901648,0.001731747098109985,0.02072671656563872,-0.019523460258503978,1.6421763821167754,9.256711689465309,-17.79050824617287
927,30.9163575,7.566590999999999,0.07924934300160201,0.37605436660813524,-0.6154585633629169,0.10194014318337427,0.3805464983104354,-0.6093268072712672,-0.3219701105474205,0.16338572682608146,-7.7672471111675225,-0.9092863129168883,0.47841910502068574,-7.716327451368421,-0.0012431978679644637,0.020282075892757174,-0.017295582945091616,1.637085358439687,9.2968617909382,-17.824983502323327
928,30.949690500000003,7.5999240000000015,-0.6015892524021448,-0.17737075501358845,-0.6502178249588997,-0.7148390558108152,0.06358424919277642,-0.5487398297702085,-0.34202288509774265,0.15747342744921308,-7.7889208219268795,-0.933114043164232,0.48053855879902874,-7.734618596114152,0.0022850341754510916,0.019136608086543674,-0.0260569849550537,1.6314678111485963,9.335668838048743,-17.865830148871236
929,30.9830235,7.633257,0.5555149887864083,-0.6347274884201786,-0.14473875630763258,0.30251458284771815,-0.7601971288723439,-0.2510188186545925,-0.3235059039765259,0.13631605607770395,-7.793745398890882,-0.9230303245741693,0.4551989079023277,-7.742985806396366,-6.576963479835009e-05,0.020730013976226064,-0.016918894111305833,1.627007103719431,9.374889684993471,-17.906308092339312
930,31.0163565,7.666589999999999,-0.6054373742619675,0.9828233694111491,0.29979908443154535,-0.21723957319512227,1.0940665869799808,0.42213854565992853,-0.3436869479727994,0.16907650745028474,-7.783752196009525,-0.9302715712674822,0.49166742944613023,-7.728914662253883,0.0011877899067365288,0.020984621340023584,-0.020871375091605148,1.6222967360544107,9.415730937332105,-17.94172601920324
931,31.0496895,7.699922999999998,0.3908113581145671,-0.9529398579723471,0.32265585306244005,0.11599092065981642,-1.0487020410894257,0.22738695080967422,-0.33066003297276697,0.1373121631644935,-7.7729971084593945,-0.9264052459091286,0.4567110443104975,-7.721335173022545,0.0012593830104878018,0.021189527830958926,-0.02158695490360836,1.6180869768198343,9.457134127982219,-17.981655773771255
932,31.083022500000002,7.733256000000001,0.426555138420436,1.0029849634205126,2.745138861035069,1.1214514052941136,0.6080768369516698,2.6638890358369185,-0.3164416705437975,0.17074466095019195,-7.681493394804506,-0.8890239062164572,0.47698006951660904,-7.632539759790986,0.0027332084611301328,0.022887249454513196,-0.022288801305964473,1.6151052877562433,9.500389166128327,-18.022912830167456
933,31.1163555,7.766589,-0.8119970891958108,0.8578411654256504,-0.4910464040234895,-0.5646360769774021,1.1007012203638507,-0.3255767696424405,-0.34350796951796064,0.19933908051732424,-7.697861444589821,-0.9078449205703444,0.5136697432949962,-7.643392210253477,0.004015257991377592,0.022464393397107808,-0.023576304793335025,1.614410174621302,9.544913341108723,-18.066067246644025
934,31.1496885,7.799921999999999,0.5448115566594733,-0.009068573460361223,0.5060876881909895,0.5833465800593582,-0.21544006911150787,0.407822220565658,-0.325347765899831,0.19903679775817004,-7.680992023679351,-0.8884002290172264,0.5064884794713025,-7.629798272175362,0.005397821598013287,0.021135326124363314,-0.03413862099127114,1.614311734307212,9.588083725790833,-18.120745981969165
935,31.183021500000002,7.833255000000001,0.3706873455325552,-0.5565968595649051,-4.8008264856085034,-0.5495443577245319,-0.2628288241870637,-4.808748914759967,-0.3129916446111934,0.18048375463829167,-7.841017972924151,-0.9067181910932596,0.49772760627467444,-7.790088299751068,0.004789240774724687,0.022584653582025233,-0.032245730981477795,1.613509793911956,9.631601642761288,-18.183821871244586
936,31.2163545,7.866588,0.4640172771657227,0.2663287221111155,-1.9542208326515182,0.2243110461708304,0.2642225057155003,-1.99626979803282,-0.29752455671142886,0.1893612899324212,-7.906158015938922,-0.8992412309912475,0.506534935057689,-7.8566299609288945,0.0031160709308747547,0.022986444570315307,-0.030937862912958674,1.6110074082649408,9.676798741297352,-18.243757723703535
937,31.2496875,7.899920999999999,0.44564804487991905,0.497235078309355,-1.9232453235866243,0.2841375634495694,0.4863800227389721,-1.9563787455965174,-0.282669770431447,0.2059356267977064,-7.970265552310033,-0.8897700735887834,0.5227474403556466,-7.921841933655861,0.004098068632875176,0.02074332657152005,-0.03150841295919052,1.6079094542736416,9.720215550057205,-18.303039815137105
938,31.2830205,7.933253999999998,1.2378432228163094,0.2649947559334549,-1.3176976620056822,1.0421777696064347,-0.028037648940261395,-1.5006280619060142,-0.2414087422853122,0.214768696997236,-8.014188368477667,-0.8550311619944931,0.5218128614035209,-7.9718623688433725,0.006734899269870147,0.018658562478442824,-0.03904282885732307,1.60687551393267,9.75971619737844,-18.37029816246889
939,31.3163535,7.9665870000000005,0.3026528066651591,0.4734511535936235,-1.8986814299098909,0.14514616075717887,0.5066196231754897,-1.908668393916836,-0.2313204162807417,0.23055024429997342,-8.077477116580859,-0.8501930050179737,0.5387000133028308,-8.035484012417808,0.0057765054225936635,0.021272908743284333,-0.032394108501251274,1.60725366058849,9.79974569473492,-18.438408279970258
940,31.3496865,7.9999199999999995,-0.03377512576249912,0.7991904368204847,-0.5599998404088423,0.13971914598951496,0.8121968206829712,-0.523699168798226,-0.23244624254778307,0.2571896591305098,-8.096143591261207,-0.8455357467247053,0.5657729699266554,-8.052940476811358,0.002978628610529751,0.019914150407170927,-0.025477528929525338,1.6062431761696516,9.840610119056771,-18.49335157745661
941,31.3830195,8.033252999999998,-0.23228018822659433,0.4158447099428144,-0.3328485865942056,-0.1341369702052471,0.493180205032106,-0.27649529619219987,-0.24018883806193989,0.2710510108470332,-8.107238433198152,-0.8500069343525567,0.58221214570099,-8.062156894519331,-0.0011143965325968563,0.0162203199111095,-0.012718624175186691,1.601855231301576,9.876123129444396,-18.529377630966888
942,31.416352500000002,8.066586000000001,-0.4211726810364845,1.0068600433567423,0.898892012726131,0.07025992934564257,1.011687395942029,0.9852474714116335,-0.2542277870389301,0.304612676672246,-8.077275665737949,-0.8476649601276782,0.6159347216699281,-8.029315640554765,0.002555779175116243,0.013993999585678736,-0.02432254928382777,1.5972068793485519,9.905951486179411,-18.564451168700504
943,31.4496855,8.099919,-1.0573003216846972,0.7307807223413644,0.3232474284607892,-0.7002818889396132,0.997428174001704,0.520726077816002,-0.289470778661645,0.32897179049004993,-8.066500859205066,-0.8710074563317016,0.6491819949939259,-8.011958278202925,0.008525940678044845,0.012991093620191872,-0.0420343079353733,1.5968374177590836,9.93347606421705,-18.628024300243332
944,31.4830185,8.133251999999999,-0.6897388975075541,0.5275913935919513,-0.013853327822932622,-0.4743377694143756,0.7175547860178325,0.12001312256957634,-0.31246184533226357,0.3465579944126499,-8.066962632181388,-0.8868185571995905,0.6731002486762576,-8.007957880788314,0.0036171020817323003,0.000630863458936393,-0.017288802967166794,1.5985721336561236,9.948058348906253,-18.68514601071386
945,31.516351500000003,8.166585000000001,-0.10711511726720978,0.3024478043495441,-1.608140305517072,-0.2503172494116391,0.45141975583618604,-1.5564784109069292,-0.31603231353613176,0.356639487075034,-8.120566772985192,-0.8951623820742293,0.6881474233975463,-8.059839975659079,0.002558374370169071,0.007499266726132864,-0.026043370341826216,1.597249193461354,9.956972809654657,-18.726920849236866
946,31.5496845,8.199918,0.395682463392476,-0.7102284139809881,-1.2875555749958447,-0.06272636381927846,-0.6907159136792568,-1.3556420251812087,-0.30284302998387075,0.3329654433518065,-8.163484862966527,-0.8972532399594172,0.6651237898468764,-8.105027591284443,0.009104286804114516,0.01594467874029608,-0.04730088876789646,1.5961898521003384,9.981302779747617,-18.797371482565293
947,31.5830175,8.233251,0.2485181923192265,-0.5377468464419439,0.20504949619336965,0.08720043182052722,-0.6038779326719653,0.1438950512810402,-0.29455917307929425,0.31504072771935776,-8.156649948109914,-0.8943465879655437,0.6449947267171224,-8.100231137540092,-0.0002521922372276755,0.02052678603742445,-0.024731365998747274,1.5926902084181833,10.018030553859573,-18.866206529400333
948,31.6163505,8.266583999999998,1.008497335183457,-0.2448693783548863,-0.40750562158520914,0.7951354597642835,-0.5195888200671798,-0.5838456798146476,-0.26094293140562513,0.3068784967306546,-8.170233332994213,-0.8678423376852217,0.6276752725778236,-8.119692465585354,0.007572806577052023,0.015898088940502438,-0.045466708474845685,1.587992551451411,10.054660396457312,-18.93327525343362
949,31.649683500000002,8.299917,0.6843020126217446,-1.420020467535527,-0.7975618174638547,0.0431263576119002,-1.4928568460174438,-0.9435840078934232,-0.2381330924189028,0.25954495448628934,-8.196818461055738,-0.8664048068069441,0.5779138753295204,-8.151144951320468,0.007573106843720359,0.020707743961755593,-0.037638476742056275,1.588535510877074,10.091802198098167,-19.012861536533084
950,31.6830165,8.33325,1.567907127270301,-1.54209008433162,-1.185548551073394,0.7617956359136097,-1.8595427326630691,-1.4844757287992552,-0.1858700441456035,0.20814246570526507,-8.236336350908665,-0.8410118728750365,0.5159297374216643,-8.200626980788533,0.002453918041983673,0.01819600098834099,-0.02057532088379664,1.5883848166094077,10.130478852254418,-19.06826028533436
951,31.7163495,8.366582999999999,2.0527286591770415,-1.0805878662040416,-1.7140353337306182,1.2806261561143986,-1.536498242908816,-2.078088546690201,-0.11744643974925735,0.1721232303610869,-8.293470290687907,-0.7983247612132767,0.4647136414907863,-8.269895906315355,-0.0006767495704327318,0.014415796955486107,-0.015653887610930374,1.5840470446738204,10.16256623870897,-19.102516745621617
952,31.749682500000002,8.399916000000001,1.8365275801981737,-0.7680034243554785,-1.885043356572306,1.154400603045357,-1.1582956012535108,-2.200400376434473,-0.05622946591850704,0.1465233722170438,-8.356304440892536,-0.7598451259119628,0.42610417421420016,-8.34324185206305,0.0008693772057196938,0.01632289381377385,-0.02214588218959075,1.5778986708153961,10.192903930415033,-19.138352829465358
953,31.7830155,8.433249,1.7458103020237399,-0.5141471727486606,-1.8344945072543857,1.1609612458521401,-0.8945485554013695,-2.128267579676706,0.0019636288788484418,0.12938530450781324,-8.417453646302844,-0.7211468047039747,0.39628618721700726,-8.414183395296412,-0.0028284572097294174,0.008370565415180732,-0.012484464625349292,1.570193599875704,10.217383686812669,-19.171282804587722
954,31.8163485,8.466581999999999,1.2152477950929417,-0.9180634661445901,-1.9049131518774767,0.5201788891796408,-1.0979582523613625,-2.1147726702572256,0.04247148363268018,0.0987834949908166,-8.480950116394375,-0.7038076817909503,0.3596879447910471,-8.484675112714093,0.007112200043715731,0.02546354410327995,-0.03095844971135603,1.5669569774013927,10.250816024486914,-19.21252350614524
955,31.849681500000003,8.499915000000001,1.0451426410358253,-0.42636602638131527,0.0030158525914546646,0.8283310998553,-0.7415117017103899,-0.1953156654481576,0.07730922328632997,0.08457143623344715,-8.480849588979945,-0.6761969212394715,0.3349711352379328,-8.491185569790478,0.0081617292613466,0.019698572687095628,-0.04752006449192646,1.5681781823319831,10.295976168146408,-19.28745776706628
956,31.8830145,8.533248,1.1900819541817003,-0.19915580965448812,-0.6579719492760997,0.9322353825477968,-0.5196232324121632,-0.8659180492897451,0.11697822506506733,0.07793297563023431,-8.502781767965164,-0.6451227192330068,0.3176505340319387,-8.520049216127452,0.005699131350296042,0.018940350808524832,-0.03488082032069769,1.5672815885544726,10.3350121968066,-19.366380780350575
957,31.9163475,8.566581,1.4653483328135133,0.6910675994801712,0.23868770017969512,1.6306695788882362,0.15032195596052267,-0.01058375133713627,0.16582268104273862,0.10096833192370613,-8.494825590855074,-0.590767610159927,0.32266121578997065,-8.520402004310773,0.004581292200925626,0.01916208038417277,-0.034869168010447794,1.565115523564835,10.373203846605572,-19.433052801111767
958,31.9496805,8.599913999999998,0.9038548322896166,-0.3494531391221725,-2.2268165875579857,0.36081211523354806,-0.43391464255674034,-2.362057549975143,0.19595087416744747,0.08932001043734712,-8.569052068168142,-0.5787406599228475,0.30819753900962726,-8.599136468624092,0.0033890318801544895,0.020440096584033896,-0.02910996451312712,1.5617147108262084,10.412673563312593,-19.49409471593908
959,31.983013500000002,8.633247,0.4581284867398761,0.6758117232503829,-3.1045761176006557,0.15140722760491143,0.752742941900176,-3.1169616584857196,0.2112216710159489,0.11184684260845382,-8.672536903896132,-0.5736938028050926,0.3332887194919877,-8.703034151586404,0.004362187115967994,0.020971445308398767,-0.03129603111623218,1.5586973276469842,10.45377417383121,-19.551630796684712
960,32.016346500000004,8.666580000000003,-0.8296440021320027,0.7442216753051246,0.2568828906122395,-0.47353745196961716,0.9510998665745871,0.42347988988947033,0.18356714749288078,0.1366539837114014,-8.663974226503354,-0.5894782266915971,0.3649917313445208,-8.688918296416718,0.004811629099709824,0.019960586167170256,-0.03287712215723194,1.5563291642330261,10.494512177338486,-19.61284602118166
961,32.0496795,8.699913000000002,1.2207348071322648,0.634911018690822,-2.6189047935591305,0.9200472829211217,0.4203554726839237,-2.7800687154278028,0.22425790081901928,0.15781747269742188,-8.751270179987058,-0.5588102906099883,0.3790034403154936,-8.78158632690807,0.006190806889722749,0.01948425959228445,-0.04146044435619589,1.5538552946652437,10.534091426351354,-19.683978465578218
962,32.0830125,8.733246000000001,0.5402431306411358,1.3753558905577101,-1.944368660749168,0.6533642748263164,1.2820822490121007,-1.9731741397932911,0.2422658250926797,0.2036622105973806,-8.816081820555809,-0.5370316992372034,0.4217390879218126,-8.847358140509797,0.0059872251782634,0.015146599576980765,-0.039885899777585825,1.5511870732450317,10.569253582831958,-19.762053477999263
963,32.1163455,8.766579,0.2771011500114806,0.2607392270041707,-2.050648322712709,0.009896714145792893,0.3324889252266974,-2.0589516033485524,0.25150243772601205,0.21235343125111034,-8.884436081096789,-0.5367018120645817,0.43282194126639373,-8.915989174304212,0.008260839244863717,0.018944223496049278,-0.04491784553250152,1.549827438983626,10.603986872896773,-19.84351031237002
964,32.1496785,8.799911999999999,0.26979926132639465,0.3955669098531971,-3.473590237903159,-0.18505912401836055,0.5874432554104553,-3.451920842767042,0.26049565650380446,0.22553886305724655,-9.000221264496812,-0.5428703878454855,0.4524031872989898,-9.031052051756161,0.0035976489845332086,0.01806313753662896,-0.02527924971666682,1.5487630139764916,10.641125393023353,-19.910714651905945
965,32.1830115,8.833244999999998,0.11109837874828798,0.5605562699802105,-3.6396368970828283,-0.3032459938340908,0.8109584740979241,-3.5810488889002454,0.26419889876262104,0.2442238852044963,-9.12154128118727,-0.5529784865579569,0.4794348661160951,-9.15041915436987,0.006473092302152001,0.016454399408691724,-0.04079485526332405,1.5466770133079686,10.675779040842365,-19.97398850237248
966,32.2163445,8.866577999999997,-0.11968031712208947,-0.12536151804867895,0.367412968784033,-0.09329944619939233,-0.10989602121543757,0.37980160084511594,0.26020959475199057,0.24004520972337984,-9.109294304698793,-0.5560884369981212,0.475771702040921,-9.1377592276089,0.006856521813906696,0.017703344393037036,-0.03920043491710124,1.5451527796021816,10.710445918280653,-20.05080372982611
967,32.249677500000004,8.899911000000003,1.4142695070792717,0.1707307635805793,-1.6516340552469437,1.0904297279472563,-0.1704238288848583,-1.8812551692143242,0.3073514402314725,0.24573617826581232,-9.16434822266235,-0.5197411428764487,0.470090964552701,-9.200467106164332,0.008108625709397237,0.017403766013080704,-0.04037661690918225,1.5452226246133323,10.746007307840632,-20.12719708765759
968,32.2830105,8.933244000000002,1.1508534406843456,-0.8220197903109961,-2.452449672158389,0.36586786595361587,-0.9396282198498975,-2.645359916002354,0.34571283796980257,0.21833579259537675,-9.246095727584402,-0.5075456693006172,0.43877033710044533,-9.288644888244436,0.0052681914388804825,0.01921890580736546,-0.029129329233366936,1.5455618155915245,10.782756315093586,-20.19377393766393
969,32.3163435,8.966577000000001,-0.4372184265370833,0.36973469889801697,-1.2791831419995199,-0.4865394203497485,0.6101265755706443,-1.1641297887592703,0.3311390361580424,0.23066015931374395,-9.28873473925667,-0.5237634877991348,0.459107686243941,-9.327448826493148,0.002482857069024807,0.018437934356394438,-0.027433865540814038,1.5428470512573107,10.820158094015753,-20.247755026407894
970,32.3496765,8.99991,1.4218947479397472,0.23072553692177128,-1.71335209522677,1.1042080567606845,-0.11342998542795271,-1.943824209031014,0.3785350537911165,0.2383509336359571,-9.345845904646861,-0.4869569206431322,0.45532672453967116,-9.392242318852777,0.0038944680076962285,0.019261677101159825,-0.025536213336205565,1.5394411639927228,10.857505588965903,-20.29825156292673
971,32.3830095,9.033242999999999,0.544462082426449,-1.327059181131604,0.6939565376149839,0.14981797965392196,-1.4904630426393695,0.543300282553778,0.3966836083846368,0.19411606995129876,-9.322714251378542,-0.48196303792732814,0.40564511993937463,-9.374132490534413,0.0073372852090863114,0.019169887592626444,-0.040062194358823744,1.5383239331899718,10.895873682176484,-20.361012099272724
972,32.4163425,9.066575999999998,0.7643399850470926,-0.43423196875625475,1.455656573108561,0.7947975327650787,-0.8007843482476573,1.272301215820373,0.4221613531062107,0.17964181573674698,-9.274192850827117,-0.45547005176767064,0.3789525752592363,-9.331722874107474,0.0020939197564776783,0.01987672683613951,-0.02638129828030756,1.5352913819142129,10.934848298422756,-20.42458772560994
973,32.4496755,9.099908999999997,0.3970208057555033,-0.006631730206265571,-0.8301050169403308,0.22254904130887357,-0.06650945071120903,-0.890388823142103,0.4353952476244585,0.17942076027378154,-9.301862741356787,-0.44805182457372217,0.37673561573867964,-9.361402204749268,0.004104914361838381,0.02018939630750481,-0.02937221166878324,1.5311074638226045,10.974519053739847,-20.47775392732744
974,32.483008500000004,9.133242000000003,0.1678367793879884,-0.0639162789483653,-0.5913942267744243,0.03132770356041609,-0.06313391964936933,-0.6140311798853495,0.4409897509917994,0.1772902389475953,-9.321575685117862,-0.4470075782309426,0.37463117279500685,-9.38186970606839,0.0022837272993876698,0.019076330550842346,-0.027581071552531082,1.5268406201918658,11.013452487020436,-20.5321176485018
975,32.5163415,9.166575000000002,1.0729829666892061,0.7216346254312529,-2.019673949916951,0.8995865221978268,0.4899085652247017,-2.1683785486393066,0.47675549222044955,0.2013444859170945,-9.388897476890442,-0.4170216606865234,0.39096129499964133,-9.454148268230181,0.00416966387842428,0.017459196259425575,-0.035309843844886696,1.5214800094371181,11.04992604894732,-20.592336981166277
976,32.5496745,9.199908,1.1187995174201923,-0.4297960846050747,-0.7382543088248127,0.747751894399789,-0.7203284577357945,-0.9505001191043629,0.5140484365346157,0.187018093028954,-9.413505707766499,-0.39209684679049606,0.36695058651793483,-9.485831288700286,0.0056106911395539276,0.017403592406251094,-0.04006665195224807,1.5169178003947048,11.085113818495756,-20.664754443943337
977,32.5830075,9.233241,-0.12296767277571502,0.09869057764630575,4.450341805582101,0.6835566773225258,-0.27895593473943425,4.391507363142778,0.509949555097983,0.1903077460536382,-9.265162464361035,-0.36931185206530504,0.35765214834526554,-9.339449173764653,0.004818225820338942,0.019768257979569836,-0.033087240454452285,1.5133555656435633,11.122444628948568,-20.7349618727858
978,32.6163405,9.266573999999999,0.241277823737831,-0.24714233592980372,2.4473095309735164,0.5522377637183715,-0.5429803886298838,2.347088411781071,0.5179920687966358,0.1820697505700903,-9.183586295765098,-0.35090411068728117,0.3395529830510662,-9.261213675734757,0.0038628299636402274,0.019737099683146516,-0.030151876816202183,1.5099516276741585,11.161749024114801,-20.795474585883127
979,32.6496735,9.299906999999997,0.1722641471617732,0.834219443038778,-0.9026093847420844,0.30343675770402884,0.8022004667770911,-0.8970514266988655,0.523734149613979,0.20987678726490103,-9.213672974386705,-0.3407896532427331,0.3662927312101461,-9.29111509094091,0.005029271152176851,0.01940347418611048,-0.03157002921558529,1.5069911526767612,11.200663763113138,-20.854530685984688
980,32.6830065,9.333239999999996,0.2722736325697548,1.2777722884949068,1.4942535596033102,0.96950153911058,0.9549091969888983,1.4449373148319054,0.5328098466084263,0.2524687709573004,-9.16386502048445,-0.30847325843956114,0.3981227194733761,-9.24295099542562,0.005056368865568723,0.018874034309090015,-0.032364490493088725,1.504706304788212,11.238807500544455,-20.915771839235372
981,32.716339500000004,9.366573000000002,-0.8487762386159738,-0.42074679084031574,0.47253822593848827,-0.8479948200769045,-0.13868188736117043,0.6183958760011912,0.504517588246635,0.23844401817821761,-9.148113903799238,-0.3367394697771897,0.3935000361219653,-9.222338005690869,0.0040469482755591014,0.01795961932893032,-0.025630478307423266,1.5025637198562571,11.275421794929034,-20.971278258339208
982,32.7496725,9.399906000000001,0.1455633373365346,0.2702856661880271,-0.08016179920464853,0.21754718821245275,0.20809785114822618,-0.10018705417032749,0.5093696509700735,0.24745345028926283,-9.150785937052127,-0.32948796935250424,0.40043656179428894,-9.225677540767528,0.0037851363481034026,0.016002546396783796,-0.029109506807835143,1.4997782184142587,11.309211219169493,-21.023697812557014
983,32.7830055,9.433239,-0.5098949559309128,-0.2501717928445206,-1.6843963796513315,-0.850667756040066,0.10690717704881961,-1.5571464864072853,0.4923733224040288,0.23911447391837667,-9.206931921575043,-0.35784327766458685,0.4040000987268571,-9.27758190459894,0.0020028554810405923,0.01079569122004438,-0.02419344501746408,1.4952508977080663,11.33612285790725,-21.074908434401294
984,32.8163385,9.466572,-1.3561775961505935,-0.1895381785170079,1.131086601386826,-1.1121504856207287,0.19502192387517378,1.370980320717533,0.4471678545915425,0.23279659781386944,-9.169229411891017,-0.3949145898017814,0.4105007645153881,-9.231883017568464,0.004618625798193034,0.020186846565087384,-0.028560038391622793,1.4916189686267138,11.367011561626194,-21.125484989291806
985,32.8496715,9.499904999999998,-1.2101414815348106,-0.15391393086312258,2.811838226853193,-0.6704535298618761,0.016423112465131118,2.990783921166927,0.40683020858754393,0.22766618475640912,-9.075502408275323,-0.4172628173126666,0.41104819612318827,-9.132191217124209,0.003326610788284923,0.02018509347936875,-0.02747266055626516,1.4886353900207239,11.406941931152073,-21.17902498929137
986,32.8830045,9.533237999999997,-0.5843064709035357,-0.057354236132766426,3.922491958235794,0.1336018287487505,-0.2224941861387073,3.9576879123114366,0.387353520992917,0.22575439600339567,-8.944753983831454,-0.41280946755498465,0.40363179741662697,-9.000269605943137,0.004745110300057406,0.01866078624228148,-0.03173420828161055,1.4851146745340307,11.445491196971538,-21.23570460378702
987,32.916337500000004,9.566571000000003,-0.6669218034494782,0.07532566768393535,-0.20848928172745676,-0.6178966046136938,0.32754955327988255,-0.06958092322313629,0.36512301651853146,0.22826522648430475,-8.951703557059277,-0.43340581507657666,0.41455000667610725,-9.002588946856934,0.005386266907462392,0.017921355974646228,-0.037985176993649554,1.4814758850745544,11.482135883040522,-21.30269082502242
988,32.9496705,9.599904000000002,-0.820079502162904,0.34045492222677115,-0.6820919826325028,-0.7430704727410532,0.6751035153260416,-0.49575289494115965,0.33778730647293626,0.23961361040688936,-8.974439729116366,-0.4581745831444534,0.4370532321524695,-9.019113878104006,0.004312604370456536,0.019762086964087988,-0.03165542192320012,1.4774000688877778,11.519825510634332,-21.369583932147272
989,32.9830035,9.633237000000001,-1.8104343506970682,0.21522169519990397,1.0674056277232706,-1.3823852924168722,0.7443222224260697,1.4136276111042043,0.2774400982611528,0.24678759517298754,-8.938859897327466,-0.5042536320965835,0.4618637247925969,-8.97199342894307,0.006132603592218792,0.020372212186704215,-0.03536608141129137,1.474513001586677,11.559786330384034,-21.433875311332372
990,33.0163365,9.66657,-1.0242735409243138,-0.3610901925670023,0.6917712875305856,-0.9447001052880788,-0.035043822661318,0.8742903234163157,0.24329798832152374,0.23475137578415203,-8.91580108500021,-0.53574332070615,0.4606956090518272,-8.942850709592635,0.002286110617878058,0.01959198679809198,-0.025900836702466942,1.4707694567908252,11.599439902337451,-21.492574964071423
991,33.0496695,9.699902999999999,0.09322820354579764,0.7868280758059678,-0.8500993893917786,0.2261750043317169,0.7797251069726312,-0.8314640795784506,0.24640556403031572,0.2609787160349915,-8.944137447946805,-0.5282042292867611,0.4866861860425451,-8.970565901757222,0.0033338442413369217,0.018168311622275137,-0.03480053685045534,1.4644121533854957,11.636970714953012,-21.55079016360485
992,33.0830025,9.733235999999998,-0.3696412056571252,-0.516073537253134,0.6580608117521103,-0.41155269240322123,-0.4098567303610341,0.7061532345673165,0.23408431372214714,0.24377643681773334,-8.922202306908671,-0.5419225151826372,0.4730244316494212,-8.94702769598939,0.0076849858629346075,0.018174670980135397,-0.041162802474954914,1.4601588074917922,11.673515178257237,-21.62392786653045
993,33.1163355,9.766568999999997,-0.15641523142265046,0.6105526335380351,1.1987160303788247,0.30098543059109806,0.504297024265016,1.2203493951806341,0.2288705248131361,0.264127987751456,-8.882245505468056,-0.5318897678247445,0.4898341643592464,-8.906349789599837,0.005889188309792761,0.020142414150731373,-0.032563456791279546,1.4587483118132474,11.711886190888267,-21.69484746921042
994,33.149668500000004,9.799902000000003,0.18065948782885136,-0.9009610185826536,-0.35058116471529677,-0.23690794397552029,-0.8655972620095063,-0.40235775956746245,0.2348924475209363,0.23409625411903498,-8.893931427431513,-0.539786620321282,0.4609812108246783,-8.919761580799502,0.006153022064304148,0.021328042276995834,-0.03192834834467861,1.4576711588168025,11.7530415344119,-21.7566964514915
995,33.1830015,9.833235000000002,-1.4306141275424624,0.07827091424923084,-0.19512060915191295,-1.3058174977588262,0.6123826290582072,0.10336028362935562,0.18720578680756492,0.2367052585037045,-8.900435382696374,-0.5833134349740756,0.4813937609990749,-8.916316272465284,0.004738581761090322,0.017684822296027355,-0.031745859917310354,1.455601185194298,11.791829322290953,-21.817819247094263
996,33.2163345,9.866568000000001,-1.7404038952020193,-0.25143425613253034,2.557854524619139,-1.2133938721666242,0.14664714943376944,2.853246326074445,0.12919290376879786,0.22832420044403912,-8.815174417827247,-0.6237594929150044,0.4862819504311506,-8.821209012678247,0.004777910655233454,0.01855752820616543,-0.03507395296608398,1.4515348827566785,11.828045334663534,-21.882088852457247
997,33.2496675,9.899901,-1.2650723716095058,-0.5843586958709024,0.9095827960712252,-1.2046027606088872,-0.16937247335146177,1.1355479770413255,0.08702424640593953,0.20884577203457494,-8.784855294485807,-0.6639125167343792,0.4806362577769265,-8.78335779195953,0.003936488913173721,0.02035731351632378,-0.02378235643943913,1.4482675590425713,11.86661610298981,-21.9385360943166
998,33.2830005,9.933233999999999,-1.8457031517705538,-0.06241246770871063,3.258743574580514,-1.1058885234366993,0.2905020201549683,3.5668675718994542,0.025501423247973602,0.20676537724844055,-8.676231594914318,-0.7007750988860936,0.4903195616147517,-8.66446339518541,0.008396560157124804,0.020027454765825098,-0.03310524517007555,1.4488191024679573,11.906541251967797,-21.993035595409545
999,33.3163335,9.966566999999998,-1.1252105212189298,-0.04250672655329684,0.8385778839121772,-0.883572644324521,0.2893715258930917,1.0519895001635495,-0.0120052190558158,0.20534850053223955,-8.648279278309875,-0.730227225839362,0.49996518268734585,-8.629397429176459,0.009048448465157712,0.018251002374681826,-0.040447226951067054,1.4508436616233518,11.944859527280999,-22.06385350208277
1000,33.3496665,9.999899999999997,-0.8412680559092955,0.04121926447055584,0.7860860575477441,-0.602951727692127,0.26832487120293985,0.9443586379627495,-0.040047207163439465,0.20672246227483654,-8.622076671753637,-0.750325415778523,0.5089092556191531,-8.597919122697247,0.005052645690739155,0.016391154378652573,-0.03635011240839958,1.4489538880057973,11.979785022512965,-22.137937107101024
