frame,start_us,end_us,relative_start_us,relative_end_us,event_count,valid_motion_events,scale,is_observable,scale_valid_points,scale_input_points,denominator,residual_rmse,weighted_residual_rmse,pred_dir_x,pred_dir_y,pred_dir_z,translation_metric_x,translation_metric_y,translation_metric_z,uncertainty_mean,uncertainty_median,depth_mean,depth_median,elapsed_seconds
700,23333100,23366433,0,33333,10338,10338,0.8547943173857415,True,4461,10338,0.29246145751188457,0.03542068837003174,0.03542068837003174,0.08433671031468662,-0.2721084085729052,-0.9585636824278434,0.07209054072427516,-0.23259672136187967,-0.8193747885947807,1.8563377505856045,1.5779390931129456,33.135706434307075,29.023637771606445,0.5593009446747601
701,23366433,23399766,33333,66666,11440,11440,3.498183859176384,True,6547,11440,0.3477227881300985,0.03728961785217417,0.03728961785217417,-0.08198810340414821,-0.05813823521316739,0.9949361268460983,-0.28680945997330204,-0.20337823602400462,3.4804694998496633,1.8223999907935065,1.4885618686676025,42.52344910831718,39.8621826171875,0.23105480894446373
702,23399766,23433099,66666,99999,10783,10783,3.1826377875538565,True,5605,10783,0.2440454476108655,0.03935724073376809,0.03935724073376809,-0.23986344634098872,0.18293656037787553,0.9534147796114807,-0.7633984681796083,0.5822208097851886,3.0343739048113063,1.5113406399432747,1.376051425933838,47.80538135161705,46.060813903808594,0.18715896364301443
703,23433099,23466432,99999,133332,10792,10792,0.9769850565235012,True,3802,10792,1.2743338566134264,0.03619137429681881,0.03619137429681881,-0.9128105428366649,0.3499171324076541,-0.21055857454545093,-0.8918022597970994,0.34186380938711963,-0.20571258085577265,1.6245089065725553,1.4587883353233337,49.485517570581855,49.353681564331055,0.18894335394725204
704,23466432,23499765,133332,166665,10412,10412,1.9029703470261157,True,4910,10412,0.8649517634897624,0.031309179742089854,0.031309179742089854,0.45624941832551025,0.1751705838329009,0.8724401038647454,0.8682291139238543,0.33334442670622055,1.660227647215765,2.1439363365458277,1.745087206363678,35.292966130693,29.42844009399414,0.28363548777997494
705,23499765,23533098,166665,199998,10295,10295,1.460367764779886,True,7490,10295,2.3175593810140294,0.03331009728939596,0.03331009728939596,0.6689020503866291,-0.4235059265477681,-0.6109114315200805,0.9768429921825227,-0.6184744033253199,-0.8921553617299434,2.1360125622238497,1.9130597114562988,39.17324616291848,34.96324920654297,0.3302576798014343
706,23533098,23566431,199998,233331,10842,10842,3.0880256824930057,True,8885,10842,0.7138392752673809,0.039095041074740926,0.039095041074740926,-0.02822175731739571,0.19476899971166475,-0.9804430473838719,-0.08714951140128402,0.6014516732636536,-3.0276333105459226,2.0641146494931473,1.5975670218467712,43.12891937520446,40.55942916870117,0.26509540202096105
707,23566431,23599764,233331,266664,10764,10764,1.3523398176724468,True,7602,10764,2.4993805124820945,0.0339334200042577,0.0339334200042577,0.17200503282111454,-0.03446952415482111,-0.9844928240399207,0.2326092547243574,-0.04661451001084852,-1.331368846163742,2.181742069171707,1.830418884754181,22.042592999749978,21.230466842651367,0.3447839911095798
708,23599764,23633097,266664,299997,10524,10524,2.625381274346948,True,3820,10524,0.159727660474124,0.03215583186516495,0.03215583186516495,0.20515428524347523,-0.2197212012530802,-0.9537475100673095,0.5386082188320162,-0.5768519273487429,-2.5039508533939414,2.0722206340647324,1.7522461414337158,48.17595958673469,44.87440490722656,0.3061572052538395
709,23633097,23666430,299997,333330,10609,10609,1.3125316901813069,True,6869,10609,1.8768337521056813,0.03852760267966534,0.03852760267966534,0.27977128859841666,0.5089174413497376,-0.8140829588932216,0.36720868228932396,0.6679702694594126,-1.0685096819869515,1.9153294070537434,1.522594928741455,33.36855762210932,34.3685417175293,0.24523951904848218
710,23666430,23699763,333330,366663,10317,10317,2.2930277369144436,True,4543,10317,0.6823404243267451,0.030185835196049535,0.030185835196049535,0.19561225592783912,-0.2886820140885522,-0.9372291822545215,0.44854432852364157,-0.6619558654544089,-2.149092510758612,2.140282142826408,1.7351655960083008,38.17739768886538,37.449642181396484,0.3056690590456128
711,23699763,23733096,366663,399996,10498,10498,3.0919178105967142,True,6630,10498,0.2569133022551018,0.040037614946127405,0.040037614946127405,-0.12004931018199004,-0.06998380648411814,-0.9902981520484143,-0.37118260030234573,-0.2163841777220658,-3.061920494126115,1.7478181904788288,1.4818180799484253,41.26028020742122,41.78152275085449,0.20639780396595597
712,23733096,23766429,399996,433329,10415,10415,2.2078497416381784,True,6899,10415,0.9519128732889018,0.03289851497882178,0.03289851497882178,0.28643306718605094,-0.623971531587254,-0.7270595751290593,0.6324011733846815,-1.37763538480739,-1.6052382951076278,2.1602744098185807,1.8885353803634644,46.155762841549276,42.50926208496094,0.29784422973170877
713,23766429,23799762,433329,466662,10284,10284,1.9359116913729673,True,4202,10284,0.6422484885529467,0.026625399029241412,0.026625399029241412,-0.19450581717465462,-0.5012987935892237,0.8431292941320365,-0.37654608550990193,-0.9704701953842407,1.6322238578554678,2.318235640827739,2.188845992088318,41.982793808168864,41.74216842651367,0.32294782903045416
714,23799762,23833095,466662,499995,10233,10233,0.09847049886500499,True,10233,10233,6.498360485453647,0.05038873788700419,0.05038873788700419,-0.21303803716264083,0.6067973378570604,-0.7657752839296714,-0.02097796179677256,0.05975163656915713,-0.07540627422756983,2.502345726078728,2.883270740509033,29.724483196795727,21.842756271362305,0.3537173210643232
715,23833095,23866428,499995,533328,10227,10227,1.826979625437237,True,407,10227,0.0436562934700167,0.0253773383684754,0.0253773383684754,0.1106811469068334,-0.2109486513896471,-0.9712107650707317,0.20221220031951814,-0.38539888810369693,-1.7743822797957491,2.220665608276492,2.0715034008026123,34.955437389697174,29.51864242553711,0.3052308978512883
716,23866428,23899761,533328,566661,10413,10413,1.823239101158422,True,3509,10413,0.8256749737211131,0.026912559820040385,0.026912559820040385,-0.33403147470110794,0.21009786663447277,-0.9188481160342639,-0.6090192456941715,0.38305864551888247,-1.6752798131835507,2.069918906651913,1.7122955322265625,33.91268315860635,29.786060333251953,0.25805731071159244
717,23899761,23933094,566661,599994,10517,10517,1.4091179865669883,True,8347,10517,2.146798010246943,0.04256070749828957,0.04256070749828957,-0.004542731421614751,0.8128814736654769,0.5824114296254351,-0.00640124455435423,1.1454459054915833,0.8206864210691713,1.9634289176026114,1.597670555114746,37.4715481165347,34.629207611083984,0.24371829722076654
718,23933094,23966427,599994,633327,10975,10975,2.5080866202330427,True,8397,10975,1.020987211394268,0.04493770392793302,0.04493770392793302,-0.059852095485442576,0.4025579700729229,-0.9134357160709523,-0.15011423988015288,1.0096502586094425,-2.290975897923655,1.5565812428320858,1.376994252204895,44.022335013734995,43.2566032409668,0.20214514806866646
719,23966427,23999760,633327,666660,10728,10728,2.591055896237952,True,8450,10728,0.7963348638852464,0.03760117408253584,0.03760117408253584,0.060019365656940896,0.31845106572796705,-0.9460373113574532,0.15551353127406667,0.8251245115187078,-2.4512355536567965,2.0486374817556423,1.6830823421478271,44.09809784956782,39.4505558013916,0.2624892652966082
720,23999760,24033093,666660,699993,10422,10422,1.541151573315125,True,6859,10422,2.578278452857056,0.03040611455083529,0.03040611455083529,0.14988348022158918,0.9261079857441535,0.34620650064855396,0.2309931613581709,1.427272779293767,0.5335566931681113,2.282425781088731,1.984865963459015,37.38120330681706,32.213016510009766,0.29376690182834864
721,24033093,24066426,699993,733326,10598,10598,0.9088422631730522,True,7377,10598,4.0236244588725745,0.03725542484290828,0.03725542484290828,0.19008461268673826,0.9150192818399568,-0.3558195524043884,0.17275692958924155,0.831608194957552,-0.32338384728964964,1.9955869078360937,1.6441835761070251,36.68974565609285,32.70023155212402,0.25940450001508
722,24066426,24099759,733326,766659,10636,10636,0.7799189197682368,True,8076,10636,3.782845412424451,0.04417728366335486,0.04417728366335486,0.036538073656462326,0.6896813271287074,-0.723190594642154,0.02849673493662573,0.5378955156397792,-0.5640300273611513,1.7729126505754942,1.4863015413284302,31.94494849571208,28.196828842163086,0.21769431000575423
723,24099759,24133092,766659,799992,10852,10852,0.9830500535017337,True,7463,10852,2.1622075232618068,0.046470526267911386,0.046470526267911386,0.2970156756236508,0.47057980856387904,-0.8308648098207204,0.29198127581376193,0.4626035059872655,-0.8167816957499838,1.5483718844682257,1.4178805947303772,35.03866702562058,29.70578098297119,0.19296087324619293
724,24133092,24166425,799992,833325,10993,10993,1.9499518654111696,True,8335,10993,1.2998683416297352,0.04970463484101973,0.04970463484101973,0.012502693868121069,0.20855834327601894,-0.9779300077683215,0.024379651230834933,0.4066787305185943,-1.9069164428915464,1.5341662923982649,1.3993580341339111,34.21297876869354,29.854434967041016,0.19482630398124456
725,24166425,24199758,833325,866658,11317,11317,1.898762966411941,True,9496,11317,4.931807563254421,0.050770453642639664,0.050770453642639664,0.18925526753902194,-0.030792338669573403,-0.9814449936631534,0.35935089320175273,-0.05846735231504487,-1.8635314075394183,1.4967888572058332,1.3742417097091675,23.54479889862527,16.772266387939453,0.2198206391185522
726,24199758,24233091,866658,899991,10882,10881,1.143780365846503,True,9699,10881,9.364976440262128,0.0501059816363049,0.0501059816363049,0.19239071171951355,0.1687338162642285,-0.966703011938687,0.22005271863619472,0.19299442609753412,-1.1056959246610543,1.685983060460094,1.4284234046936035,17.77812002669493,13.92829704284668,0.2270552096888423
727,24233091,24266424,899991,933324,11792,11791,1.418893322887813,True,8861,11791,3.933412140959563,0.04115193432333791,0.04115193432333791,0.21670464151890126,0.18197605973249148,-0.959126588113246,0.3074807688903728,0.25820461608020745,-1.360898311679854,1.8707495539336758,1.4764679670333862,21.467534132701793,19.36355972290039,0.22984699672088027
728,24266424,24299757,933324,966657,12278,12278,1.0418771773796294,True,10150,12278,5.88060918835129,0.046336337099725,0.046336337099725,0.29690581097110835,0.25591868990142613,-0.9199742189690465,0.3093393882826551,0.266635842273593,-0.9585001425229462,1.8783201503627966,1.4855372905731201,19.52146271615371,16.942298889160156,0.2590227071195841
729,24299757,24333090,966657,999990,11428,11428,1.8141074683369192,True,9912,11428,5.1403505054354355,0.05283949005055227,0.05283949005055227,0.35077130754982944,0.20628388910587384,-0.9134585085778337,0.6363368487050558,0.37422114382490573,-1.6571119024285246,1.300490175123052,1.1677259802818298,25.843360436058646,24.73874568939209,0.19581859605386853
730,24333090,24366423,999990,1033323,12452,12452,2.947361657551338,True,10430,12452,1.266769444214845,0.055359822947943345,0.055359822947943345,0.26891386182454274,0.23822061250719587,-0.9332396662665283,0.7925864055265267,0.7021222993428221,-2.7505948096627866,1.3071528205607228,1.2211657762527466,39.35309903888966,40.38046646118164,0.20037341304123402
731,24366423,24399756,1033323,1066656,11556,11556,1.8850836467317706,True,7773,11556,2.186274491925069,0.042981631540556293,0.042981631540556293,0.47202283402293377,0.24093548019082558,-0.8480239021053433,0.8898025253024865,0.45418353362614594,-1.5985959898998048,1.5682009590624502,1.378871202468872,35.54675399180142,34.21059226989746,0.19544437108561397
732,24399756,24433089,1066656,1099989,11321,11321,1.270992135500009,True,9804,11321,4.965583861710557,0.05097542782531951,0.05097542782531951,0.3119808194701401,0.27671461893826665,-0.9088987776129622,0.39652516797384274,0.3517021044488149,-1.1552031983129476,1.4962114913397273,1.3558131456375122,25.280086481616475,22.00973129272461,0.24764050403609872
733,24433089,24466422,1099989,1133322,10910,10910,1.749332609303787,True,6318,10910,0.6670393649674052,0.04075884931188032,0.04075884931188032,-0.17673703779491592,0.10280861476367577,-0.978874051243572,-0.3091718634869974,0.17984646232379492,-1.7123762982449826,1.7890432333570285,1.4764803051948547,35.802956372723465,32.0552864074707,0.21392951207235456
734,24466422,24499755,1133322,1166655,10602,10602,1.5172583264026247,True,7684,10602,2.355950050090568,0.03571334910237716,0.03571334910237716,0.18426076678365932,0.03425896535700813,-0.9822801500157833,0.27957118263210984,0.05197970044190995,-1.490372736472909,1.96094222915128,1.6700589656829834,21.970607171798964,18.36186981201172,0.31241602916270494
735,24499755,24533088,1166655,1199988,10325,10325,0.8385685494038961,True,4913,10325,1.403829003513808,0.032574635804178825,0.032574635804178825,-0.33994534373371854,0.16428100045587307,-0.925985375779357,-0.285067473772212,0.13776088024729796,-0.7765022133387472,2.2170545664839176,2.000673294067383,33.58812496979647,29.058515548706055,0.35367762483656406
736,24533088,24566421,1199988,1233321,12432,12432,3.15928195748284,True,10239,12432,0.6976138372780698,0.04938590642808571,0.04938590642808571,-0.4653885859971974,-0.11355665797999535,0.8777917460590349,-1.4702937629612893,-0.35875750070871093,2.7731916257552376,1.6240338360150377,1.4128575325012207,50.96845136201213,50.58430099487305,0.2607409688644111
737,24566421,24599754,1233321,1266654,12094,12094,2.1699142936472398,True,11188,12094,1.468901828957319,0.057075053518286616,0.057075053518286616,-0.6576476223653986,0.19995579033270192,0.7263038528791675,-1.427038975955541,0.4338869275409896,1.5760171118954895,1.5097203316062922,1.3412379026412964,45.0173090899584,41.83791732788086,0.2962518557906151
738,24599754,24633087,1266654,1299987,12851,12851,3.421914291504611,True,10704,12851,0.7096708227655549,0.050236224673588424,0.050236224673588424,-0.4696634784533152,0.1291886750692817,0.8733421455753767,-1.6071481691193958,0.44207257352073354,2.988501969321826,1.6178914470544001,1.4166374206542969,48.059412454206296,45.53753662109375,0.2422648840583861
739,24633087,24666420,1299987,1333320,10672,10672,1.048416792705567,True,4320,10672,1.4332370567014874,0.03035490586293958,0.03035490586293958,-0.6116588491075534,-0.32438456348039413,-0.721559496698322,-0.6412734088140518,-0.34009022364875924,-0.7564950932779212,2.247437798566029,1.9313944578170776,38.710663476984,33.28556823730469,0.43472076393663883
740,24666420,24699753,1333320,1366653,11377,11377,2.059042713977805,True,7462,11377,0.8297534465189077,0.04143147374061949,0.04143147374061949,-0.5457277993270976,0.2411205903264438,0.8025222924981725,-1.123676849022809,0.49647759470310837,1.6524276791778432,1.7840232930872748,1.476839542388916,41.70737897724219,39.18254470825195,0.2508243094198406
741,24699753,24733086,1366653,1399986,10391,10391,0.4295835516611142,True,9343,10391,8.994337694849335,0.04192446025147449,0.04192446025147449,-0.40031884992942,-0.7301664309212368,0.5537163547716406,-0.17197039335003164,-0.3136674886997014,0.23786743829628154,2.205266286680044,1.9308010339736938,22.465980915898893,18.492013931274414,0.41800247645005584
742,24733086,24766419,1399986,1433319,10573,10573,1.3648507283866833,True,9762,10573,1.5753555526662752,0.04765578872353027,0.04765578872353027,0.25683548530881173,-0.5977409021575723,-0.7594348868538296,0.35054209919986606,-0.8158271056976422,-1.0365152584864439,1.9323106812727022,1.5224251747131348,37.31525702148628,32.80675506591797,0.2918219668790698
743,24766419,24799752,1433319,1466652,11742,11741,2.313564437160946,True,9539,11741,0.7851568927045725,0.047272331293689254,0.047272331293689254,0.25022483830054465,-0.6005140016263073,-0.7594540566379504,0.578911287187758,-1.3893278381828822,-1.7570458970990306,1.7549862694155072,1.471187710762024,50.17218202773376,49.336883544921875,0.2686734148301184
744,24799752,24833085,1466652,1499985,11384,11384,4.783105338338198,True,9599,11384,0.3337766496426827,0.04280400708420488,0.04280400708420488,0.18248153371071296,-0.14545621262713823,-0.9723903434634916,0.8728283980405982,-0.6957323871119149,-4.651045442772712,1.7713788530101868,1.4920213222503662,51.79863771601454,54.56859016418457,0.2821507630869746
745,24833085,24866418,1499985,1533318,11023,11023,3.0193453464933993,True,8564,11023,0.8673323408091861,0.039902163782839256,0.039902163782839256,0.24682343095197248,-0.04762491697907854,-0.9678894881204024,0.7452451776510655,-0.14379607145804887,-2.9223926218789305,1.7473419505945145,1.4811197519302368,35.69775319629341,34.68913269042969,0.26615689415484667
746,24866418,24899751,1533318,1566651,10266,10266,2.606841284552304,True,6748,10266,0.33399529960325186,0.038477871816295646,0.038477871816295646,-0.18627612452844086,-0.16651594475906684,-0.968283866213089,-0.4855922917478967,-0.4340806393348376,-2.524162357614104,2.070159070706512,1.656371533870697,41.3887933589505,42.05252456665039,0.283915585372597
747,24899751,24933084,1566651,1599984,10767,10767,3.2619900653627485,True,6120,10767,0.06414265503564862,0.03684388060237508,0.03684388060237508,-0.121965694480914,0.1453354447679496,0.9818360239142686,-0.39785088371342303,0.4740827769800505,3.202739355836594,2.016211427095966,1.6156566143035889,57.289888249274426,60.244747161865234,0.3030512258410454
748,24933084,24966417,1599984,1633317,11605,11605,2.5276140378501655,True,8629,11605,0.917863527118213,0.04069914415556542,0.04069914415556542,-0.5912880010905063,-0.14898662200160168,-0.79257900945437,-1.494547851971175,-0.3765806772237414,-2.0033338304055253,1.7943494557368922,1.489143967628479,52.54958006116348,51.5316047668457,0.30358249181881547
749,24966417,24999750,1633317,1666650,13811,13811,1.763466347111491,True,12256,13811,1.3013985814458218,0.05593710936980773,0.05593710936980773,-0.7524092080316513,-0.0665798881118576,0.655322441370907,-1.3268483176231936,-0.11741139207993649,1.1556390718667737,1.6150467359881102,1.3860472440719604,52.573224243148594,50.1041259765625,0.27303954493254423
750,24999750,25033083,1666650,1699983,12583,12583,1.654084591342688,True,11565,12583,2.9979083453420667,0.06078350614256747,0.06078350614256747,-0.9175308415933847,-0.2760550446450204,-0.2862355097602665,-1.5176736271637736,-0.45661839571048846,-0.47345774619034614,1.2699631687318402,1.0207023620605469,49.32103944281407,46.89231872558594,0.23573439614847302
751,25033083,25066416,1699983,1733316,15111,15111,1.8894402369129841,True,14152,15111,4.171171848105178,0.07521114994798046,0.07521114994798046,-0.9967297856807373,0.08048182924515175,0.007239440236287505,-1.8832613623979013,0.15206560651639706,0.013678489675190687,1.0274361856029681,1.0291889905929565,47.946231455295184,44.31058883666992,0.24394143419340253
752,25066416,25099749,1733316,1766649,13462,13462,2.039214853370278,True,12731,13462,5.377714917580427,0.0701393373234902,0.0701393373234902,-0.9185724311087365,0.392722580936758,0.044650456063743724,-1.8731665454158701,0.8008457203012119,0.09105187321506414,1.0527853074315738,0.92604660987854,40.93579153858027,38.29490280151367,0.23189183697104454
753,25099749,25133082,1766649,1799982,12762,12762,1.58335818335639,True,11847,12762,2.8518296668384613,0.06411753808251107,0.06411753808251107,-0.7854486924431375,0.5468577101854343,0.28985685492401453,-1.2436466147886989,0.8658716305552324,0.458947223246726,1.0945402055209168,1.0544594526290894,47.43931242358888,47.63713073730469,0.20835405215620995
754,25133082,25166415,1799982,1833315,12808,12808,2.8802760886859153,True,11520,12808,1.7211403627005875,0.062235071816560364,0.062235071816560364,-0.3032286648877043,0.5644855416315243,-0.7677294120175902,-0.8733822728813052,1.6258742079722381,-2.2112726680179375,1.051043587800992,1.0147316455841064,49.71590263913528,49.791324615478516,0.19209795910865068
755,25166415,25199748,1833315,1866648,11457,11455,1.725891967783691,True,10540,11455,1.9983884733830164,0.05455769625023157,0.05455769625023157,-0.05728003056278676,0.7410054103056258,-0.6690515525679476,-0.09885914466286315,1.2788952857326155,-1.154710700611924,1.5600454314495995,1.2774866819381714,50.40860256609673,48.8169059753418,0.19734169030562043
756,25199748,25233081,1866648,1899981,11615,11615,2.879211849905489,True,10560,11615,1.950263281699811,0.05789997644710631,0.05789997644710631,0.05495772708111903,0.5516717243832177,-0.8322487349031238,0.15823493905600966,1.5883797661037615,-2.396220419604651,1.258920056093404,1.159256935119629,45.92114316748998,42.46391296386719,0.1944714868441224
757,25233081,25266414,1899981,1933314,11807,11807,3.3411843652507085,True,11090,11807,2.266111465744035,0.05921778239873976,0.05921778239873976,0.2422761845314958,0.47555314266498855,-0.8456662810521478,0.809489399829935,1.5889107251194845,-2.825526956473611,1.1607674977201736,1.0350430011749268,42.265156354409044,39.92002868652344,0.18190835136920214
758,25266414,25299747,1933314,1966647,12207,12207,3.103477027657235,True,10795,12207,2.305710794313715,0.05517558461749977,0.05517558461749977,0.2718407752739135,0.6106430844292904,-0.7437860017067187,0.8436516012440908,1.8951167846262331,-2.3083227697924733,1.1253599948156296,1.0684465169906616,46.00731534247728,42.196678161621094,0.18436756124719977
759,25299747,25333080,1966647,1999980,11248,11248,3.0337403919811003,True,9465,11248,1.5683384199330608,0.05070537489770916,0.05070537489770916,0.14743174163775172,0.20081865320087455,-0.9684708307856161,0.44726962966694145,0.6092316596792449,-2.9380890778122626,1.2458318471242866,1.1588712930679321,33.06452710920174,28.588821411132812,0.17262250883504748
760,25333080,25366413,1999980,2033313,11876,11876,2.1377244552964902,True,10850,11876,4.249539751080607,0.054250609754086895,0.054250609754086895,0.4509801404103217,-0.021360327242605844,-0.8922783474754827,0.9640712750091522,-0.045662493919699954,-1.9074452443317833,1.306373438600291,1.2082164287567139,26.760341352788476,23.374853134155273,0.18974759709089994
761,25366413,25399746,2033313,2066646,14620,14620,7.260973032584439,True,14370,14620,3.258077174707254,0.09954507688583557,0.09954507688583557,0.7529933889173901,0.07154187366059857,-0.6541274467242288,5.467464690648665,0.5194636153506564,-4.7496017505423955,0.9420702967447167,0.6583362817764282,47.47133517741505,46.8449649810791,0.2872444298118353
762,25399746,25433079,2066646,2099979,15653,15653,3.7851787410285906,True,15027,15653,9.823515098355237,0.08366134872855038,0.08366134872855038,0.5566416523124874,-0.09989513606598452,-0.8247248224101567,2.1069881487060655,-0.37812094536944785,-3.1217308649881863,0.9923451985246644,0.874509334564209,25.891197989011797,24.573646545410156,0.26459434488788247
763,25433079,25466412,2099979,2133312,14298,14298,4.519183779620346,True,13879,14298,5.85538668958634,0.09186556071736504,0.09186556071736504,0.7302464187753885,-0.37709766267942046,-0.569681946936606,3.30011777085881,-1.7041736405152483,-2.5744974141409664,1.2810254605756133,0.906582236289978,37.19945152497222,35.13010787963867,0.3118630680255592
764,25466412,25499745,2133312,2166645,14911,14911,2.2150894341493887,True,14316,14911,11.966081049581923,0.07423698698894471,0.07423698698894471,0.6842831593855032,-0.3212269336939793,-0.6546524382059588,1.515748396322669,-0.711546386790434,-1.4501136989115695,0.9310593181392789,0.8516987562179565,26.119328990867462,24.590986251831055,0.2712488016113639
765,25499745,25533078,2166645,2199978,12836,12836,4.26177954844672,True,12389,12836,2.3124070946517925,0.06628868535959943,0.06628868535959943,0.5733315329734847,-0.4739440138950747,-0.6683322713960596,2.443412601708304,-2.0198449055286787,-2.8482848058053505,1.1756939919449314,0.8829983770847321,46.607615954558696,45.07196044921875,0.24538820795714855
766,25533078,25566411,2199978,2233311,12141,12141,4.325188254284415,True,11029,12141,0.7909122624909781,0.05234293949634392,0.05234293949634392,0.4137324836498272,-0.18373133813859538,-0.8916659841873225,1.789470878699941,-0.7946726256618055,-3.8566232415558166,1.4385467312064293,1.2854866981506348,48.760954684612635,49.12152099609375,0.21381834475323558
767,25566411,25599744,2233311,2266644,10450,10450,5.555543307287365,True,5636,10450,0.11452717297290281,0.031839164207979394,0.031839164207979394,-0.00579018736098609,-0.08805689000164768,-0.9960986185368751,-0.03216763664130623,-0.4892038659098028,-5.533869013617619,2.057733886857031,1.648066222667694,41.27335362721858,42.14557075500488,0.28828219417482615
768,25599744,25633077,2266644,2299977,10192,10192,2.451418575137485,True,2797,10192,0.5097084296577961,0.015078654288722428,0.015078654288722428,-0.1690219195559195,-0.13739618405486576,-0.9759886676156736,-0.41434347320530845,-0.3368155577455405,-2.3925567489198287,2.864510160627785,3.611268401145935,19.88825790305714,18.927337646484375,0.5063518029637635
769,25633077,25666410,2299977,2333310,10211,10211,4.356491365918615,True,6142,10211,0.22933648947789614,0.027625665031310098,0.027625665031310098,0.033286357631931475,0.11149948771580707,-0.9932068679952235,0.1450117296265214,0.48574655553870677,-4.326897144996221,2.6430066726356087,3.2216649055480957,43.78753341366222,45.454734802246094,0.4510354339145124
770,25666410,25699743,2333310,2366643,11167,11167,2.8615275021095097,True,5269,11167,0.3361941057651048,0.03846834692267023,0.03846834692267023,-0.3860781435097235,-0.0120147861168826,-0.9223878316706468,-1.1047732256189824,-0.034380640905501705,-2.6394381479427484,1.7055160306723363,1.4080171585083008,51.36145948558803,52.326271057128906,0.21235867543146014
771,25699743,25733076,2366643,2399976,11290,11290,2.5504837979897346,True,8162,11290,1.0837002462358907,0.04682628765760101,0.04682628765760101,-0.4002027520130145,0.29426181539883234,-0.8678984625382807,-1.02071063492167,0.7505099925429245,-2.2135609670074965,1.3444947661521396,1.2211729288101196,43.78465123949481,42.42197799682617,0.18150745425373316
772,25733076,25766409,2399976,2433309,13133,13130,3.7118173548623967,True,10414,13130,0.7590468344880597,0.05735036229555475,0.05735036229555475,-0.3919381265130236,0.24442718841227284,-0.8869271979974666,-1.4548027400252552,0.9072690799501179,-3.29211176603091,1.1059418789942743,1.0610235333442688,51.712623098363245,52.416812896728516,0.20154602592810988
773,25766409,25799742,2433309,2466642,11396,11396,2.5461134753383488,True,8360,11396,1.4450975652945466,0.04587549999132702,0.04587549999132702,-0.16364481260176275,0.4665201961063557,-0.8692406352274203,-0.41665826253516114,1.1878133578255752,-2.2131852946673574,1.4028227008703806,1.2832384705543518,41.19404027804277,39.430843353271484,0.1855486216954887
774,25799742,25833075,2466642,2499975,12564,12564,2.042138977724145,True,9268,12564,1.781905734901499,0.05158430326433383,0.05158430326433383,-0.16448147104064847,0.6113936896434574,-0.7740436692750028,-0.33589402312614397,1.248550884357827,-1.5807047474900677,1.2939387795020048,1.1934130191802979,43.15075561705003,42.366628646850586,0.20151354605332017
775,25833075,25866408,2499975,2533308,11544,11544,2.9566673827844276,True,9422,11544,1.1253482028577997,0.05201709169516386,0.05201709169516386,0.05623295083322944,0.5078743804194547,-0.8595937813592708,0.1662621315665471,1.5016156151400135,-2.541532895792605,1.3561168842191749,1.2545196413993835,49.11534734443088,47.08037567138672,0.2068840148858726
776,25866408,25899741,2533308,2566641,12272,12268,2.5349064654158497,True,10384,12268,1.6961118853602333,0.04934198360187214,0.04934198360187214,0.2893706230526932,0.44185228773648183,-0.8491355594565603,0.7335274632786117,1.1200542209434077,-2.1524792196836597,1.6357693357819711,1.3416742086410522,41.713200711566536,35.898136138916016,0.22441396908834577
777,25899741,25933074,2566641,2599974,13146,13146,3.9070265653240424,True,12115,13146,1.4639360213846613,0.06636956964346795,0.06636956964346795,0.24506480196037123,0.2511272089870452,-0.9364178382245203,0.9574746914857243,0.9811606767887634,-3.6586093701891045,1.2320656921114774,1.1107850670814514,36.21436087130847,35.36127853393555,0.21381554519757628
778,25933074,25966407,2599974,2633307,13371,13371,2.507537422608037,True,12062,13371,4.362686248346472,0.05369262388567993,0.05369262388567993,0.401463089793516,0.1897220496811778,-0.8960094482740794,1.006683721453996,0.4757351394698818,-2.246777222559652,1.3767593700892036,1.1937834024429321,28.80014552289783,25.12803840637207,0.22598560713231564
779,25966407,25999740,2633307,2666640,12913,12913,4.626090186903011,True,11977,12913,2.0199679380618294,0.0639283090613285,0.0639283090613285,0.5018645260748477,0.04874227081025794,-0.8635717622191298,2.3216705592315274,0.2254861406828922,-3.994960854891802,1.2024819845570114,0.972367525100708,39.47304344014768,38.19158172607422,0.2150393407791853
780,25999740,26033073,2666640,2699973,12472,12472,3.9247434457730956,True,11722,12472,1.4724836478117196,0.06403856295336045,0.06403856295336045,0.5997358204815461,0.051144038843767926,-0.7985619781332255,2.35380923063268,0.2007272312426459,-3.1341508897251464,1.1849155472469242,1.0896852016448975,48.44706554073336,49.896371841430664,0.1968417689204216
781,26033073,26066406,2699973,2733306,10681,10681,5.5504053024635125,True,8475,10681,0.37181841428701823,0.044393696206670955,0.044393696206670955,0.23890811106567242,-0.10149651724094655,-0.9657232375030398,1.326036846461536,-0.5633468074761905,-5.360155378153492,1.616838271250123,1.3372546434402466,41.875757683485304,42.61573791503906,0.21691024396568537
782,26066406,26099739,2733306,2766639,10352,10352,1.51320995257948,True,5468,10352,1.6289620793014836,0.03158036138198846,0.03158036138198846,0.7348439171599814,0.6767819750020231,0.044391167071277327,1.111973129045305,1.024113220305288,0.06717315581925774,2.1322854297304703,1.6537083983421326,44.760074862741064,41.573978424072266,0.2789542078971863
783,26099739,26133072,2766639,2799972,10342,10342,2.9285268145699845,True,1101,10342,0.16832737646166218,0.010302047623565389,0.010302047623565389,-0.14091377610943004,-0.08798408508959217,-0.986104511940224,-0.41266977187973897,-0.2576637524408784,-2.8878335051921242,2.52416784470201,3.2947977781295776,31.22937369517214,31.74723243713379,0.38507662527263165
784,26133072,26166405,2799972,2833305,10200,10198,3.8373615138574952,True,6068,10198,0.2530980143174707,0.027748108770685904,0.027748108770685904,0.041739288708022515,0.08818755193812397,-0.9952290125690244,0.16016874010412802,0.33840751780903705,-3.819053510310961,2.8322672491165686,3.3758113384246826,39.60970047413777,36.50944900512695,0.4613543371669948
785,26166405,26199738,2833305,2866638,10255,10255,1.6913357438366456,True,7568,10255,1.2769687547879156,0.035053169096395435,0.035053169096395435,-0.7877201917217759,-0.11859282888161155,-0.6045102484545758,-1.3322993164042607,-0.20058029045067924,-1.0224297907293785,2.269241406311572,2.2485759258270264,48.3910709955819,46.384056091308594,0.35964164789766073
786,26199738,26233071,2866638,2899971,10797,10797,1.0899527186254065,True,5453,10797,1.833166781837948,0.03988137899181091,0.03988137899181091,-0.9239491478811038,0.3028169279267309,-0.23370896491720525,-1.0070608856087295,0.3300561338408755,-0.25473172167967284,1.689109476395845,1.409267783164978,43.678042932672724,42.52241516113281,0.21167222503572702
787,26233071,26266404,2899971,2933304,10537,10537,4.822805452239778,True,6284,10537,0.1643142651002043,0.039443541253994165,0.039443541253994165,-0.09317031955814788,-0.20760091867166283,-0.9737664761724714,-0.44934232515257855,-1.0012188424610649,-4.696286270499396,1.7381501842272575,1.4421603679656982,53.72001252649993,53.11920928955078,0.2044360376894474
788,26266404,26299737,2933304,2966637,10600,10600,0.9592850614145194,True,3947,10600,0.7895539642456068,0.03891603047446429,0.03891603047446429,-0.8137941083794364,-0.5624329847677234,-0.14631570933831284,-0.7806605312406216,-0.5395335603379678,-0.14035847421942574,1.696382803990185,1.423529326915741,54.08366246025518,53.34103775024414,0.19022513600066304
789,26299737,26333070,2966637,2999970,11144,11144,3.3117321150830255,True,7573,11144,0.9370065613280838,0.04484556033391282,0.04484556033391282,-0.5657404933964997,-0.46780649815560676,-0.6790395970859878,-1.873580960788013,-1.5492498035896833,-2.248797241087396,1.3016727153432126,1.2044852375984192,52.45741730633179,52.28790855407715,0.16558393882587552
790,26333070,26366403,2999970,3033303,11887,11885,2.9709438222199305,True,11248,11885,1.8096306191921245,0.0598227290034918,0.0598227290034918,-0.9657505543249776,-0.058115005568810045,0.2528804321134128,-2.8691906431813816,-0.17265641677318075,0.7512935575487281,1.2786892004781447,1.017677664756775,59.21724654868916,60.456146240234375,0.1818192801438272
791,26366403,26399736,3033303,3066636,12647,12647,3.891341241604558,True,6935,12647,0.5003218496441459,0.039831151490225744,0.039831151490225744,-0.3382024161731647,0.11545887931091733,-0.9339637963428817,-1.3160610100673742,0.4492898987728454,-3.634371838881326,1.6153398933577048,1.358656644821167,52.76862248547173,53.57097625732422,0.2252277797088027
792,26399736,26433069,3066636,3099969,11332,11332,4.828152802305966,True,7107,11332,0.22638043397268032,0.03859813410765864,0.03859813410765864,-0.4296058454105462,0.1743354665199787,0.8860281952058063,-2.074202666408745,0.8417182712208864,4.277879513610771,1.804756428859339,1.4802709221839905,56.63945824023569,54.00995445251465,0.26732246670871973
793,26433069,26466402,3099969,3133302,13527,13527,1.8896958969818185,True,10109,13527,2.0061748133941855,0.05028339416666733,0.05028339416666733,-0.9178547878854961,-0.1818212004282451,0.35282239076418187,-1.7344664266974994,-0.34358677643458574,0.6667270241923737,1.5293928904700644,1.3483942747116089,48.5147699717188,48.01393508911133,0.25247708335518837
794,26466402,26499735,3133302,3166635,11964,11964,3.1619652271026757,True,10323,11964,0.8654009728629859,0.04693903129654704,0.04693903129654704,-0.35782515206654375,-0.18628057600427722,0.915019512114469,-1.1314306882181957,-0.589012703810732,2.89325987942911,1.7304433440699165,1.4419214129447937,43.2775021069666,40.68758010864258,0.29589977487921715
795,26499735,26533068,3166635,3199968,11493,11488,0.43730552432978653,True,4808,11488,2.5427463210374537,0.04011822363512991,0.04011822363512991,-0.6029288897980679,-0.38905930327696775,-0.6964981065098284,-0.26366413428787155,-0.1701377826156588,-0.30458246966331404,1.993356390479478,1.4679650664329529,32.26431625201509,26.89291000366211,0.2682845829986036
796,26533068,26566401,3199968,3233301,10352,10352,0.8724145636633218,True,7834,10352,2.3322970429342194,0.04116386595047338,0.04116386595047338,0.29313760180567355,-0.625721334939341,-0.722871466724835,0.25573751297317615,-0.5458884053971464,-0.6306435952288103,2.152372748588487,1.6402456760406494,27.707170130296323,26.158095359802246,0.344406726770103
797,26566401,26599734,3233301,3266634,10519,10519,1.3207996047836315,True,8296,10519,3.0649897485780264,0.04031878115296282,0.04031878115296282,0.7612261915454211,0.18979980922857342,-0.6200892820533935,1.0054272529464325,0.2506875130176798,-0.8190136786685545,2.1112565869372593,1.5572803020477295,33.78651749093855,29.18036651611328,0.31540407380089164
798,26599734,26633067,3266634,3299967,10927,10922,2.9163629002450717,True,6364,10922,0.49844141587787005,0.03701386885988038,0.03701386885988038,0.2961923680806083,-0.0026073187114103954,-0.9551247473378249,0.8638044336072256,-0.007603887559082689,-2.7854903782458726,2.2749232286612084,1.516914963722229,36.50812665980894,34.642555236816406,0.30371370911598206
799,26633067,26666400,3299967,3333300,10402,10402,0.957560206399273,True,7229,10402,3.292268821730005,0.035930703927162425,0.035930703927162425,0.5854532612862308,-0.6740947052880016,0.45037851541197566,0.5606067457164179,-0.645486265130593,0.43126454417726445,2.325004642064687,1.7982816696166992,31.13052675573213,29.160585403442383,0.31566353095695376
800,26666400,26699733,3333300,3366633,10331,10331,3.466212619408255,True,4416,10331,0.27750350181107747,0.028761797006442012,0.028761797006442012,0.2238274567943218,-0.08488971276934233,-0.970924820080457,0.7758335553115648,-0.2942457936594274,-3.36543186386404,2.3503843827999593,1.7957961559295654,29.904227929082523,28.717479705810547,0.3013902120292187
801,26699733,26733066,3366633,3399966,11506,11492,2.688415770414128,True,8180,11492,1.2003262854414973,0.04103972300499899,0.04103972300499899,0.4290058398716764,0.16995489510021838,-0.8871692752707392,1.1533460655125392,0.4569094202472056,-2.3850798706683807,1.8687937280712708,1.4550018310546875,35.60032009837771,35.82550621032715,0.2139849686063826
802,26733066,26766399,3399966,3433299,10605,10605,3.252364579911231,True,8390,10605,0.5227358942642848,0.039223444216799325,0.039223444216799325,0.24460461238399056,0.07685005819958397,-0.9665726315973804,0.7955433774014475,0.24994440725270767,-3.143646590922229,1.9426989023502563,1.5321369171142578,37.54170963174046,35.29625701904297,0.27878051111474633
803,26766399,26799732,3433299,3466632,10316,10316,1.9324057596784063,True,9054,10316,2.1363775812213053,0.04216474421642809,0.04216474421642809,0.36689370694317996,0.27180353517682987,-0.8896695150832821,0.7089875124875945,0.525234716877275,-1.719202495159247,2.0903659713873983,1.5408961772918701,30.140732608594003,28.291519165039062,0.2690730500034988
804,26799732,26833065,3466632,3499965,10298,10298,2.911421586900391,True,5563,10298,0.46030563021268234,0.02579911680359802,0.02579911680359802,0.07560050569501076,-0.0435021537926547,-0.9961888004552351,0.22010494426121846,-0.12665310962869814,-2.9003255782761252,2.738226471607085,3.4280760288238525,25.799482025991807,23.90009880065918,0.5081532336771488
805,26833065,26866398,3499965,3533298,10158,10158,0.1875678913714031,True,10158,10158,2.480932465686693,0.04345661970934699,0.04345661970934699,0.4288382809327691,0.2544611074660554,-0.8668029035398446,0.0804362920942456,0.04772873336364692,-0.16258439285228324,3.742301029553459,3.8975167274475098,29.758711294481007,23.894363403320312,0.6591711500659585
806,26866398,26899731,3533298,3566631,10180,10174,4.654668118384459,True,5285,10174,0.25427022982379344,0.018647949649779127,0.018647949649779127,0.15192269889337195,-0.583503381619337,-0.7977739637238059,0.7071497429993711,-2.716014587398697,-3.713373034630122,3.4791012582742997,3.667596697807312,56.33542792521035,58.7962760925293,0.5757631869055331
807,26899731,26933064,3566631,3599964,10430,10430,2.2027410670214604,True,7626,10430,1.5726153367423932,0.03491317376908002,0.03491317376908002,0.3055405889622882,0.00977292298753501,-0.9521288980334732,0.6730268029499711,0.021527218809507496,-2.09729342479876,2.196055079480117,1.660146176815033,23.36498213664683,20.91282844543457,0.2869431497529149
808,26933064,26966397,3599964,3633297,10606,10606,2.0101838333260806,True,7495,10606,1.224029447254237,0.036304908246513425,0.036304908246513425,0.4394902585375403,-0.0694359302379611,-0.8955595816243426,0.883456212617977,-0.13957898441654618,-1.8002393927646072,2.1915562786141702,1.6185129880905151,26.826975085118033,26.67299461364746,0.2804490616545081
809,26966397,26999730,3633297,3666630,10746,10745,0.8428878009858973,True,6636,10745,2.8160801772851496,0.03598311014165115,0.03598311014165115,0.7408748666571088,0.26010129377841745,-0.6192348091978599,0.6244743871649202,0.2192362075473864,-0.5219454666208705,2.3801189315659173,1.6945507526397705,28.77771093422671,28.429519653320312,0.2935828394256532
810,26999730,27033063,3666630,3699963,10767,10767,0.5198238824946001,True,7424,10767,9.400324859159614,0.03517259237980848,0.03517259237980848,0.35222548720425284,0.9258251388896818,0.13705844867205244,0.18309522027309566,0.48126601821144116,0.07124625491779352,2.400876765677677,2.078665256500244,24.45671377972971,24.095380783081055,0.368297154083848
811,27033063,27066396,3699963,3733296,10309,10307,0.7666625258377363,True,5141,10307,1.0029984121324023,0.03591279831513782,0.03591279831513782,-0.19469141688546804,0.34206294256659925,-0.9192867863226716,-0.14926261342881403,0.26224683954442923,-0.70478272957363,2.2824151085682796,1.6690362691879272,34.867523134882404,33.046165466308594,0.28527772007510066
812,27066396,27099729,3733296,3766629,11125,11125,2.674030503372983,True,6496,11125,0.8031038438796514,0.040585546038942,0.040585546038942,-0.3460098319435916,0.19235454793610132,-0.9183011075258162,-0.9252408450857542,0.5143619286445622,-2.4555651728095538,1.5434077375807036,1.331576943397522,43.27520107980792,41.710670471191406,0.20414085313677788
813,27099729,27133062,3766629,3799962,11101,11100,1.9531675107339075,True,6340,11100,1.2913368967393855,0.04164376695692471,0.04164376695692471,-0.7081717696976632,0.6218818171916859,0.3342988932725106,-1.3831780925968515,1.2146393608588637,0.6529417372162661,1.5944715997655583,1.310700535774231,49.36713439786757,47.75143814086914,0.19445187179371715
814,27133062,27166395,3799962,3833295,10545,10545,1.6044041119441936,True,5400,10545,1.3317845799965697,0.03694384901981047,0.03694384901981047,-0.9697447922336409,0.15572544062633922,-0.1880016624086603,-1.5558625322031578,0.24984653727635,-0.3016306402221629,1.6714576563660555,1.4212560653686523,50.2497081186829,50.621856689453125,0.20428346190601587
815,27166395,27199728,3833295,3866628,11538,11538,3.154737949085582,True,10038,11538,1.80511578229423,0.05250499718389372,0.05250499718389372,-0.8024645054377602,0.09011098068803236,0.5898565322763226,-2.531565228102396,0.28427653040626927,1.86084278689086,1.1326713743626078,1.0528653264045715,47.245076295552124,46.346256256103516,0.1732851997949183
816,27199728,27233061,3866628,3899961,14342,14342,4.747860516793412,True,14084,14342,3.3095322728901246,0.07999775900972268,0.07999775900972268,-0.9991815814821281,0.03194402670394159,0.02481423749601167,-4.743974779831658,0.1516657831352133,0.11781453846178407,0.7682670680282407,0.6158713102340698,54.82489209194394,55.01838493347168,0.22601122315973043
817,27233061,27266394,3899961,3933294,17121,17121,4.403523752856814,True,16670,17121,4.499378991761127,0.08441208371581552,0.08441208371581552,-0.9703027962008147,0.09973584098378291,0.22037523841344872,-4.2727514105386994,0.439189144783755,0.9704275968962468,0.824153665533971,0.715917706489563,50.5276681541192,50.002891540527344,0.29107090923935175
818,27266394,27299727,3933294,3966627,15584,15584,4.4579465530375835,True,15375,15584,6.060810561008198,0.09110691481569241,0.09110691481569241,-0.986525564501612,0.009742898848955352,0.16331682860214022,-4.39787823975811,0.043433322340340696,0.7280576931207178,0.8116884940827805,0.6032718420028687,42.41775813129648,42.37349319458008,0.25228821905329823
819,27299727,27333060,3966627,3999960,16602,16602,1.913898908852249,True,15582,16602,9.809778136013527,0.07539875991493017,0.07539875991493017,-0.9433131293953186,-0.09032022359043534,0.3193784543743169,-1.8054059690579185,-0.1728637773772377,0.6112580753386738,1.1409977175536823,1.0297027230262756,32.11855394319517,31.815783500671387,0.29527910193428397
820,27333060,27366393,3999960,4033293,13498,13498,2.6995898988187403,True,12900,13498,2.165494232661313,0.06521731398356853,0.06521731398356853,-0.8457121114105927,-0.20777399667234162,0.49152923709349133,-2.2830758732755925,-0.5609045826545614,1.3269273634333492,1.3328251200351438,1.0890540480613708,51.09875222343324,48.51805114746094,0.26067689107730985
821,27366393,27399726,4033293,4066626,12581,12567,3.000883007413733,True,8660,12567,0.6109062954567787,0.04342250187817512,0.04342250187817512,-0.503461353731008,-0.18972043112135867,0.8429310904878725,-1.5108286213034596,-0.5693288179122586,2.5295375858700755,2.2273515221950584,1.466700553894043,48.15530219586129,44.88277053833008,0.5091205188073218
822,27399726,27433059,4066626,4099959,11951,11940,1.288777031759562,True,8947,11940,3.2204321466779744,0.04862190688581087,0.04862190688581087,-0.7809929246710603,-0.6243582747337647,-0.01505976027353003,-1.006525743285669,-0.8046586040682053,-0.01940867314438615,2.0198462710220726,1.4288926124572754,44.90679149627685,37.53586959838867,0.2785439509898424
823,27433059,27466392,4099959,4133292,10549,10547,2.5833812140306955,True,8534,10547,0.9662185639767917,0.04118582400487181,0.04118582400487181,0.36884295436371384,-0.3670420895890375,-0.8539525627831117,0.9528619592319982,-0.9482096390040838,-2.2060850083700343,2.3137063873887658,1.5316888093948364,32.40300730080178,26.16265106201172,0.38953534606844187
824,27466392,27499725,4133292,4166625,11611,11606,2.259500740638652,True,9526,11606,1.1707225838676696,0.05250352921210314,0.05250352921210314,0.551802721493126,-0.22685329679840852,-0.802528091895289,1.2467986579022488,-0.51257519213319,-1.8133128180237934,1.5523716403025896,1.3036937713623047,43.96720330854459,41.39701461791992,0.19542296277359128
825,27499725,27533058,4166625,4199958,11669,11668,3.837794497192724,True,8436,11668,0.6500931075198159,0.047408708667529116,0.047408708667529116,0.31543388986144266,0.025841202864936456,-0.9485956427050574,1.210570446739764,0.0991732261560106,-3.6405151376387455,1.5214272514810958,1.2110878229141235,41.38872459239652,38.6464786529541,0.2020548121072352
826,27533058,27566391,4199958,4233291,11054,11054,1.817289192151231,True,7162,11054,2.61975237196157,0.04223182171129276,0.04223182171129276,0.7538976238012804,-0.6556973578609149,-0.041223145369862074,1.3700500037272292,-1.1915917217668184,-0.07491437654738464,1.3701423843801042,1.2616547346115112,40.48187256031923,38.23357391357422,0.1731855827383697
827,27566391,27599724,4233291,4266624,10779,10778,2.891283758708746,True,8353,10778,1.2021673288643981,0.04233442244051994,0.04233442244051994,0.34603579405186297,-0.0755112578892688,-0.9351776725119182,1.0004876712750708,-0.21832447353513637,-2.703864016043552,1.7583154878238798,1.4035481810569763,31.927002622590567,30.59013271331787,0.19638133514672518
828,27599724,27633057,4266624,4299957,10447,10447,3.1771156774100224,True,5416,10447,0.2451387386994291,0.03445118864866321,0.03445118864866321,0.21424553568042412,-0.30119302804152365,-0.9291833028503071,0.6806828502268747,-0.9569250913194172,-2.9521228386798017,2.0242991785996565,1.590437889099121,36.421306425525295,33.471092224121094,0.2776733711361885
829,27633057,27666390,4299957,4333290,10667,10667,3.6475053170898093,True,8187,10667,0.7518657795344964,0.036672461710477444,0.036672461710477444,0.26055727275008994,-0.10556460815450981,-0.9596697458607422,0.9503840377632274,-0.38504746954042307,-3.500400500680431,2.0369721133626606,1.5638983249664307,29.93946895830028,27.65484046936035,0.2624455210752785
830,27666390,27699723,4333290,4366623,10641,10641,3.1918788832371185,True,7547,10641,0.43377811212035544,0.03355120525878203,0.03355120525878203,0.26756852198685505,-0.08860063976316143,-0.9594566236536831,0.8540463151498355,-0.28280251110167376,-3.0624693364258544,2.182728310510141,1.9482344388961792,31.154300479801087,30.686264038085938,0.3583494368940592
831,27699723,27733056,4366623,4399956,11028,11028,1.3326353504617825,True,5560,11028,1.5803931785869532,0.03495576893604269,0.03495576893604269,0.5605048855634551,0.22325631361133436,-0.7974903709035827,0.7469486246114745,0.2975192557334722,-1.0627638599233724,2.0081143010967426,1.5388052463531494,29.978741826378094,27.67499542236328,0.24227694887667894
832,27733056,27766389,4399956,4433289,10822,10822,3.3549521292154947,True,6972,10822,0.41229710521473417,0.03852960199947023,0.03852960199947023,0.20455932595867546,0.25137243751280913,-0.9460271559629119,0.6862867461769485,0.8433424944609216,-3.173875821198093,1.7977681241204835,1.482120156288147,42.39131840917545,41.20326614379883,0.24482039781287313
833,27766389,27799722,4433289,4466622,12110,12096,2.6083094184659483,True,5753,12096,0.4963251980674468,0.03812007319046774,0.03812007319046774,-0.4227102116418252,0.4523581857815951,0.785294943778394,-1.1025590263105227,1.1798901164979592,2.048292198137218,2.02356566596708,1.4711636900901794,47.04927485834354,45.94729232788086,0.22619015211239457
834,27799722,27833055,4466622,4499955,11380,11380,2.320988009968061,True,9614,11380,1.1585463479001188,0.0421977493207225,0.0421977493207225,0.24877359824846915,-0.03986265545596372,-0.9677410115898242,0.5774005387317737,-0.09252074535885428,-2.2461152846561547,1.9485705200399424,1.543331801891327,26.896518552910884,22.434837341308594,0.3443913199007511
835,27833055,27866388,4499955,4533288,10880,10874,2.157511459728121,True,5550,10874,0.19996306667185093,0.037935372980425416,0.037935372980425416,-0.010159501491848896,-0.030655855369315418,-0.9994783654772664,-0.021919240893831727,-0.06614035926719498,-2.1563860272717434,2.3582181540434397,1.6221770644187927,40.7615826136491,38.21397018432617,0.3033839971758425
836,27866388,27899721,4533288,4566621,10362,10360,0.21117526229158798,True,5769,10360,8.624141393890753,0.03305805404330095,0.03305805404330095,0.8566706442236899,0.08740748328519994,0.5084047001947498,0.18090764799243655,0.01845829820910123,0.10736249591449305,2.9704839024077887,2.5282464027404785,22.906969516249696,17.416255950927734,0.45227579213678837
837,27899721,27933054,4566621,4599954,10192,10192,1.0988747307050897,True,7464,10192,4.908236138792197,0.027478505040963632,0.027478505040963632,-0.17700124225266428,-0.7085225508154861,0.6831298231106248,-0.19450219241523015,-0.778577527227321,0.7506741004087211,2.7537744574490395,3.671770930290222,26.750551726698315,21.975107192993164,0.5623244158923626
838,27933054,27966387,4599954,4633287,10218,10218,2.1850956741764125,True,3211,10218,0.24030123263200137,0.02632216135487775,0.02632216135487775,0.31401892821664723,-0.21702793377104146,0.9242786315140996,0.6861614016595393,-0.47422679926119476,2.019637239466427,2.916898844845257,3.4497653245925903,50.97877725600076,50.6684455871582,0.5246059540659189
839,27966387,27999720,4633287,4666620,10266,10263,1.3120529828627154,True,9093,10263,1.7942802348183091,0.03806574526801206,0.03806574526801206,-0.9521005084946738,0.15158670938654112,0.2655674890807102,-1.2492063121586123,0.19888979421344324,0.348438616200563,3.062174540518165,3.6055939197540283,49.413634056121786,48.13166046142578,0.5807078457437456
840,27999720,28033053,4666620,4699953,10195,10195,1.0888460992229945,True,7056,10195,2.2595983033927363,0.032474257937861,0.032474257937861,0.46810894154394295,0.09629049449852371,-0.8784088794586749,0.509698595012545,0.10484552932718014,-0.9564520819233299,3.0887424580975744,3.699352502822876,21.948173923782416,17.520296096801758,0.6104728071950376
841,28033053,28066386,4699953,4733286,10164,10158,1.1257098548686275,True,10158,10158,0.24748635579924738,0.041695002195916216,0.041695002195916216,-0.21819464359270685,0.3161425611460753,0.9232794693568638,-0.2456238605722951,0.3558847966261781,1.0393447974547485,3.8579087478771945,4.280677080154419,45.39417113101161,44.324764251708984,0.8201556173153222
842,28066386,28099719,4733286,4766619,10195,10192,3.2448291055347207,True,6617,10192,0.40693888480500234,0.028513090314521133,0.028513090314521133,0.05580141124318651,-0.3941496345381615,-0.9173506789086686,0.181066043332031,-1.2789482060869029,-2.976646182908616,3.383801218466007,3.6444482803344727,32.77915413001643,27.9482364654541,0.564941962249577
843,28099719,28133052,4766619,4799952,10195,10194,1.6665318789273256,True,7247,10194,1.510249077695704,0.03076765704244427,0.03076765704244427,0.707184233153993,0.705511439875309,-0.04630408812020928,1.1785450688299244,1.1757573055041326,-0.07716723897725208,3.2936306475576367,3.6217901706695557,51.42407471857189,50.245399475097656,0.49548912420868874
844,28133052,28166385,4799952,4833285,10247,10246,1.4651367275275136,True,120,10246,0.06279360220134159,0.006689239546571421,0.006689239546571421,-0.06738503892419524,-0.49623108649394226,0.8655714674824863,-0.09872829541402753,-0.7270463901654988,1.268180547312562,2.910185271685233,3.517258405685425,38.30174432274608,38.11359786987305,0.4421177702024579
845,28166385,28199718,4833285,4866618,10673,10672,1.9599114301128238,True,5533,10672,0.8545714865831306,0.03426796896180896,0.03426796896180896,-0.4400864277533052,-0.7695702949626831,0.4626937401910026,-0.8625304199940037,-1.5082896173775204,0.9068387500449214,2.1726815862564726,1.6259108781814575,57.02188077930925,56.3215217590332,0.30511208437383175
846,28199718,28233051,4866618,4899951,12802,12802,1.7131029125575636,True,6618,12802,1.9186158602309975,0.04259997743527154,0.04259997743527154,-0.7251326693307844,-0.6834634578179151,-0.0840256728024341,-1.242226887825486,-1.1708432402185667,-0.1439446248079545,1.5466620176031003,1.352405846118927,50.37201702354513,47.586456298828125,0.22224074508994818
847,28233051,28266384,4899951,4933284,11778,11778,3.46352633317247,True,7903,11778,0.44464808193833594,0.040644451371087305,0.040644451371087305,-0.5977852541306609,-0.09611781968310035,0.7958732026396266,-2.0704449692673146,-0.3329065995601158,2.7565277952134135,1.7369994640917374,1.439820408821106,56.50788146608611,54.869667053222656,0.2625964982435107
848,28266384,28299717,4933284,4966617,13328,13318,2.6774295985023024,True,4398,13318,0.4310222950658792,0.03450363719160933,0.03450363719160933,-0.08055458014940384,-0.6699908233342824,-0.7379859458389161,-0.2156792171879152,-1.7938532611282465,-1.975905414676766,1.6749223615188318,1.3587168455123901,52.79146207748438,52.17960739135742,0.24243718991056085
849,28299717,28333050,4966617,4999950,13376,13376,1.6604819258962376,True,12137,13376,1.6967234245349956,0.055135602815153346,0.055135602815153346,-0.781321036695661,-0.43711756316189315,0.44549486370616603,-1.297369459758024,-0.7258258131234554,0.7397361692650466,1.598426545834997,1.2545174360275269,54.9160155725251,54.80972099304199,0.28218228416517377
850,28333050,28366383,4999950,5033283,13822,13822,3.029398358653726,True,10095,13822,1.2459985199048866,0.05319284168604706,0.05319284168604706,-0.6479334943298891,-0.3206955152210083,0.6908954866249952,-1.9628486642434715,-0.9715144674399807,2.092997653187007,1.1637173942089118,1.1391361355781555,50.58476275677378,52.102699279785156,0.23114996263757348
851,28366383,28399716,5033283,5066616,11945,11945,1.8901275250399587,True,10909,11945,1.514978325529043,0.05515173020238018,0.05515173020238018,-0.7866390204667338,-0.3575541701642136,0.5033428919475753,-1.4868480648570013,-0.6758229787212723,0.9513822546048336,1.5463641606236085,1.243453860282898,53.23602113336537,52.36564636230469,0.2262405208311975
852,28399716,28433049,5066616,5099949,11119,11119,1.6602887724329671,True,4415,11119,0.12462512482607802,0.038100140942110595,0.038100140942110595,-0.33455909883481,-0.023323881264389657,0.9420860926370639,-0.5554647155133465,-0.038724378193008446,1.5641349622779392,1.859149822884855,1.4848603010177612,45.00394728535617,43.15794372558594,0.25305731082335114
853,28433049,28466382,5099949,5133282,10310,10310,0.9435068128801869,True,5022,10310,2.0049224169474114,0.032537976003909064,0.032537976003909064,0.6621800466700837,-0.2606242275989067,-0.7025614548008655,0.6247713853892214,-0.24590073434225862,-0.6628715190744726,2.2097223805419914,1.7802855372428894,26.520206350221088,21.74827480316162,0.3086086087860167
854,28466382,28499715,5133282,5166615,10290,10290,1.457538467863635,True,6664,10290,1.897104455261072,0.032265918311686174,0.032265918311686174,-0.2956807579677885,0.6602047629974618,-0.6904364998156204,-0.4309660789462954,0.9622738387381996,-1.0063377581011146,2.3628873333521367,1.915862798690796,38.54226366493514,35.95057487487793,0.32870127679780126
855,28499715,28533048,5166615,5199948,10717,10717,4.931416201582965,True,5178,10717,0.10859354958272471,0.03732081960620714,0.03732081960620714,0.0991256311299517,-0.014432315126359568,-0.994970259620636,0.4888297433472668,-0.07117175264060951,-4.90661245839531,1.890547857070518,1.4550392627716064,46.11368827894573,44.81733703613281,0.21269390918314457
856,28533048,28566381,5199948,5233281,11544,11544,1.1112000190625655,True,9033,11544,2.0933769220048877,0.04476959597665495,0.04476959597665495,0.4395379735776831,0.7475906839590073,-0.4979101716537308,0.48841460461938574,0.8307227822681892,-0.5532777922343656,1.9219682400187603,1.4854451417922974,46.679895024124484,44.57263374328613,0.31066503189504147
857,28566381,28599714,5233281,5266614,12874,12874,3.11389888367759,True,11263,12874,1.1572870326193831,0.06136586586089333,0.06136586586089333,0.2816882079523142,0.5844409826384805,-0.7609733841012233,0.877148596289042,1.819890123415867,-2.3695941712643718,1.1787569797483526,1.1197236776351929,54.74942236078513,56.16620635986328,0.20251247892156243
858,28599714,28633047,5266614,5299947,13598,13598,3.528335122305803,True,12919,13598,2.2851321691139166,0.06559850746878906,0.06559850746878906,0.3546151176357221,0.582250169093446,-0.7315961036889581,1.2512009744559685,2.054373721582944,-2.5813162279903996,1.1891475882996787,0.9869602918624878,45.82129497404642,46.25372314453125,0.23084458569064736
859,28633047,28666380,5299947,5333280,16449,16449,3.5421875988400795,True,15600,16449,3.56712282824461,0.0752744272951551,0.0752744272951551,0.4389407088884897,0.6531152723334814,-0.6170668481800792,1.5548103356526972,2.3134568182754207,-2.185766537281363,1.0399140481375595,0.9955759644508362,46.941899811506225,45.101924896240234,0.2766587748192251
860,28666380,28699713,5333280,5366613,15974,15974,4.398550271416825,True,15262,15974,3.0631101151808644,0.07588614826432416,0.07588614826432416,0.45977353713390495,0.7126298388436393,-0.5298745203714501,2.0223370165528283,3.134538171068854,-2.3306797153992562,0.9489503239379977,0.8603004217147827,52.074156594363,53.97003936767578,0.26831432804465294
861,28699713,28733046,5366613,5399946,15253,15253,3.5029104372878264,True,14098,15253,1.8767768936816847,0.06824897086454713,0.06824897086454713,0.24634018736789282,0.7241256901358338,-0.6441727229325881,0.8629076134554958,2.5365474378881943,-2.2564793545794677,1.1526774681450898,1.0823838710784912,56.34292264823436,58.992210388183594,0.24746456928551197
862,28733046,28766379,5399946,5433279,12204,12204,3.776501887906811,True,9074,12204,0.5670752354329743,0.04952302659525982,0.04952302659525982,0.2843062682524883,0.3163097229631363,-0.9050514377585666,1.0736831588005935,1.1945442659350454,-3.4179284633522378,1.4033564827631566,1.272568166255951,51.31668896473497,51.41353416442871,0.2069011190906167
863,28766379,28799712,5433279,5466612,10367,10366,1.2903389290377991,True,4237,10366,0.6914304313811981,0.033026360286129694,0.033026360286129694,-0.6327471683754106,-0.5089173948919865,0.5836386776722977,-0.8164583035990182,-0.6566759262982903,0.7530917062980513,2.3054970706476663,1.696775734424591,47.253918756694375,45.03605270385742,0.2839584187604487
864,28799712,28833045,5466612,5499945,10172,10171,0.4499044802091353,True,10171,10171,1.3916901920168505,0.045025871731821175,0.045025871731821175,0.2537047894554414,-0.07474473033935311,-0.9643894986419681,0.11414292142668746,-0.033627989051748436,-0.4338831561063056,3.149425226229914,3.5263819694519043,25.196364779233722,24.112045288085938,0.5540324975736439
865,28833045,28866378,5499945,5533278,10179,10179,1.2885908890474156,True,332,10179,0.21238477214595156,0.007104204969529938,0.007104204969529938,-0.06621952516297769,-0.1502012051933618,0.9864352854813203,-0.08532987680218872,-0.19354790453640133,1.2711115215080462,2.9997905115042034,3.568939447402954,27.3256292330023,25.387907028198242,0.5822130851447582
866,28866378,28899711,5533278,5566611,11063,11063,1.385221522896461,True,6899,11063,1.5302592614572186,0.03696633066453966,0.03696633066453966,-0.9036869154278622,-0.3813204797050714,-0.19479386702434276,-1.2518065652178947,-0.5282133356117509,-0.26983265713192567,2.290714849428829,1.6048994064331055,50.69260931545169,48.009742736816406,0.306918122805655
867,28899711,28933044,5566611,5599944,11719,11719,1.5678130044756935,True,9906,11719,1.9099458158729925,0.04925924682697889,0.04925924682697889,-0.7150482145516752,-0.2954333055685973,0.6335812598428713,-1.1210618896030322,-0.4631841784264277,0.9933369385753331,1.8330079302796034,1.3551479578018188,41.09681879065226,36.53227615356445,0.2922812830656767
868,28933044,28966377,5599944,5633277,13480,13476,1.9350194656483573,True,10670,13476,2.7885987244568025,0.05073224526832652,0.05073224526832652,-0.9651683224737729,-0.21217250171781077,0.15307821139355812,-1.8676194916181403,-0.41055792090020077,0.2962093188138383,1.542515047130059,1.2856693863868713,46.42154536582695,41.927635192871094,0.23422151105478406
869,28966377,28999710,5633277,5666610,12787,12787,2.5691779376214128,True,11949,12787,1.398731615847936,0.058891689643361264,0.058891689643361264,-0.7176547163429297,-0.4083706565565518,0.5640967248368556,-1.8437826640606538,-1.0491768811984556,1.4492648601372686,1.3947591767066618,1.0862329006195068,56.50929930384075,55.03929901123047,0.24750212067738175
870,28999710,29033043,5666610,5699943,15372,15372,2.182401368059711,True,11389,15372,2.1566988278123986,0.05167547855959062,0.05167547855959062,-0.9402755722187545,-0.3402129391052944,0.01170488567030566,-2.0520586951689563,-0.7424811837370426,0.025544758499927527,1.4517601473135653,1.2444255948066711,53.40373768931778,52.11060905456543,0.2667081141844392
871,29033043,29066376,5699943,5733276,11403,11403,1.7785916717661867,True,10317,11403,2.9349416703567774,0.0636613018099297,0.0636613018099297,-0.5924355331399908,-0.7631101746955328,0.25823051784378964,-1.0537009053029482,-1.3572614013558333,0.45928664843361855,1.0255246214706806,1.0279977321624756,46.41640713678414,43.461204528808594,0.17262323014438152
872,29066376,29099709,5733276,5766609,13065,13065,2.0532864442077177,True,12119,13065,2.770688322171707,0.06777670719130006,0.06777670719130006,-0.19436183582017327,-0.9310395792609163,-0.308850738420302,-0.3990805227615866,-1.9116909471206438,-0.6341590344830602,1.0582667784850903,1.0578548908233643,50.22291010445304,49.50418472290039,0.20168527588248253
873,29099709,29133042,5766609,5799942,15126,15126,3.3683528502069264,True,14640,15126,6.937064525203004,0.08194016246696528,0.08194016246696528,0.09544870577309574,-0.9743782152365814,-0.20365814060924836,0.3215049201397228,-3.2820496384752853,-0.6859924783897589,0.8520505455813654,0.7430899739265442,40.455126214875406,38.73190116882324,0.24965588934719563
874,29133042,29166375,5799942,5833275,16117,16117,4.202959776149846,True,15832,16117,5.813245614909242,0.09141650073370322,0.09141650073370322,-0.08269928725014437,-0.9855178918901751,0.14803821347990445,-0.34758177782902555,-4.142092058295248,0.6221986565898506,0.8473027756371365,0.7403935194015503,47.22682589576922,45.083431243896484,0.27241860004141927
875,29166375,29199708,5833275,5866608,14995,14995,2.8811508294996533,True,14449,14995,5.227249305981024,0.07813071841505069,0.07813071841505069,0.04290614355797081,-0.9564739623723583,-0.2886461885182089,0.12361907110284037,-2.7557457500875424,-0.8316332054822377,0.926090381325916,0.8529121279716492,42.563056508745106,40.10441207885742,0.24483020743355155
876,29199708,29233041,5866608,5899941,12988,12988,2.3910662598482206,True,12059,12988,3.2928360800621292,0.07052641647080027,0.07052641647080027,-0.061793021700913574,-0.9758331612632375,0.20959786221484786,-0.1477512092833474,-2.3332817471410925,0.5011623764789989,1.0660280883687967,0.9400715529918671,50.04656692310447,49.929107666015625,0.20807114010676742
877,29233041,29266374,5899941,5933274,13350,13350,2.0873032785216146,True,5695,13350,1.1178091697385835,0.04219140050092802,0.04219140050092802,-0.13054326775870526,-0.46384837901501524,0.8762437654686392,-0.272483390782401,-0.9681922422575736,1.828986484451719,1.382100241019666,1.2672847509384155,40.530335348893644,39.387115478515625,0.23498642584308982
878,29266374,29299707,5933274,5966607,10756,10756,1.987740083397778,True,2344,10756,0.3278280412240571,0.02609119719796993,0.02609119719796993,-0.2606291003750956,-0.4675642528041445,0.8446633302859619,-0.5180629097174487,-0.929396206866261,1.6789711585920417,2.138249846589369,1.7561696767807007,42.03830188763279,41.479583740234375,0.34216176019981503
879,29299707,29333040,5966607,5999940,10316,10315,0.23502212810826484,True,10315,10315,2.844308435481633,0.052077984171748505,0.052077984171748505,-0.17072062045401706,-0.8053994641126304,0.5676144580127108,-0.0401231235313437,-0.18928669603431442,0.13340195786808845,3.0527706669579415,3.6329495906829834,38.13285023702676,34.543968200683594,0.481922912877053
880,29333040,29366373,5999940,6033273,10250,10247,0.16222680539037324,True,10247,10247,6.275381232798484,0.05749176951644913,0.05749176951644913,0.9512799613478043,-0.2974678409547053,0.08111299970553959,0.1543231091624613,-0.0482572575448066,0.013158702817956263,2.8184323212000253,3.315861940383911,33.093097517941075,29.660240173339844,0.3887644000351429
881,29366373,29399706,6033273,6066606,10375,10375,2.685244179275086,True,6622,10375,0.5391870520505824,0.040228454063574955,0.040228454063574955,0.11179434103176182,0.4618868741305966,-0.8798650696637749,0.30019510353213796,1.240279040245664,-2.362652556867673,1.7967022261904126,1.4579579830169678,49.65313835787486,49.883056640625,0.22154707880690694
882,29399706,29433039,6066606,6099939,11477,11477,2.616866231791891,True,7708,11477,1.095116025818092,0.04284303226603694,0.04284303226603694,0.17725288684789833,0.5687330572758059,-0.8031961925097884,0.4638470940807244,1.488298332491484,-2.1018569936864466,1.6600677896378007,1.35432767868042,44.90657182573659,43.42731475830078,0.20400064485147595
883,29433039,29466372,6099939,6133272,12388,12388,2.86919632115895,True,9862,12388,1.053482623224163,0.04815249035147815,0.04815249035147815,0.3948774943441692,0.333022966019287,-0.8562519889385648,1.1329810540824197,0.9555082689653847,-2.456755056651175,1.7685806975288505,1.3644934296607971,45.06872557023282,42.67001533508301,0.26647289702668786
884,29466372,29499705,6133272,6166605,12562,12554,1.7857195826230483,True,10578,12554,2.3026418259994816,0.05107085675686513,0.05107085675686513,0.16473979271911093,0.8300336747371242,-0.5328272698474649,0.29417907389638825,1.482207387217726,-0.9514800899241663,1.7152131771225925,1.354957938194275,45.30879133758375,42.369991302490234,0.2506939899176359
885,29499705,29533038,6166605,6199938,11826,11820,4.793300088691707,True,9003,11820,0.4363250489611914,0.042930432008195775,0.042930432008195775,0.2648528666271081,0.09208701077657451,-0.9598817330711928,1.2695192690951644,0.44140067692312407,-4.601001196268027,1.7950591008586638,1.425661563873291,46.40983255405717,44.55769920349121,0.26736360508948565
886,29533038,29566371,6199938,6233271,11665,11665,2.531342256759882,True,7455,11665,0.6765109770422847,0.043704330691244145,0.043704330691244145,0.2751072577816385,0.5815140394111018,-0.765609181422739,0.6963906267656855,1.4720110608640258,-1.9380188731034256,1.5782010083780191,1.3339591026306152,55.55982160228953,57.35275650024414,0.22972830990329385
887,29566371,29599704,6233271,6266604,10623,10623,1.384354229891473,True,8521,10623,1.9087956974395441,0.04192092699032827,0.04192092699032827,-0.534051381887776,0.5296654449375673,-0.6589716518469905,-0.7393162894975385,0.7332445991284647,-0.912250193615185,2.009014351119419,1.5981812477111816,44.380624954976305,42.413291931152344,0.2976567759178579
888,29599704,29633037,6266604,6299937,10212,10210,2.045484377876197,True,2808,10210,0.6954061824860295,0.009620650011385143,0.009620650011385143,-0.8842369549737598,-0.026404008298599287,-0.4662915780863015,-1.8086928777489473,-0.05400898648837611,-0.9537921385156747,3.076691555385054,3.50042462348938,48.822100957483784,46.212825775146484,0.6100382627919316
889,29633037,29666370,6299937,6333270,10412,10411,2.728883781470468,True,7570,10411,0.49175579755765786,0.033784859467416176,0.033784859467416176,0.2438764797820604,-0.43376220962749096,-0.8673953009468116,0.6655105703605654,-1.1836866588693706,-2.3670209688816835,2.9055531295255252,3.4670870304107666,45.933663694055426,38.87578582763672,0.49585818173363805
890,29666370,29699703,6333270,6366603,10201,10199,1.2766517242407325,True,5595,10199,2.5480318500741643,0.02363435541753161,0.02363435541753161,-0.4674683012749229,-0.4991042805537587,-0.7296357340692096,-0.5967942128521095,-0.6371823403465872,-0.9314907179695955,3.187488393730234,3.670701265335083,25.97075989933876,25.06137466430664,0.6596379708498716
891,29699703,29733036,6366603,6399936,10295,10294,2.0982997983001956,True,8408,10294,0.836705602944102,0.03911866328608187,0.03911866328608187,-0.4778093567378308,0.19739675995819606,0.8559980944891176,-1.0025872768703334,0.41419758160597203,1.7961406290143695,2.492210370017375,1.9347537159919739,36.11147111741135,29.32213020324707,0.4162396569736302
892,29733036,29766369,6399936,6433269,11689,11689,1.906429959030753,True,6763,11689,1.2593277959280447,0.041204252547473647,0.041204252547473647,-0.9658583840107374,-0.25471084658637255,0.04732828602463077,-1.8413413594677455,-0.4855883888246267,0.09022806238735626,1.7992661507327827,1.4282504320144653,53.58873229981774,52.452640533447266,0.2456267550587654
893,29766369,29799702,6433269,6466602,11569,11569,1.2545272987623506,True,6270,11569,2.766575920298745,0.039754437007596684,0.039754437007596684,-0.7428906462490847,0.6625198801325696,-0.09581699294805565,-0.9319765957180062,0.831149275602034,-0.12020503333908429,1.7626563955192738,1.4062690734863281,41.074734593913306,40.163795471191406,0.280279734171927
894,29799702,29833035,6466602,6499935,11670,11665,1.7395137114209833,True,6228,11665,1.0604364373680961,0.04140535446163084,0.04140535446163084,-0.4050576598212754,0.038752644469149604,-0.9134694985394,-0.7046033531769441,0.06741075640807467,-1.5889927176780585,1.7788229976063659,1.3524149656295776,38.048323845076446,35.176456451416016,0.2649266836233437
895,29833035,29866368,6499935,6533268,11393,11385,1.108980150769543,True,5393,11385,2.3849365716186712,0.03928929926217751,0.03928929926217751,-0.4743235518269309,0.5356885882154399,-0.6986092646325951,-0.5260154040205577,0.5940680113269213,-0.774743807624175,1.8040864204800555,1.3749194145202637,34.92044219920444,32.93312072753906,0.24162987479940057
896,29866368,29899701,6533268,6566601,11404,11404,2.132368563631309,True,6779,11404,0.5576665463285179,0.039651705078174726,0.039651705078174726,-0.42246314453639355,0.009297548410807372,0.9063324153411477,-0.9008471287039709,0.01982579995008406,1.9326347506772208,1.8235443455485367,1.4758842587471008,38.83849972802185,35.144290924072266,0.2713264678604901
897,29899701,29933034,6566601,6599934,11898,11892,0.6798665953765824,True,4909,11892,1.464969212807473,0.04033028284780533,0.04033028284780533,-0.7989764093544317,0.23223761427709294,-0.5547092822366712,-0.5431973712168453,0.15789059613777304,-0.3771283111400059,1.9314398093829546,1.4486772418022156,44.64202051310278,40.224273681640625,0.3275617533363402
898,29933034,29966367,6599934,6633267,13371,13371,1.789057879734837,True,4040,13371,0.10103627864062562,0.03804497446948523,0.03804497446948523,0.0008869261388476026,-0.21110627687267802,-0.9774627119333952,0.0015867621974534872,-0.37768134810183157,-1.7487373669373636,1.7098510617093694,1.4158695936203003,45.86904710671654,42.43239974975586,0.27997392509132624
899,29966367,29999700,6633267,6666600,11543,11543,1.4217157271157805,True,7688,11543,3.4720310362905162,0.038703440549625545,0.038703440549625545,-0.9959007656867329,-0.08870753608942977,0.01768157062877761,-1.4158877812274555,-0.12611689917238747,0.025138167043112242,1.6767262069476645,1.4538536071777344,35.71355391816912,31.588787078857422,0.2883229637518525
900,29999700,30033033,6666600,6699933,11927,11927,1.4695068785298322,True,7315,11927,2.0578671304742313,0.04198997491702806,0.04198997491702806,-0.7408234003037202,-0.481568283644621,0.46826560597973893,-1.0886450825256793,-0.7076679052998531,0.6881195289683807,1.704750467868825,1.4060784578323364,41.236867799596595,37.84065246582031,0.26097703631967306
901,30033033,30066366,6699933,6733266,11301,11301,1.9313131402461177,True,4819,11301,0.6172599136018272,0.03647987323751739,0.03647987323751739,-0.16948498446160687,0.4081749025498043,-0.8970329363879602,-0.32732857756604333,0.7883135528153624,-1.7324514972845653,1.7294767354566924,1.4447970390319824,47.894989417048855,44.37667465209961,0.2794455708935857
902,30066366,30099699,6733266,6766599,11196,11196,1.4255088809798522,True,8917,11196,1.477850840595628,0.041511771562151266,0.041511771562151266,-0.2215967329590498,-0.521514697418277,-0.8239643853432149,-0.31588811082996904,-0.7434238327329755,-1.1745685489205457,2.056823526805406,1.5488739609718323,39.371292416646504,33.907440185546875,0.43530928064137697
903,30099699,30133032,6766599,6799932,10301,10301,1.8286799009609822,True,3257,10301,1.0915156661408019,0.011730341059454759,0.011730341059454759,0.7610175024039036,-0.5136294205747172,-0.39627916844398453,1.3916574109341373,-0.9392637979530201,-0.7246677505075204,2.5932310474357063,3.1575064659118652,38.99572594537745,36.99113464355469,0.5435751788318157
904,30133032,30166365,6799932,6833265,10490,10490,3.695101798201747,True,4964,10490,0.17495121975365333,0.027915723050347042,0.027915723050347042,-0.1057860351528084,-0.30099656527710755,-0.9477396174333764,-0.39089016871880555,-1.1122129496109203,-3.501994364614333,2.4602960227666384,2.677732825279236,46.236380102523064,43.22500228881836,0.40423065098002553
905,30166365,30199698,6833265,6866598,10178,10177,1.4764987437476125,True,6515,10177,1.6788777845956124,0.02838552230516121,0.02838552230516121,0.36468578440702637,-0.1697485515802837,0.915527011007429,0.5384581025405646,-0.2506335231617207,1.3517744816219295,3.1026445091990764,3.5872626304626465,30.272976383615173,26.31029510498047,0.54685303196311
906,30199698,30233031,6866598,6899931,10188,10188,1.4133931069525805,True,6821,10188,1.5590805888950334,0.03013292161815147,0.03013292161815147,0.7256810424791161,-0.15529601482314337,0.6702761911041589,1.0256725832889015,-0.21949431688882642,0.9473637482635945,2.710224406768849,3.4570916891098022,40.12614508034624,38.541080474853516,0.5156624019145966
907,30233031,30266364,6899931,6933264,10429,10429,1.3529364235319994,True,9448,10429,3.700346801712251,0.05273634030864805,0.05273634030864805,0.9333586570641168,-0.025343250815066484,-0.3580493498365646,1.2627749233629806,-0.03428780711846545,-0.48441800681661595,1.6002780217544743,1.3484790325164795,38.599656923743794,36.05033874511719,0.21140846516937017
908,30266364,30299697,6933264,6966597,12023,12023,3.478470791517708,True,11452,12023,1.897485351981111,0.06633107409166883,0.06633107409166883,0.681044078146157,0.0974666921387536,-0.7257266755077177,2.3689919335699936,0.33903504175085836,-2.524419043381492,1.1310724481313759,1.0020637512207031,44.97232524926082,43.236610412597656,0.19139239005744457
909,30299697,30333030,6966597,6999930,12424,12424,3.4658528872080985,True,10957,12424,1.262458116371255,0.056873586135547834,0.056873586135547834,0.5702473762257863,0.002569760029117517,-0.8214690050384363,1.9763935153171193,0.008906410216358535,-2.8470907228675046,1.2667740873390652,1.1011170744895935,43.04108143727855,39.25593948364258,0.21568924887105823
910,30333030,30366363,6999930,7033263,12356,12356,4.6274202439710015,True,11809,12356,1.0761037606633153,0.05931994634704644,0.05931994634704644,0.5383403291150365,-0.003862803964962017,-0.8427186771349862,2.4911269370950504,-0.0178748172659719,-3.899613466550215,1.343888708308477,1.1390278935432434,49.16762091465929,45.76833724975586,0.2335530612617731
911,30366363,30399696,7033263,7066596,12182,12182,4.891045492883283,True,9928,12182,0.6257208799890879,0.053248631296401595,0.053248631296401595,0.3443401855506024,0.10332789346118,-0.9331415664549834,1.684183512557376,0.5053814276028812,-4.5640378528357815,1.2028880286379813,1.10715913772583,47.76404214754732,48.07796669006348,0.19151747785508633
912,30399696,30433029,7066596,7099929,12043,12043,3.6492159571964455,True,11253,12043,1.2426582369627868,0.059937895136034744,0.059937895136034744,0.5765855128093426,-0.037697986860502346,-0.8161666546747958,2.1040850540342584,-0.13756809520566504,-2.9783683799738925,1.3848618881653274,1.1386542320251465,48.33687394023446,47.7174186706543,0.21459554880857468
913,30433029,30466362,7099929,7133262,11277,11277,3.1061419135936768,True,5108,11277,0.3807171035538733,0.0383350905358953,0.0383350905358953,0.219666836855502,0.1671359029726477,-0.9611514296514513,0.6823163689842334,0.5191478334902867,-2.9854727409544206,1.595199616464346,1.3749041557312012,47.292133131887276,47.56476974487305,0.1929081231355667
914,30466362,30499695,7133262,7166595,10261,10261,3.1529650707859913,True,5910,10261,0.2769613112695247,0.0318559690271513,0.0318559690271513,0.237245592096981,0.06862389294178582,-0.9690228533658671,0.7480270650807471,0.21636873746710453,-3.0552952094601413,2.3714005290505664,2.1687815189361572,40.06067672025366,38.45737075805664,0.3193366820923984
915,30499695,30533028,7166595,7199928,10240,10239,1.1876801196519107,True,4010,10239,2.985290055188159,0.020086093143925954,0.020086093143925954,0.7582869221785923,-0.08029410987985112,0.6469573398334637,0.9006023024667594,-0.09536371802978513,0.7683783707858286,2.7410625563344806,3.260986566543579,30.758109294736,24.803436279296875,0.3577218521386385
916,30533028,30566361,7199928,7233261,10442,10442,1.4431764079242866,True,6010,10442,0.7940498744585041,0.03724903393566575,0.03724903393566575,-0.18084501558732471,0.7512442624050895,0.6347654200831016,-0.26099125998728956,1.0841779960955062,0.9160784788334603,2.0791295423933027,1.5738826394081116,48.36275917130671,46.95306396484375,0.23540777200832963
917,30566361,30599694,7233261,7266594,11170,11170,3.0930549581446596,True,7944,11170,0.6484792374894603,0.0452163077262982,0.0452163077262982,0.27123181131653074,0.2902868881358332,-0.9176964787461879,0.8389348988005011,0.8978732986343667,-2.8384856436623553,1.5106724911100076,1.3773233294487,49.057375188672125,49.33095932006836,0.19114854792132974
918,30599694,30633027,7266594,7299927,10593,10593,0.9314966221825307,True,5918,10593,1.4990729997271053,0.03913161336878071,0.03913161336878071,-0.01879745266285025,0.7112305479670056,-0.7027074522187196,-0.01750976366115296,0.6625088530270179,-0.6545696181269186,1.9814564352184267,1.5358818769454956,41.39429064984476,40.072383880615234,0.23253374500200152
919,30633027,30666360,7299927,7333260,10327,10326,0.4459359989886382,True,4699,10326,0.3965532299942489,0.0330793503581363,0.0330793503581363,0.08348041934120896,0.42565446532078355,0.9010268007708266,0.03722692419550405,0.18981464921981472,0.4018002865236605,2.47806515013855,2.0223225355148315,33.879595587518175,30.131013870239258,0.3100952389650047
920,30666360,30699693,7333260,7366593,10911,10911,0.7771351256961178,True,5909,10911,0.3970404023700852,0.03861216312877587,0.03861216312877587,-0.2489914456383816,0.13293640196763015,0.9593389250013623,-0.19349999840421964,0.1033095474531192,0.7455359760691093,1.9649752267054144,1.6213163137435913,28.00625302013474,22.705501556396484,0.2652409407310188
921,30699693,30733026,7366593,7399926,10713,10713,1.622950991424854,True,4824,10713,0.6296108153049305,0.034828959187499633,0.034828959187499633,0.15286790428452068,-0.02202746608654119,-0.9880011106131339,0.24809711681618296,-0.03574949792381301,-1.603477382002194,2.035863609600617,1.5764122009277344,26.90775894502248,22.02617835998535,0.2378808381035924
922,30733026,30766359,7399926,7433259,10222,10222,2.1412627996833455,True,3411,10222,0.41648393539291007,0.026117660051182986,0.026117660051182986,0.007806465377436195,0.03214537170967318,-0.9994527173273494,0.016715693909744665,0.06883168862401763,-2.1400909236586285,2.4290581355186633,2.7936129570007324,30.91775380503849,21.493101119995117,0.3389684371650219
923,30766359,30799692,7433259,7466592,10301,10301,1.6159171657834057,True,2170,10301,0.9069256979007019,0.019256058132759275,0.019256058132759275,-0.2439062142950814,-0.17342388238077902,0.9541666079063102,-0.39413223852161094,-0.2802386284965736,1.54185420073682,2.3618226205963926,1.9584659337997437,25.860483789568953,20.337221145629883,0.2955044489353895
924,30799692,30833025,7466592,7499925,10308,10308,0.3891889046051049,True,10308,10308,0.9839779370613816,0.04821629599059263,0.04821629599059263,-0.16852843177493637,-0.13136680523416674,-0.9769037466190906,-0.06558939575755396,-0.05112650303075264,-0.3802000990527578,2.7108019193953146,3.127322793006897,36.28947086226908,31.108661651611328,0.36517853615805507
925,30833025,30866358,7499925,7533258,10258,10257,1.1873596944942486,True,1812,10257,1.3698479226970224,0.015207707029722767,0.015207707029722767,0.2682896277495782,0.8437233430415751,0.46492106430791236,0.3185562904425528,1.0018030908372908,0.5520285328837687,2.761319732770452,2.502021074295044,31.677534442205022,25.55621337890625,0.31989178946241736
926,30866358,30899691,7533258,7566591,10654,10653,1.561546090443896,True,5814,10653,0.4682445176988911,0.03793944926905491,0.03793944926905491,-0.25169546709898494,0.1659344628803984,-0.9534752990313474,-0.3930340726323441,0.2591143117817656,-1.4888956255428087,2.231682307621742,1.6006582975387573,44.16161436404822,40.43993377685547,0.2573991040699184
927,30899691,30933024,7566591,7599924,10362,10362,0.7255939554792177,True,8865,10362,4.384870927237998,0.04286757442202421,0.04286757442202421,0.10921996028636324,0.5182710850438689,-0.8482134652780795,0.07924934300160201,0.37605436660813524,-0.6154585633629169,2.3938662453880473,1.8237570524215698,25.523228584949262,20.40381622314453,0.2880857801064849
928,30933024,30966357,7599924,7633257,11013,11013,0.9034119952901579,True,4191,11013,0.7930299196224372,0.035255447164801,0.035255447164801,-0.6659079750225263,-0.19633429258865895,-0.7197356558698865,-0.6015892524021448,-0.17737075501358845,-0.6502178249588997,2.1902898708711045,1.6986652612686157,43.60241526997967,40.51807403564453,0.2672779727727175
929,30966357,30999690,7633257,7666590,10920,10920,0.8558184357093691,True,5758,10920,1.6975172094713733,0.03228459437122773,0.03228459437122773,0.6491037883794345,-0.7416613874311037,-0.16912320448789078,0.5555149887864083,-0.6347274884201786,-0.14473875630763258,2.3003692686262682,2.2071945667266846,37.77391448090801,36.162818908691406,0.35063972929492593
930,30999690,31033023,7666590,7699923,12357,12353,1.192633925661979,True,6934,12353,3.5411369639573005,0.03849346908499271,0.03849346908499271,-0.5076472849148375,0.8240779909575594,0.25137561323687935,-0.6054373742619675,0.9828233694111491,0.29979908443154535,2.094508750718981,1.5110342502593994,38.9526112483193,36.585121154785156,0.24433895898982882
931,31033023,31066356,7699923,7733256,11132,11132,1.0793214025762485,True,7599,11132,3.4635178553607586,0.039482834359715474,0.039482834359715474,0.362089880901201,-0.8829064778052396,0.29894325479968586,0.3908113581145671,-0.9529398579723471,0.32265585306244005,1.7715719235198257,1.477515161037445,37.76152391036209,36.12514877319336,0.2335146446712315
932,31066356,31099689,7733256,7766589,11779,11779,2.953593656772278,True,7846,11779,0.5565541600171737,0.041916782184382134,0.041916782184382134,0.14441903253724134,0.3395812288253779,0.9294233330751867,0.426555138420436,1.0029849634205126,2.745138861035069,1.7702776681508776,1.447162389755249,44.18179548716786,43.12493896484375,0.23144932510331273
933,31099689,31133022,7766589,7799922,10195,10195,1.279201824914938,True,8646,10195,2.1021708858595805,0.03582768778534089,0.03582768778534089,-0.6347685512781814,0.6706065835079795,-0.38386937421297235,-0.8119970891958108,0.8578411654256504,-0.4910464040234895,2.6711559101997664,3.3159115314483643,47.67546480617551,46.817325592041016,0.43676031194627285
934,31133022,31166355,7799922,7833255,10237,10237,0.7436575955591557,True,8143,10237,5.08689949291993,0.034330367776483885,0.034330367776483885,0.7326107605324131,-0.01219455501361889,0.6805385855157863,0.5448115566594733,-0.009068573460361223,0.5060876881909895,2.675527596724133,3.5359983444213867,29.868604729251725,29.518962860107422,0.4583918498829007
935,31166355,31199688,7833255,7866588,10836,10836,4.847178985465214,True,7438,10836,0.2314811919554753,0.036825944831686,0.036825944831686,0.07647486231553853,-0.11482902967549231,-0.990437221319866,0.3706873455325552,-0.5565968595649051,-4.8008264856085034,2.0597078065591945,1.5251807570457458,39.033565415100405,34.866355895996094,0.27332543581724167
936,31199688,31233021,7866588,7899921,10985,10985,2.0261347646439574,True,6921,10985,0.6124894718512809,0.041555693451083134,0.041555693451083134,0.2290159989662117,0.13144669681316198,-0.9645068367366604,0.4640172771657227,0.2663287221111155,-1.9542208326515182,1.7957622959415658,1.4497274160385132,38.878379594145656,36.460391998291016,0.26442575408145785
937,31233021,31266354,7899921,7933254,11975,11975,2.0358579217873785,True,9385,11975,1.8412254476864134,0.051629696094827794,0.051629696094827794,0.21889938394527791,0.24423859493701633,-0.9446854335963427,0.44564804487991905,0.497235078309355,-1.9232453235866243,1.4810430384609685,1.258533239364624,32.78788435472078,30.015623092651367,0.26684616319835186
938,31266354,31299687,7933254,7966587,13959,13955,1.8272397744685123,True,9576,13955,2.1767169650556015,0.046687350980709585,0.046687350980709585,0.6774388561970065,0.14502462109000394,-0.7211410786994839,1.2378432228163094,0.2649947559334549,-1.3176976620056822,1.6359130411195615,1.3390685319900513,42.10859312278231,41.12261199951172,0.27071078680455685
939,31299687,31333020,7966587,7999920,14267,14259,1.9800873436558546,True,12602,14259,1.7003192849045448,0.06270344888578658,0.06270344888578658,0.15284821027442783,0.23910619655746704,-0.9588877157319513,0.3026528066651591,0.4734511535936235,-1.8986814299098909,1.6784614845462504,1.3046090602874756,36.97877146707978,34.389801025390625,0.28952805791050196
940,31333020,31366353,7999920,8033253,14724,14724,0.9764455615565666,True,11767,14724,9.264408814676234,0.06358659969049031,0.06358659969049031,-0.03458987074362357,0.8184690148468353,-0.5735085113346567,-0.03377512576249912,0.7991904368204847,-0.5599998404088423,1.2693744983036221,1.1325197219848633,30.09926442729491,24.591153144836426,0.2621569777838886
941,31366353,31399686,8033253,8066586,14579,14579,0.5810930134047095,True,11380,14579,11.685227539451212,0.06189380581553126,0.06189380581553126,-0.3997297900124423,0.7156250382450595,-0.5727974333112188,-0.23228018822659433,0.4158447099428144,-0.3328485865942056,1.2668608649100035,1.1568502187728882,26.89776724350862,22.970256805419922,0.2459831889718771
942,31399686,31433019,8066586,8099919,15532,15532,1.413916696521629,True,13521,15532,5.757501245591434,0.06971017781533172,0.06971017781533172,-0.2978765878301023,0.7121070469230989,0.6357460909374555,-0.4211726810364845,1.0068600433567423,0.898892012726131,1.163811147760476,1.0384291410446167,31.074623192090396,26.379060745239258,0.27263260213658214
943,31433019,31466352,8099919,8133252,15236,15236,1.3252974512866322,True,13352,15236,12.277439152747174,0.07470722453677356,0.07470722453677356,-0.7977834113062839,0.551408834017384,0.2439055686302311,-1.0573003216846972,0.7307807223413644,0.3232474284607892,1.0836274226020495,0.9655454158782959,32.1845160112759,26.7716064453125,0.2682012249715626
944,31466352,31499685,8133252,8166585,13791,13791,0.8684954461705618,True,12449,13791,21.585348946520707,0.0737578653288978,0.0737578653288978,-0.7941767576878045,0.6074774437993142,-0.015950950444232972,-0.6897388975075541,0.5275913935919513,-0.013853327822932622,1.1903810607569312,0.9508719444274902,25.15420557812778,19.072948455810547,0.2985330675728619
945,31499685,31533018,8166585,8199918,13603,13603,1.6398364445674358,True,11331,13603,2.950240609755633,0.0708593889753442,0.0708593889753442,-0.06532061024859544,0.18443778667745317,-0.9806711582987201,-0.10711511726720978,0.3024478043495441,-1.608140305517072,1.2853936528675625,1.0570818185806274,28.272902443769496,21.799013137817383,0.3488718830049038
946,31533018,31566351,8199918,8233251,13872,13872,1.5227568323817064,True,9139,13872,2.06955954640591,0.05341318327174161,0.05341318327174161,0.25984612577482397,-0.4664096058386672,-0.8455424711369909,0.395682463392476,-0.7102284139809881,-1.2875555749958447,1.3652865341734282,1.2338100671768188,29.401889638229775,27.40438461303711,0.2596498648636043
947,31566351,31599684,8233251,8266584,13777,13777,0.6268797800703308,True,10772,13777,9.724380456029202,0.04964254095816176,0.04964254095816176,0.3964367654202076,-0.8578149487926585,0.3270954060277612,0.2485181923192265,-0.5377468464419439,0.20504949619336965,1.8465410564935723,1.43984055519104,29.139845334800846,24.153478622436523,0.4014874743297696
948,31599684,31633017,8266584,8299917,15826,15826,1.1149388858370624,True,12620,15826,7.665056762047046,0.05691130039275743,0.05691130039275743,0.9045314931536191,-0.219625830137322,-0.3654959269613837,1.008497335183457,-0.2448693783548863,-0.40750562158520914,1.469065540547391,1.246814787387848,34.638386276237405,34.13484764099121,0.35582158900797367
949,31633017,31666350,8299917,8333250,16486,16486,1.766587734977868,True,14901,16486,14.052067273337018,0.0742349777542397,0.0742349777542397,0.3873580683664318,-0.8038210836731949,-0.4514702562863722,0.6843020126217446,-1.420020467535527,-0.7975618174638547,1.1822886951771625,0.9584446251392365,28.01240599070101,25.559287071228027,0.3570524579845369
950,31666350,31699683,8333250,8366583,16766,16766,2.498379465751977,True,15689,16766,15.149967988209411,0.08689658851656645,0.08689658851656645,0.6275696501519117,-0.6172361346501408,-0.47452701534085867,1.567907127270301,-1.54209008433162,-1.185548551073394,0.9306359457141596,0.7227416932582855,29.31915477237112,23.751611709594727,0.30931546073406935
951,31699683,31733016,8366583,8399916,17606,17606,2.8843165932454795,True,16556,17606,7.821857976900413,0.08604778820430067,0.08604778820430067,0.711686319033699,-0.37464259947515366,-0.5942604697912159,2.0527286591770415,-1.0805878662040416,-1.7140353337306182,0.895750667268853,0.8121597468852997,34.91747274125799,32.07120132446289,0.3152580107562244
952,31733016,31766349,8399916,8433249,17921,17921,2.7415417685688626,True,15993,17921,8.019186244614101,0.07338253666318559,0.07338253666318559,0.6698886010971762,-0.2801355912791775,-0.6875851311775487,1.8365275801981737,-0.7680034243554785,-1.885043356572306,0.9197698431126418,0.8418141007423401,33.09174018536526,29.85723304748535,0.32435926236212254
953,31766349,31799682,8433249,8466582,15558,15558,2.5840996542401715,True,13838,15558,6.78109352453612,0.06840173840335775,0.06840173840335775,0.6755971268976406,-0.19896569077916726,-0.7099163162079408,1.7458103020237399,-0.5141471727486606,-1.8344945072543857,1.0068867376848067,0.915267676115036,32.48106603086692,29.877309799194336,0.26929874904453754
954,31799682,31833015,8466582,8499915,13820,13820,2.438926371898803,True,11983,13820,3.4758181369596244,0.06129089319525765,0.06129089319525765,0.49827162028901817,-0.3764211485518736,-0.7810457805630161,1.2152477950929417,-0.9180634661445901,-1.9049131518774767,1.156570304270585,1.0352147221565247,34.701244995390454,32.53126335144043,0.26960466988384724
955,31833015,31866348,8499915,8533248,12713,12713,1.128769340445773,True,9698,12713,5.228994193951115,0.05658555694539346,0.05658555694539346,0.925913385120685,-0.3777264416232413,0.002671805907001608,1.0451426410358253,-0.42636602638131527,0.0030158525914546646,1.2404523964313159,1.1014522314071655,37.031427341639116,36.595890045166016,0.2469700239598751
956,31866348,31899681,8533248,8566581,10670,10670,1.3743671926462226,True,9860,10670,2.666792681968704,0.051105319534360545,0.051105319534360545,0.865912661875805,-0.14490727857858035,-0.47874538390848626,1.1900819541817003,-0.19915580965448812,-0.6579719492760997,1.9012120773094936,1.482030212879181,46.10681795354412,41.44886016845703,0.3426070106215775
957,31899681,31933014,8566581,8599914,10298,10298,1.637617776450812,True,8055,10298,3.567927347391955,0.02096636038029025,0.02096636038029025,0.8948048524407013,0.42199566310087766,0.1457529978067566,1.4653483328135133,0.6910675994801712,0.23868770017969512,2.6621676907201066,3.403793692588806,41.49977721879033,45.0747127532959,0.8459826800972223
958,31933014,31966347,8599914,8633247,10869,10869,2.428535189969259,True,7155,10869,0.6328198296528971,0.03667547458373052,0.03667547458373052,0.3721810727805987,-0.14389461621350685,-0.9169381595753894,0.9038548322896166,-0.3494531391221725,-2.2268165875579857,2.001305380010972,1.5938239097595215,37.12297016962964,33.48481750488281,0.4631333239376545
959,31966347,31999680,8633247,8666580,12428,12428,3.210139571050078,True,9141,12428,0.4828447409384747,0.04646901771790613,0.04646901771790613,0.1427129495771685,0.21052409351408352,-0.9671156187700545,0.4581284867398761,0.6758117232503829,-3.1045761176006557,1.6713895827043896,1.372694194316864,49.41400291162324,45.739864349365234,0.36995861819013953
960,31999680,32033013,8666580,8699913,11315,11315,1.1437499253581933,True,8315,11315,3.6200221444055294,0.04448298499545113,0.04448298499545113,-0.7253718524775177,0.6506856602141837,0.22459707748665464,-0.8296440021320027,0.7442216753051246,0.2568828906122395,1.687737059191699,1.4465885162353516,39.9335315019959,35.54508972167969,0.2952369749546051
961,32033013,32066346,8699913,8733246,11340,11340,2.95837248985422,True,9464,11340,0.9309907336181177,0.04407214879935675,0.04407214879935675,0.41263729003607635,0.21461496848941689,-0.8852518749878179,1.2207348071322648,0.634911018690822,-2.6189047935591305,1.765290209302045,1.4494593739509583,47.591622980141345,44.66666030883789,0.3585785278119147
962,32066346,32099679,8733246,8766579,12469,12469,2.4421375790074236,True,8795,12469,1.2019515356776052,0.042875550907137565,0.042875550907137565,0.22121732013933332,0.5631770717490657,-0.7961749073669465,0.5402431306411358,1.3753558905577101,-1.944368660749168,1.7045006501554376,1.4186724424362183,48.650858412309795,47.86319351196289,0.36209018900990486
963,32099679,32133012,8766579,8799912,11333,11333,2.0856482290359666,True,7508,11333,0.5593590053874087,0.04215990014038388,0.04215990014038388,0.13286092359828322,0.12501591753279007,-0.9832186915124419,0.2771011500114806,0.2607392270041707,-2.050648322712709,1.889232336464322,1.4924070835113525,36.29017994265622,32.98738098144531,0.6136988238431513
964,32133012,32166345,8799912,8833245,11207,11207,3.5064360770502003,True,5682,11207,0.17144718328187825,0.03529490487779413,0.03529490487779413,0.07694401249511308,0.1128116700719078,-0.9906326998604577,0.26979926132639465,0.3955669098531971,-3.473590237903159,2.0507512783230797,1.5474467277526855,49.19310478335711,47.184974670410156,0.6690163291059434
965,32166345,32199678,8833245,8866578,11446,11446,3.6842262314061744,True,7038,11446,0.30846521450825326,0.03914060479759819,0.03914060479759819,0.030155145685963596,0.15215033897777802,-0.9878972322738101,0.11109837874828798,0.5605562699802105,-3.6396368970828283,1.9984941995289667,1.5184101462364197,43.61699783879103,41.03070068359375,0.49895584397017956
966,32199678,32233011,8866578,8899911,10864,10864,-0.4062402960620844,True,5249,10864,0.3537866879567704,0.03267302269680403,0.03267302269680403,0.2946047407934555,0.3085895694321199,-0.9044227575228893,-0.11968031712208947,-0.12536151804867895,0.367412968784033,2.341809992251207,2.424207091331482,42.793705648982645,37.55056953430176,0.6657459489069879
967,32233011,32266344,8899911,8933244,11481,11481,2.181101163343534,True,8183,11481,1.127986407131615,0.03805063791571602,0.03805063791571602,0.6484199499062815,0.07827732452282535,-0.7572477989562589,1.4142695070792717,0.1707307635805793,-1.6516340552469437,2.0570110641261707,1.5719362497329712,45.61438928465739,40.92283248901367,0.39316569920629263
968,32266344,32299677,8933244,8966577,11086,11086,2.8310227077979646,True,6411,11086,0.5257394513333443,0.03130530147163084,0.03130530147163084,0.40651508640755624,-0.2903614259416805,-0.8662769342678575,1.1508534406843456,-0.8220197903109961,-2.452449672158389,2.01970235917273,1.7303489446640015,44.67048686638477,40.99677276611328,0.5489331218414009
969,32299677,32333010,8966577,8999910,12154,12154,1.4014896399362122,True,5063,12154,0.5636588263489575,0.03783328417950913,0.03783328417950913,-0.3119669343789117,0.26381550627290684,-0.9127310723829414,-0.4372184265370833,0.36973469889801697,-1.2791831419995199,1.8985467085496641,1.4900972843170166,40.37053154965304,38.0572395324707,0.287499011028558
970,32333010,32366343,8999910,9033243,11771,11771,2.238435692581862,True,10176,11771,1.3156433850404525,0.048176873901598694,0.048176873901598694,0.6352180465358201,0.10307445404221038,-0.7654238631480775,1.4218947479397472,0.23072553692177128,-1.71335209522677,1.6708977086745345,1.316088080406189,46.877300051963886,44.205936431884766,0.22840454569086432
971,32366343,32399676,9033243,9066576,12183,12183,1.5934555863043076,True,5682,12183,2.2011471255776054,0.03836983847264695,0.03836983847264695,0.3416863871849433,-0.8328184309193315,0.4355041606282432,0.544462082426449,-1.327059181131604,0.6939565376149839,1.4886065605810128,1.3120695352554321,41.82352350287119,39.891334533691406,0.19760823715478182
972,32399676,32433009,9066576,9099909,10911,10911,1.7005025946072185,True,6660,10911,1.458199281885006,0.038893136064117935,0.038893136064117935,0.44947887022888733,-0.2553550756889966,0.8560154966664183,0.7643399850470926,-0.43423196875625475,1.455656573108561,1.644416973122668,1.4014174938201904,40.08987238295475,38.233856201171875,0.2166886767372489
973,32433009,32466342,9099909,9133242,12994,12994,0.9201868501547849,True,3004,12994,0.40709659942136217,0.03597142592130844,0.03597142592130844,0.4314567260845022,-0.00720693868329187,-0.9021048462028386,0.3970208057555033,-0.006631730206265571,-0.8301050169403308,1.6625555309256155,1.4117535948753357,34.20117328033753,31.026193618774414,0.22677457192912698
974,32466342,32499675,9133242,9166575,11333,11333,0.6180627853964812,True,4651,11333,0.1126551068417092,0.03586684849034001,0.03586684849034001,0.271552960885708,-0.10341389331060775,-0.9568513761817458,0.1678367793879884,-0.0639162789483653,-0.5913942267744243,1.9815715223793715,1.5339020490646362,49.260347045720714,50.32896041870117,0.3131009479984641
975,32499675,32533008,9166575,9199908,12421,12421,2.398151755706801,True,5423,12421,0.5449961268578107,0.03763649882091157,0.03763649882091157,0.44742079567388426,0.3009128274352173,-0.8421793763063558,1.0729829666892061,0.7216346254312529,-2.019673949916951,1.799438843632372,1.4207837581634521,47.56607280888138,47.40036392211914,0.2689613248221576
976,32533008,32566341,9199908,9233241,11025,11025,1.4076421629874225,True,9010,11025,2.344452827434404,0.04455587024316164,0.04455587024316164,0.7948039259091012,-0.3053304994018656,-0.5244616339541165,1.1187995174201923,-0.4297960846050747,-0.7382543088248127,1.855276704433241,1.4602988958358765,40.86379101950025,38.33572769165039,0.27507105888798833
977,32566341,32599674,9233241,9266574,10488,10488,4.453134072221023,True,1406,10488,0.059843756583877195,0.020301306824443588,0.020301306824443588,-0.027613736927961385,0.02216204947916879,0.999372965958274,-0.12296767277571502,0.09869057764630575,4.450341805582101,2.3289700685568726,1.7685312032699585,39.40339666700472,34.8792839050293,0.2903626528568566
978,32599674,32633007,9266574,9299907,10419,10419,2.471561907545574,True,631,10419,0.115843754768136,0.010801745975626753,0.010801745975626753,0.09762159831017746,-0.09999439430369561,0.9901874290484396,0.241277823737831,-0.24714233592980372,2.4473095309735164,2.5293115919141425,3.156433343887329,41.672252714342186,36.74586486816406,0.38221770571544766
979,32633007,32666340,9299907,9333240,10200,10200,1.24108852100315,True,625,10200,0.44500830013173065,0.006329712916174601,0.006329712916174601,0.13880085444808632,0.672167560103208,-0.7272723657198942,0.1722641471617732,0.834219443038778,-0.9026093847420844,2.778788345349843,3.46174693107605,37.722952153448965,30.993013381958008,0.4466779502108693
980,32666340,32699673,9333240,9366573,10232,10232,1.9848497808714403,True,198,10232,0.05064093565231121,0.008133503301859097,0.008133503301859097,0.13717593905223865,0.6437627173623259,0.752829546093564,0.2722736325697548,1.2777722884949068,1.4942535596033102,2.723352785109003,3.4094254970550537,39.966736713361705,32.741615295410156,0.40471611078828573
981,32699673,32733006,9366573,9399906,10134,10134,1.0586507168157961,True,6950,10134,4.936234218405499,0.021286249547500663,0.021286249547500663,-0.8017528587397746,-0.39743683554557574,0.44635895336534975,-0.8487762386159738,-0.42074679084031574,0.47253822593848827,3.233014277807353,3.6621023416519165,24.016516633256785,23.144485473632812,0.6097035771235824
982,32733006,32766339,9399906,9433239,10152,10150,0.31728369100062764,True,10150,10150,2.692747845207746,0.04113553832346533,0.04113553832346533,0.45877976544189797,0.8518738083708893,-0.2526502353507025,0.1455633373365346,0.2702856661880271,-0.08016179920464853,3.49430042208544,3.848239779472351,45.14480910164969,40.98889923095703,0.5773202059790492
983,32766339,32799672,9433239,9466572,10183,10183,1.7775741772993163,True,1889,10183,0.5301431615187305,0.01289124425196335,0.01289124425196335,-0.2868487641424197,-0.14073775150360057,-0.9475814855764451,-0.5098949559309128,-0.2501717928445206,-1.6843963796513315,2.809042923120162,3.361948251724243,28.27095097267685,25.789810180664062,0.4919153698720038
984,32799672,32833005,9466572,9499905,10560,10558,1.7760910149125657,True,7580,10558,1.4789307610708338,0.03824868610063716,0.03824868610063716,-0.7635743803443255,-0.10671647844907005,0.6368404501159526,-1.3561775961505935,-0.1895381785170079,1.131086601386826,2.3187751546675446,1.6398499608039856,41.45226094216464,39.628875732421875,0.2577216331847012
985,32833005,32866338,9499905,9533238,10494,10494,3.0650556467114773,True,8668,10494,0.5465212563824062,0.03669399645972903,0.03669399645972903,-0.3948187638393723,-0.05021570522809042,0.917385702235789,-1.2101414815348106,-0.15391393086312258,2.811838226853193,2.2629016187214703,1.9622164964675903,39.487199551949665,35.15456962585449,0.31039175298064947
986,32866338,32899671,9533238,9566571,10715,10715,3.966187933364554,True,5929,10715,0.1322557583601801,0.03819342778416502,0.03819342778416502,-0.14732193247501554,-0.014460796385913141,0.9889828783025864,-0.5843064709035357,-0.057354236132766426,3.922491958235794,1.8631777449774787,1.4813499450683594,44.59252058911201,41.319610595703125,0.23973442893475294
987,32899671,32933004,9566571,9599904,10677,10677,0.7027989959608407,True,5447,10677,2.307588598071584,0.0413315577119338,0.0413315577119338,-0.9489509906516579,0.10717953229367305,-0.29665563400718875,-0.6669218034494782,0.07532566768393535,-0.20848928172745676,1.6232994720254292,1.3931879997253418,40.858663103961646,39.65668487548828,0.19362455792725086
988,32933004,32966337,9599904,9633237,10502,10502,1.119682730378446,True,5373,10502,2.1666586487308876,0.035463168226149484,0.035463168226149484,-0.7324213189238022,0.3040637432270549,-0.6091832660485282,-0.820079502162904,0.34045492222677115,-0.6820919826325028,1.875277785124611,1.5248045921325684,39.20704269263886,34.02909278869629,0.22924848506227136
989,32966337,32999670,9633237,9666570,12290,12290,2.1126636481853764,True,11354,12290,3.603129516994768,0.05999544499242563,0.05999544499242563,-0.8569439589920952,0.10187220070950591,0.5052416311695778,-1.8104343506970682,0.21522169519990397,1.0674056277232706,1.4146843820430286,1.164372980594635,42.02520873843411,40.40189552307129,0.21765735326334834
990,32999670,33033003,9666570,9699903,11701,11701,1.287660641651142,True,10489,11701,2.4163336534558253,0.048743256914580604,0.048743256914580604,-0.7954530159508403,-0.2804234135038697,0.5372310569672922,-1.0242735409243138,-0.3610901925670023,0.6917712875305856,1.7803077845655588,1.4768097400665283,42.469448311778585,38.993927001953125,0.27119741309434175
991,33033003,33066336,9699903,9733236,11979,11972,1.1620924621806878,True,7111,11972,1.8337464436338193,0.037502282625225904,0.037502282625225904,0.080224428416354,0.6770787191288611,-0.7315247426981136,0.09322820354579764,0.7868280758059678,-0.8500993893917786,2.288035416372109,1.649843692779541,41.1512427575366,39.78139305114746,0.3058465360663831
992,33066336,33099669,9733236,9766569,11607,11607,0.9143361245933911,True,7066,11607,2.8194506635392376,0.03762850758291273,0.03762850758291273,-0.4042727785918885,-0.5644243111158873,0.7197143304857392,-0.3696412056571252,-0.516073537253134,0.6580608117521103,2.3810111442841593,1.777599811553955,35.55939486181437,29.184389114379883,0.4115068409591913
993,33099669,33133002,9766569,9799902,12535,12535,1.3543117678099084,True,6668,12535,0.5774409065184344,0.03842946961627936,0.03842946961627936,-0.11549425703870807,0.4508213308393358,0.8851108429133688,-0.15641523142265046,0.6105526335380351,1.1987160303788247,2.0654687343018914,1.522696614265442,37.861398027083006,35.25641632080078,0.3102744249626994
994,33133002,33166335,9799902,9833235,11766,11762,0.9835017847473433,True,8038,11762,4.067536478120594,0.043242499821849106,0.043242499821849106,0.18369004574257577,-0.9160746147609486,-0.35646215406104975,0.18065948782885136,-0.9009610185826536,-0.35058116471529677,2.029882324434458,1.4617173075675964,35.39729258414536,33.97745132446289,0.296340836212039
995,33166335,33199668,9833235,9866568,14345,14345,1.445978965980247,True,12194,14345,3.158459228234358,0.05180787869691471,0.05180787869691471,-0.98937409270631,0.05413005036071662,-0.1349401434890042,-1.4306141275424624,0.07827091424923084,-0.19512060915191295,1.7716855505430074,1.410879135131836,47.57626198256377,45.652488708496094,0.2866274071857333
996,33199668,33233001,9866568,9899901,14045,14017,3.1040046186669703,True,12817,14017,2.0259922782923416,0.06386005943197749,0.06386005943197749,-0.5606962968849634,-0.081003183635814,0.824049844911388,-1.7404038952020193,-0.25143425613253034,2.557854524619139,1.5863528295729465,1.1418510675430298,38.73162774413052,31.955184936523438,0.3242431338876486
997,33233001,33266334,9899901,9933234,12796,12796,1.6640985709261302,True,10153,12796,1.5999399951474065,0.04864838641748538,0.04864838641748538,-0.7602148056065335,-0.35115629931969616,0.5465918978363197,-1.2650723716095058,-0.5843586958709024,0.9095827960712252,1.726625745355467,1.4208711981773376,50.03366738805625,49.034446716308594,0.281404091976583
998,33266334,33299667,9933234,9966567,13257,13257,3.745654165222816,True,12398,13257,1.8677799983009917,0.07779918655834255,0.07779918655834255,-0.492758559747957,-0.01666263487113734,0.8700065277874233,-1.8457031517705538,-0.06241246770871063,3.258743574580514,1.4485948120850363,1.1042543649673462,34.947380292520826,29.636470794677734,0.3367755822837353
999,33299667,33333000,9966567,9999900,15021,15021,1.4039652439610737,True,13707,15021,2.042829887307724,0.057901848843859474,0.057901848843859474,-0.8014518351196901,-0.030276195750610344,0.5972924810764685,-1.1252105212189298,-0.04250672655329684,0.8385778839121772,1.7564123074879558,1.4150488376617432,48.92433119889987,46.16039276123047,0.42120463913306594
1000,33333000,33366333,9999900,10033233,12001,12001,1.1521120863561212,True,7384,12001,1.2684113963519117,0.04707563077019637,0.04707563077019637,-0.7301963635920572,0.035777130505457236,0.682299983530656,-0.8412680559092955,0.04121926447055584,0.7860860575477441,1.5991711049867905,1.3110734224319458,43.25678385373861,35.86427307128906,0.3856181828305125
